<?xml version="1.0"?>
<!DOCTYPE pathway SYSTEM "http://www.genome.jp/kegg/xml/KGML_v0.6.1_.dtd">
<!-- Creation date: Jan 15 2009 03:48:03 +0900 (JST) -->
<pathway name="path:hsa00720" org="hsa" number="00720"
         title="Reductive carboxylate cycle (CO2 fixation)"
         image="http://www.genome.jp/kegg/pathway/hsa/hsa00720.gif"
         link="http://www.genome.jp/dbget-bin/show_pathway?hsa00720">
    <entry id="1" name="path:hsa00720" type="map"
        link="http://www.genome.jp/dbget-bin/get_linkdb?pathway+hsa00720">
        <graphics name="TITLE:Reductive carboxylate cycle (CO2 fixation)" fgcolor="#000000" bgcolor="#FFFFFF"
             type="roundrectangle" x="309" y="67" width="499" height="25"/>
    </entry>
    <entry id="2" name="path:hsa00252" type="map"
        link="http://www.genome.jp/kegg/pathway/hsa/hsa00252.html">
        <graphics name="Alanine and aspartate metabolism" fgcolor="#000000" bgcolor="#FFFFFF"
             type="roundrectangle" x="581" y="226" width="118" height="34"/>
    </entry>
    <entry id="3" name="path:hsa00920" type="map"
        link="http://www.genome.jp/kegg/pathway/hsa/hsa00920.html">
        <graphics name="Sulfur metabolism" fgcolor="#000000" bgcolor="#FFFFFF"
             type="roundrectangle" x="559" y="296" width="75" height="34"/>
    </entry>
    <entry id="4" name="path:hsa00251" type="map"
        link="http://www.genome.jp/kegg/pathway/hsa/hsa00251.html">
        <graphics name="Glutamate metabolism" fgcolor="#000000" bgcolor="#FFFFFF"
             type="roundrectangle" x="552" y="663" width="75" height="34"/>
    </entry>
    <entry id="5" name="hsa:4190 hsa:4191" type="gene" reaction="rn:R00342"
        link="http://www.genome.jp/dbget-bin/www_bget?hsa+4190+4191">
        <graphics name="MDH1..." fgcolor="#000000" bgcolor="#BFFFBF"
             type="rectangle" x="242" y="414" width="46" height="17"/>
    </entry>
    <entry id="6" name="hsa:2271" type="gene" reaction="rn:R01082"
        link="http://www.genome.jp/dbget-bin/www_bget?hsa+2271">
        <graphics name="FH" fgcolor="#000000" bgcolor="#BFFFBF"
             type="rectangle" x="218" y="478" width="46" height="17"/>
    </entry>
    <entry id="7" name="ko:K00239 ko:K00240 ko:K00241 ko:K00242 ko:K00244 ko:K00245 ko:K00246 ko:K00247" type="ortholog">
        <graphics name="K00239..." fgcolor="#000000" bgcolor="#FFFFFF"
             type="rectangle" x="224" y="536" width="46" height="17"/>
    </entry>
    <entry id="8" name="ko:K01902 ko:K01903" type="ortholog">
        <graphics name="K01902..." fgcolor="#000000" bgcolor="#FFFFFF"
             type="rectangle" x="280" y="611" width="46" height="17"/>
    </entry>
    <entry id="9" name="ko:K00174 ko:K00175 ko:K00176 ko:K00177" type="ortholog">
        <graphics name="K00174..." fgcolor="#000000" bgcolor="#FFFFFF"
             type="rectangle" x="406" y="628" width="46" height="17"/>
    </entry>
    <entry id="10" name="hsa:3417 hsa:3418" type="gene" reaction="rn:R00267"
        link="http://www.genome.jp/dbget-bin/www_bget?hsa+3417+3418">
        <graphics name="IDH1..." fgcolor="#000000" bgcolor="#BFFFBF"
             type="rectangle" x="480" y="558" width="46" height="17"/>
    </entry>
    <entry id="11" name="hsa:48 hsa:50" type="gene" reaction="rn:R01900"
        link="http://www.genome.jp/dbget-bin/www_bget?hsa+48+50">
        <graphics name="ACO1..." fgcolor="#000000" bgcolor="#BFFFBF"
             type="rectangle" x="493" y="483" width="46" height="17"/>
    </entry>
    <entry id="12" name="hsa:48 hsa:50" type="gene" reaction="rn:R01325"
        link="http://www.genome.jp/dbget-bin/www_bget?hsa+48+50">
        <graphics name="ACO1..." fgcolor="#000000" bgcolor="#BFFFBF"
             type="rectangle" x="450" y="398" width="46" height="17"/>
    </entry>
    <entry id="13" name="hsa:47" type="gene" reaction="rn:R00352"
        link="http://www.genome.jp/dbget-bin/www_bget?hsa+47">
        <graphics name="ACLY" fgcolor="#000000" bgcolor="#BFFFBF"
             type="rectangle" x="367" y="359" width="46" height="17"/>
    </entry>
    <entry id="14" name="hsa:55902 hsa:84532" type="gene" reaction="rn:R00235"
        link="http://www.genome.jp/dbget-bin/www_bget?hsa+55902+84532">
        <graphics name="ACSS2..." fgcolor="#000000" bgcolor="#BFFFBF"
             type="rectangle" x="395" y="296" width="46" height="17"/>
    </entry>
    <entry id="15" name="ko:K00169 ko:K00170 ko:K00171 ko:K00172" type="ortholog">
        <graphics name="K00169..." fgcolor="#000000" bgcolor="#FFFFFF"
             type="rectangle" x="339" y="256" width="46" height="17"/>
    </entry>
    <entry id="16" name="ko:K00259" type="ortholog">
        <graphics name="K00259" fgcolor="#000000" bgcolor="#FFFFFF"
             type="rectangle" x="385" y="225" width="46" height="17"/>
    </entry>
    <entry id="17" name="ko:K01007" type="ortholog">
        <graphics name="K01007" fgcolor="#000000" bgcolor="#FFFFFF"
             type="rectangle" x="339" y="193" width="46" height="17"/>
    </entry>
    <entry id="18" name="ko:K01595" type="ortholog">
        <graphics name="K01595" fgcolor="#000000" bgcolor="#FFFFFF"
             type="rectangle" x="268" y="259" width="46" height="17"/>
    </entry>
    <entry id="19" name="path:hsa00252" type="map"
        link="http://www.genome.jp/kegg/pathway/hsa/hsa00252.html">
        <graphics name="Alanine and aspartate metabolism" fgcolor="#000000" bgcolor="#FFFFFF"
             type="roundrectangle" x="95" y="387" width="117" height="34"/>
    </entry>
    <entry id="20" name="path:map00710" type="map"
        link="http://www.genome.jp/kegg/pathway/map/map00710.html">
        <graphics name="Carbon fixation in photosynthetic organisms" fgcolor="#000000" bgcolor="#FFFFFF"
             type="roundrectangle" x="125" y="130" width="97" height="25"/>
    </entry>
    <entry id="21" name="cpd:C00011" type="compound"
        link="http://www.genome.jp/dbget-bin/www_bget?compound+C00011">
        <graphics name="C00011" fgcolor="#000000" bgcolor="#FFFFFF"
             type="circle" x="267" y="131" width="8" height="8"/>
    </entry>
    <entry id="22" name="cpd:C00074" type="compound"
        link="http://www.genome.jp/dbget-bin/www_bget?compound+C00074">
        <graphics name="C00074" fgcolor="#000000" bgcolor="#FFFFFF"
             type="circle" x="338" y="154" width="8" height="8"/>
    </entry>
    <entry id="23" name="cpd:C00022" type="compound"
        link="http://www.genome.jp/dbget-bin/www_bget?compound+C00022">
        <graphics name="C00022" fgcolor="#000000" bgcolor="#FFFFFF"
             type="circle" x="338" y="225" width="8" height="8"/>
    </entry>
    <entry id="24" name="cpd:C00041" type="compound"
        link="http://www.genome.jp/dbget-bin/www_bget?compound+C00041">
        <graphics name="C00041" fgcolor="#000000" bgcolor="#FFFFFF"
             type="circle" x="444" y="225" width="8" height="8"/>
    </entry>
    <entry id="25" name="cpd:C00024" type="compound"
        link="http://www.genome.jp/dbget-bin/www_bget?compound+C00024">
        <graphics name="C00024" fgcolor="#000000" bgcolor="#FFFFFF"
             type="circle" x="338" y="296" width="8" height="8"/>
    </entry>
    <entry id="26" name="cpd:C00011" type="compound"
        link="http://www.genome.jp/dbget-bin/www_bget?compound+C00011">
        <graphics name="C00011" fgcolor="#000000" bgcolor="#FFFFFF"
             type="circle" x="384" y="275" width="8" height="8"/>
    </entry>
    <entry id="27" name="cpd:C00033" type="compound"
        link="http://www.genome.jp/dbget-bin/www_bget?compound+C00033">
        <graphics name="C00033" fgcolor="#000000" bgcolor="#FFFFFF"
             type="circle" x="444" y="296" width="8" height="8"/>
    </entry>
    <entry id="28" name="cpd:C00158" type="compound"
        link="http://www.genome.jp/dbget-bin/www_bget?compound+C00158">
        <graphics name="C00158" fgcolor="#000000" bgcolor="#FFFFFF"
             type="circle" x="403" y="365" width="8" height="8"/>
    </entry>
    <entry id="29" name="cpd:C00036" type="compound"
        link="http://www.genome.jp/dbget-bin/www_bget?compound+C00036">
        <graphics name="C00036" fgcolor="#000000" bgcolor="#FFFFFF"
             type="circle" x="267" y="386" width="8" height="8"/>
    </entry>
    <entry id="30" name="cpd:C00149" type="compound"
        link="http://www.genome.jp/dbget-bin/www_bget?compound+C00149">
        <graphics name="C00149" fgcolor="#000000" bgcolor="#FFFFFF"
             type="circle" x="220" y="454" width="8" height="8"/>
    </entry>
    <entry id="31" name="cpd:C00417" type="compound"
        link="http://www.genome.jp/dbget-bin/www_bget?compound+C00417">
        <graphics name="C00417" fgcolor="#000000" bgcolor="#FFFFFF"
             type="circle" x="479" y="433" width="8" height="8"/>
    </entry>
    <entry id="32" name="cpd:C00311" type="compound"
        link="http://www.genome.jp/dbget-bin/www_bget?compound+C00311">
        <graphics name="C00311" fgcolor="#000000" bgcolor="#FFFFFF"
             type="circle" x="492" y="521" width="8" height="8"/>
    </entry>
    <entry id="33" name="cpd:C00122" type="compound"
        link="http://www.genome.jp/dbget-bin/www_bget?compound+C00122">
        <graphics name="C00122" fgcolor="#000000" bgcolor="#FFFFFF"
             type="circle" x="215" y="510" width="8" height="8"/>
    </entry>
    <entry id="34" name="cpd:C00042" type="compound"
        link="http://www.genome.jp/dbget-bin/www_bget?compound+C00042">
        <graphics name="C00042" fgcolor="#000000" bgcolor="#FFFFFF"
             type="circle" x="237" y="574" width="8" height="8"/>
    </entry>
    <entry id="35" name="cpd:C00091" type="compound"
        link="http://www.genome.jp/dbget-bin/www_bget?compound+C00091">
        <graphics name="C00091" fgcolor="#000000" bgcolor="#FFFFFF"
             type="circle" x="345" y="635" width="8" height="8"/>
    </entry>
    <entry id="36" name="cpd:C00011" type="compound"
        link="http://www.genome.jp/dbget-bin/www_bget?compound+C00011">
        <graphics name="C00011" fgcolor="#000000" bgcolor="#FFFFFF"
             type="circle" x="377" y="593" width="8" height="8"/>
    </entry>
    <entry id="37" name="cpd:C00138" type="compound"
        link="http://www.genome.jp/dbget-bin/www_bget?compound+C00138">
        <graphics name="C00138" fgcolor="#000000" bgcolor="#FFFFFF"
             type="circle" x="377" y="674" width="8" height="8"/>
    </entry>
    <entry id="38" name="cpd:C00026" type="compound"
        link="http://www.genome.jp/dbget-bin/www_bget?compound+C00026">
        <graphics name="C00026" fgcolor="#000000" bgcolor="#FFFFFF"
             type="circle" x="460" y="587" width="8" height="8"/>
    </entry>
    <entry id="39" name="cpd:C00011" type="compound"
        link="http://www.genome.jp/dbget-bin/www_bget?compound+C00011">
        <graphics name="C00011" fgcolor="#000000" bgcolor="#FFFFFF"
             type="circle" x="546" y="576" width="8" height="8"/>
    </entry>
    <relation entry1="12" entry2="13" type="ECrel">
        <subtype name="compound" value="28"/>
    </relation>
    <relation entry1="10" entry2="11" type="ECrel">
        <subtype name="compound" value="32"/>
    </relation>
    <relation entry1="5" entry2="6" type="ECrel">
        <subtype name="compound" value="30"/>
    </relation>
    <relation entry1="5" entry2="13" type="ECrel">
        <subtype name="compound" value="29"/>
    </relation>
    <relation entry1="13" entry2="14" type="ECrel">
        <subtype name="compound" value="25"/>
    </relation>
    <relation entry1="14" entry2="3" type="maplink">
        <subtype name="compound" value="27"/>
    </relation>
    <relation entry1="13" entry2="19" type="maplink">
        <subtype name="compound" value="29"/>
    </relation>
    <relation entry1="5" entry2="19" type="maplink">
        <subtype name="compound" value="29"/>
    </relation>
    <relation entry1="10" entry2="4" type="maplink">
        <subtype name="compound" value="38"/>
    </relation>
    <reaction name="rn:R00342" type="irreversible">
        <substrate name="cpd:C00036"/>
        <product name="cpd:C00149"/>
    </reaction>
    <reaction name="rn:R01082" type="irreversible">
        <substrate name="cpd:C00149"/>
        <product name="cpd:C00122"/>
    </reaction>
    <reaction name="rn:R00267" type="irreversible">
        <substrate name="cpd:C00011"/>
        <substrate name="cpd:C00026"/>
        <product name="cpd:C00311"/>
    </reaction>
    <reaction name="rn:R01900" type="irreversible">
        <substrate name="cpd:C00311"/>
        <product name="cpd:C00417"/>
    </reaction>
    <reaction name="rn:R01325" type="irreversible">
        <substrate name="cpd:C00417"/>
        <product name="cpd:C00158"/>
    </reaction>
    <reaction name="rn:R00352" type="irreversible">
        <substrate name="cpd:C00158"/>
        <product name="cpd:C00036"/>
        <product name="cpd:C00024"/>
    </reaction>
    <reaction name="rn:R00235" type="irreversible">
        <substrate name="cpd:C00033"/>
        <product name="cpd:C00024"/>
    </reaction>
</pathway>
