<?xml version="1.0"?>
<!DOCTYPE pathway SYSTEM "http://www.genome.jp/kegg/xml/KGML_v0.6.1_.dtd">
<!-- Creation date: Sep 30 2008 05:03:09 +0900 (JST) -->
<pathway name="path:hsa03050" org="hsa" number="03050"
         title="Proteasome"
         image="http://www.genome.jp/kegg/pathway/hsa/hsa03050.gif"
         link="http://www.genome.jp/dbget-bin/show_pathway?hsa03050">
    <entry id="1" name="path:hsa03050" type="map"
        link="http://www.genome.jp/dbget-bin/get_linkdb?pathway+hsa03050">
        <graphics name="TITLE:Proteasome" fgcolor="#000000" bgcolor="#FFFFFF"
             type="roundrectangle" x="225" y="36" width="114" height="27"/>
    </entry>
    <entry id="2" name="hsa:5708" type="gene"
        link="http://www.genome.jp/dbget-bin/www_bget?hsa+5708">
        <graphics name="PSMD2" fgcolor="#000000" bgcolor="#BFFFBF"
             type="rectangle" x="90" y="390" width="45" height="17"/>
    </entry>
    <entry id="3" name="hsa:5707" type="gene"
        link="http://www.genome.jp/dbget-bin/www_bget?hsa+5707">
        <graphics name="PSMD1" fgcolor="#000000" bgcolor="#BFFFBF"
             type="rectangle" x="135" y="390" width="45" height="17"/>
    </entry>
    <entry id="4" name="ko:K03033" type="ortholog">
        <graphics name="K03033" fgcolor="#000000" bgcolor="#FFFFFF"
             type="rectangle" x="180" y="390" width="45" height="17"/>
    </entry>
    <entry id="5" name="hsa:5718" type="gene"
        link="http://www.genome.jp/dbget-bin/www_bget?hsa+5718">
        <graphics name="PSMD12" fgcolor="#000000" bgcolor="#BFFFBF"
             type="rectangle" x="270" y="390" width="45" height="17"/>
    </entry>
    <entry id="6" name="hsa:5717" type="gene"
        link="http://www.genome.jp/dbget-bin/www_bget?hsa+5717">
        <graphics name="PSMD11" fgcolor="#000000" bgcolor="#BFFFBF"
             type="rectangle" x="315" y="390" width="45" height="17"/>
    </entry>
    <entry id="7" name="hsa:9861" type="gene"
        link="http://www.genome.jp/dbget-bin/www_bget?hsa+9861">
        <graphics name="PSMD6" fgcolor="#000000" bgcolor="#BFFFBF"
             type="rectangle" x="90" y="407" width="45" height="17"/>
    </entry>
    <entry id="8" name="ko:K03038" type="ortholog">
        <graphics name="K03038" fgcolor="#000000" bgcolor="#FFFFFF"
             type="rectangle" x="135" y="407" width="45" height="17"/>
    </entry>
    <entry id="9" name="hsa:5719" type="gene"
        link="http://www.genome.jp/dbget-bin/www_bget?hsa+5719">
        <graphics name="PSMD13" fgcolor="#000000" bgcolor="#BFFFBF"
             type="rectangle" x="180" y="407" width="45" height="17"/>
    </entry>
    <entry id="10" name="ko:K03029" type="ortholog">
        <graphics name="K03029" fgcolor="#000000" bgcolor="#FFFFFF"
             type="rectangle" x="225" y="407" width="45" height="17"/>
    </entry>
    <entry id="11" name="ko:K03030" type="ortholog">
        <graphics name="K03030" fgcolor="#000000" bgcolor="#FFFFFF"
             type="rectangle" x="270" y="407" width="45" height="17"/>
    </entry>
    <entry id="12" name="ko:K03031" type="ortholog">
        <graphics name="K03031" fgcolor="#000000" bgcolor="#FFFFFF"
             type="rectangle" x="315" y="407" width="45" height="17"/>
    </entry>
    <entry id="13" name="hsa:5701" type="gene"
        link="http://www.genome.jp/dbget-bin/www_bget?hsa+5701">
        <graphics name="PSMC2" fgcolor="#000000" bgcolor="#BFFFBF"
             type="rectangle" x="90" y="424" width="45" height="17"/>
    </entry>
    <entry id="14" name="ko:K03062" type="ortholog">
        <graphics name="K03062" fgcolor="#000000" bgcolor="#FFFFFF"
             type="rectangle" x="135" y="424" width="45" height="17"/>
    </entry>
    <entry id="15" name="ko:K03063" type="ortholog">
        <graphics name="K03063" fgcolor="#000000" bgcolor="#FFFFFF"
             type="rectangle" x="180" y="424" width="45" height="17"/>
    </entry>
    <entry id="16" name="ko:K03064" type="ortholog">
        <graphics name="K03064" fgcolor="#000000" bgcolor="#FFFFFF"
             type="rectangle" x="225" y="424" width="45" height="17"/>
    </entry>
    <entry id="17" name="hsa:5702" type="gene"
        link="http://www.genome.jp/dbget-bin/www_bget?hsa+5702">
        <graphics name="PSMC3" fgcolor="#000000" bgcolor="#BFFFBF"
             type="rectangle" x="270" y="424" width="45" height="17"/>
    </entry>
    <entry id="18" name="ko:K03066" type="ortholog">
        <graphics name="K03066" fgcolor="#000000" bgcolor="#FFFFFF"
             type="rectangle" x="315" y="424" width="45" height="17"/>
    </entry>
    <entry id="19" name="hsa:5687" type="gene"
        link="http://www.genome.jp/dbget-bin/www_bget?hsa+5687">
        <graphics name="PSMA6" fgcolor="#000000" bgcolor="#BFFFBF"
             type="rectangle" x="90" y="441" width="45" height="17"/>
    </entry>
    <entry id="20" name="hsa:5683" type="gene"
        link="http://www.genome.jp/dbget-bin/www_bget?hsa+5683">
        <graphics name="PSMA2" fgcolor="#000000" bgcolor="#BFFFBF"
             type="rectangle" x="135" y="441" width="45" height="17"/>
    </entry>
    <entry id="21" name="hsa:5685" type="gene"
        link="http://www.genome.jp/dbget-bin/www_bget?hsa+5685">
        <graphics name="PSMA4" fgcolor="#000000" bgcolor="#BFFFBF"
             type="rectangle" x="180" y="441" width="45" height="17"/>
    </entry>
    <entry id="22" name="hsa:5688" type="gene"
        link="http://www.genome.jp/dbget-bin/www_bget?hsa+5688">
        <graphics name="PSMA7" fgcolor="#000000" bgcolor="#BFFFBF"
             type="rectangle" x="225" y="441" width="45" height="17"/>
    </entry>
    <entry id="23" name="hsa:5686" type="gene"
        link="http://www.genome.jp/dbget-bin/www_bget?hsa+5686">
        <graphics name="PSMA5" fgcolor="#000000" bgcolor="#BFFFBF"
             type="rectangle" x="270" y="441" width="45" height="17"/>
    </entry>
    <entry id="24" name="hsa:5682" type="gene"
        link="http://www.genome.jp/dbget-bin/www_bget?hsa+5682">
        <graphics name="PSMA1" fgcolor="#000000" bgcolor="#BFFFBF"
             type="rectangle" x="315" y="441" width="45" height="17"/>
    </entry>
    <entry id="25" name="hsa:5684" type="gene"
        link="http://www.genome.jp/dbget-bin/www_bget?hsa+5684">
        <graphics name="PSMA3" fgcolor="#000000" bgcolor="#BFFFBF"
             type="rectangle" x="360" y="441" width="45" height="17"/>
    </entry>
    <entry id="26" name="hsa:5694" type="gene"
        link="http://www.genome.jp/dbget-bin/www_bget?hsa+5694">
        <graphics name="PSMB6" fgcolor="#000000" bgcolor="#BFFFBF"
             type="rectangle" x="90" y="458" width="45" height="17"/>
    </entry>
    <entry id="27" name="hsa:5695" type="gene"
        link="http://www.genome.jp/dbget-bin/www_bget?hsa+5695">
        <graphics name="PSMB7" fgcolor="#000000" bgcolor="#BFFFBF"
             type="rectangle" x="135" y="458" width="45" height="17"/>
    </entry>
    <entry id="28" name="hsa:5691" type="gene"
        link="http://www.genome.jp/dbget-bin/www_bget?hsa+5691">
        <graphics name="PSMB3" fgcolor="#000000" bgcolor="#BFFFBF"
             type="rectangle" x="180" y="458" width="45" height="17"/>
    </entry>
    <entry id="29" name="hsa:5690" type="gene"
        link="http://www.genome.jp/dbget-bin/www_bget?hsa+5690">
        <graphics name="PSMB2" fgcolor="#000000" bgcolor="#BFFFBF"
             type="rectangle" x="225" y="458" width="45" height="17"/>
    </entry>
    <entry id="30" name="hsa:5693" type="gene"
        link="http://www.genome.jp/dbget-bin/www_bget?hsa+5693">
        <graphics name="PSMB5" fgcolor="#000000" bgcolor="#BFFFBF"
             type="rectangle" x="270" y="458" width="45" height="17"/>
    </entry>
    <entry id="31" name="hsa:5689" type="gene"
        link="http://www.genome.jp/dbget-bin/www_bget?hsa+5689">
        <graphics name="PSMB1" fgcolor="#000000" bgcolor="#BFFFBF"
             type="rectangle" x="315" y="458" width="45" height="17"/>
    </entry>
    <entry id="32" name="hsa:5692" type="gene"
        link="http://www.genome.jp/dbget-bin/www_bget?hsa+5692">
        <graphics name="PSMB4" fgcolor="#000000" bgcolor="#BFFFBF"
             type="rectangle" x="360" y="458" width="45" height="17"/>
    </entry>
    <entry id="33" name="ko:K03034" type="ortholog">
        <graphics name="K03034" fgcolor="#000000" bgcolor="#FFFFFF"
             type="rectangle" x="225" y="390" width="45" height="17"/>
    </entry>
</pathway>
