<?xml version="1.0"?>
<!DOCTYPE pathway SYSTEM "http://www.genome.jp/kegg/xml/KGML_v0.6.1_.dtd">
<!-- Creation date: Jul 30 2008 19:30:25 +0900 (JST) -->
<pathway name="path:hsa05020" org="hsa" number="05020"
         title="Parkinson's disease"
         image="http://www.genome.jp/kegg/pathway/hsa/hsa05020.gif"
         link="http://www.genome.jp/dbget-bin/show_pathway?hsa05020">
    <entry id="1" name="hsa:1565" type="gene"
        link="http://www.genome.jp/dbget-bin/www_bget?hsa+1565">
        <graphics name="CYP2D6, CYP2DL1" fgcolor="#000000" bgcolor="#BFFFBF"
             type="rectangle" x="471" y="53" width="45" height="17"/>
    </entry>
    <entry id="2" name="hsa:11315" type="gene"
        link="http://www.genome.jp/dbget-bin/www_bget?hsa+11315">
        <graphics name="PARK7" fgcolor="#000000" bgcolor="#BFFFBF"
             type="rectangle" x="409" y="407" width="45" height="17"/>
    </entry>
    <entry id="3" name="hsa:65018" type="gene"
        link="http://www.genome.jp/dbget-bin/www_bget?hsa+65018">
        <graphics name="PINK1, PARK6" fgcolor="#000000" bgcolor="#BFFFBF"
             type="rectangle" x="409" y="379" width="45" height="17"/>
    </entry>
    <entry id="4" name="path:hsa04210" type="map"
        link="http://www.genome.jp/kegg/pathway/hsa/hsa04210.html">
        <graphics name="Apoptosis" fgcolor="#000000" bgcolor="#FFFFFF"
             type="roundrectangle" x="673" y="271" width="69" height="26"/>
    </entry>
    <entry id="5" name="hsa:7054" type="gene"
        link="http://www.genome.jp/dbget-bin/www_bget?hsa+7054">
        <graphics name="TH" fgcolor="#000000" bgcolor="#BFFFBF"
             type="rectangle" x="328" y="127" width="46" height="17"/>
    </entry>
    <entry id="6" name="hsa:9627" type="gene"
        link="http://www.genome.jp/dbget-bin/www_bget?hsa+9627">
        <graphics name="SNCAIP" fgcolor="#000000" bgcolor="#BFFFBF"
             type="rectangle" x="409" y="292" width="45" height="17"/>
    </entry>
    <entry id="7" name="hsa:2861" type="gene"
        link="http://www.genome.jp/dbget-bin/www_bget?hsa+2861">
        <graphics name="GPR37" fgcolor="#000000" bgcolor="#BFFFBF"
             type="rectangle" x="410" y="340" width="46" height="16"/>
    </entry>
    <entry id="8" name="hsa:7326 hsa:7327" type="gene"
        link="http://www.genome.jp/dbget-bin/www_bget?hsa+7326+7327">
        <graphics name="UBE2G1, UBE2G..." fgcolor="#000000" bgcolor="#BFFFBF"
             type="rectangle" x="211" y="352" width="45" height="17"/>
    </entry>
    <entry id="9" name="hsa:5071" type="gene"
        link="http://www.genome.jp/dbget-bin/www_bget?hsa+5071">
        <graphics name="PARK2" fgcolor="#000000" bgcolor="#BFFFBF"
             type="rectangle" x="308" y="339" width="45" height="17"/>
    </entry>
    <entry id="10" name="hsa:6622" type="gene"
        link="http://www.genome.jp/dbget-bin/www_bget?hsa+6622">
        <graphics name="SNCA" fgcolor="#000000" bgcolor="#BFFFBF"
             type="rectangle" x="407" y="127" width="45" height="17"/>
    </entry>
    <entry id="11" name="hsa:5413" type="gene"
        link="http://www.genome.jp/dbget-bin/www_bget?hsa+5413">
        <graphics name="SEPT5, PNUTL1" fgcolor="#000000" bgcolor="#BFFFBF"
             type="rectangle" x="409" y="255" width="45" height="17"/>
    </entry>
    <entry id="12" name="hsa:7345" type="gene"
        link="http://www.genome.jp/dbget-bin/www_bget?hsa+7345">
        <graphics name="UCHL1, PARK5" fgcolor="#000000" bgcolor="#BFFFBF"
             type="rectangle" x="308" y="198" width="45" height="17"/>
    </entry>
    <entry id="13" name="hsa:7314" type="gene"
        link="http://www.genome.jp/dbget-bin/www_bget?hsa+7314">
        <graphics name="UBB" fgcolor="#000000" bgcolor="#BFFFBF"
             type="rectangle" x="69" y="255" width="46" height="17"/>
    </entry>
    <entry id="14" name="hsa:118424 hsa:51465" type="gene"
        link="http://www.genome.jp/dbget-bin/www_bget?hsa+118424+51465">
        <graphics name="UBE2J2..." fgcolor="#000000" bgcolor="#BFFFBF"
             type="rectangle" x="211" y="327" width="45" height="17"/>
    </entry>
    <entry id="15" name="path:hsa05020" type="map"
        link="http://www.genome.jp/dbget-bin/get_linkdb?pathway+hsa05020">
        <graphics name="TITLE:Parkinson's disease" fgcolor="#000000" bgcolor="#FFFFFF"
             type="roundrectangle" x="139" y="40" width="180" height="26"/>
    </entry>
    <entry id="16" name="hsa:9246" type="gene"
        link="http://www.genome.jp/dbget-bin/www_bget?hsa+9246">
        <graphics name="UBE2L6" fgcolor="#000000" bgcolor="#BFFFBF"
             type="rectangle" x="211" y="267" width="45" height="17"/>
    </entry>
    <entry id="17" name="hsa:5071" type="gene"
        link="http://www.genome.jp/dbget-bin/www_bget?hsa+5071">
        <graphics name="PARK2" fgcolor="#000000" bgcolor="#BFFFBF"
             type="rectangle" x="309" y="255" width="46" height="17"/>
    </entry>
    <entry id="18" name="hsa:6804" type="gene"
        link="http://www.genome.jp/dbget-bin/www_bget?hsa+6804">
        <graphics name="STX1A, STX1" fgcolor="#000000" bgcolor="#BFFFBF"
             type="rectangle" x="439" y="232" width="46" height="17"/>
    </entry>
    <entry id="19" name="hsa:7317 hsa:7318" type="gene"
        link="http://www.genome.jp/dbget-bin/www_bget?hsa+7317+7318">
        <graphics name="UBA1, A1S9T, GXP1, UBE1..." fgcolor="#000000" bgcolor="#BFFFBF"
             type="rectangle" x="126" y="255" width="46" height="17"/>
    </entry>
    <entry id="20" name="hsa:7332" type="gene"
        link="http://www.genome.jp/dbget-bin/www_bget?hsa+7332">
        <graphics name="UBE2L3" fgcolor="#000000" bgcolor="#BFFFBF"
             type="rectangle" x="211" y="241" width="45" height="17"/>
    </entry>
    <entry id="21" name="cpd:C03758" type="compound"
        link="http://www.genome.jp/dbget-bin/www_bget?compound+C03758">
        <graphics name="C03758" fgcolor="#000000" bgcolor="#FFFFFF"
             type="circle" x="539" y="44" width="8" height="8"/>
    </entry>
    <relation entry1="13" entry2="19" type="PPrel">
        <subtype name="binding/association" value="---"/>
    </relation>
    <relation entry1="19" entry2="14" type="PPrel">
        <subtype name="ubiquination" value="+u"/>
    </relation>
    <relation entry1="9" entry2="7" type="PPrel">
        <subtype name="activation" value="-->"/>
    </relation>
    <relation entry1="17" entry2="11" type="PPrel">
        <subtype name="activation" value="-->"/>
    </relation>
    <relation entry1="17" entry2="6" type="PPrel">
        <subtype name="activation" value="-->"/>
    </relation>
    <relation entry1="11" entry2="18" type="PPrel">
        <subtype name="binding/association" value="---"/>
    </relation>
    <relation entry1="5" entry2="10" type="PPrel">
        <subtype name="binding/association" value="---"/>
    </relation>
</pathway>
