<?xml version="1.0"?>
<!DOCTYPE pathway SYSTEM "http://www.genome.jp/kegg/xml/KGML_v0.6.1_.dtd">
<!-- Creation date: Sep 30 2008 05:03:09 +0900 (JST) -->
<pathway name="path:hsa03060" org="hsa" number="03060"
         title="Protein export"
         image="http://www.genome.jp/kegg/pathway/hsa/hsa03060.gif"
         link="http://www.genome.jp/dbget-bin/show_pathway?hsa03060">
    <entry id="1" name="hsa:5018" type="gene"
        link="http://www.genome.jp/dbget-bin/www_bget?hsa+5018">
        <graphics name="OXA1L" fgcolor="#000000" bgcolor="#BFFFBF"
             type="rectangle" x="609" y="176" width="45" height="17"/>
    </entry>
    <entry id="2" name="ko:K03118" type="ortholog">
        <graphics name="K03118" fgcolor="#000000" bgcolor="#FFFFFF"
             type="rectangle" x="565" y="390" width="46" height="17"/>
    </entry>
    <entry id="3" name="ko:K03116" type="ortholog">
        <graphics name="K03116" fgcolor="#000000" bgcolor="#FFFFFF"
             type="rectangle" x="474" y="390" width="45" height="17"/>
    </entry>
    <entry id="4" name="ko:K03070" type="ortholog">
        <graphics name="K03070" fgcolor="#000000" bgcolor="#FFFFFF"
             type="rectangle" x="519" y="153" width="45" height="17"/>
    </entry>
    <entry id="5" name="ko:K03076" type="ortholog">
        <graphics name="K03076" fgcolor="#000000" bgcolor="#FFFFFF"
             type="rectangle" x="565" y="153" width="46" height="17"/>
    </entry>
    <entry id="6" name="ko:K03073" type="ortholog">
        <graphics name="K03073" fgcolor="#000000" bgcolor="#FFFFFF"
             type="rectangle" x="610" y="153" width="45" height="17"/>
    </entry>
    <entry id="7" name="ko:K03075" type="ortholog">
        <graphics name="K03075" fgcolor="#000000" bgcolor="#FFFFFF"
             type="rectangle" x="655" y="153" width="45" height="17"/>
    </entry>
    <entry id="8" name="ko:K03072" type="ortholog">
        <graphics name="K03072" fgcolor="#000000" bgcolor="#FFFFFF"
             type="rectangle" x="474" y="176" width="45" height="17"/>
    </entry>
    <entry id="9" name="ko:K03074" type="ortholog">
        <graphics name="K03074" fgcolor="#000000" bgcolor="#FFFFFF"
             type="rectangle" x="519" y="176" width="45" height="17"/>
    </entry>
    <entry id="10" name="ko:K03210" type="ortholog">
        <graphics name="K03210" fgcolor="#000000" bgcolor="#FFFFFF"
             type="rectangle" x="564" y="176" width="45" height="17"/>
    </entry>
    <entry id="11" name="hsa:157708 hsa:23478 hsa:90701" type="gene"
        link="http://www.genome.jp/dbget-bin/www_bget?hsa+157708+23478+90701">
        <graphics name="SEC11B, SEC11L2..." fgcolor="#000000" bgcolor="#BFFFBF"
             type="rectangle" x="474" y="241" width="45" height="17"/>
    </entry>
    <entry id="12" name="undefined:" type="undefined">
        <graphics name="3.4.23.36" fgcolor="#000000" bgcolor="#FFFFFF"
             type="rectangle" x="519" y="241" width="45" height="17"/>
    </entry>
    <entry id="13" name="hsa:6729" type="gene"
        link="http://www.genome.jp/dbget-bin/www_bget?hsa+6729">
        <graphics name="SRP54" fgcolor="#000000" bgcolor="#BFFFBF"
             type="rectangle" x="601" y="324" width="45" height="17"/>
    </entry>
    <entry id="14" name="hsa:6734" type="gene"
        link="http://www.genome.jp/dbget-bin/www_bget?hsa+6734">
        <graphics name="SRPR" fgcolor="#000000" bgcolor="#BFFFBF"
             type="rectangle" x="665" y="307" width="45" height="17"/>
    </entry>
    <entry id="15" name="path:hsa03060" type="map"
        link="http://www.genome.jp/dbget-bin/get_linkdb?pathway+hsa03060">
        <graphics name="TITLE:Protein export" fgcolor="#000000" bgcolor="#FFFFFF"
             type="roundrectangle" x="100" y="44" width="141" height="27"/>
    </entry>
    <entry id="16" name="ko:K03117" type="ortholog">
        <graphics name="K03117" fgcolor="#000000" bgcolor="#FFFFFF"
             type="rectangle" x="519" y="390" width="45" height="17"/>
    </entry>
    <entry id="17" name="ko:K01983" type="ortholog">
        <graphics name="K01983" fgcolor="#000000" bgcolor="#FFFFFF"
             type="rectangle" x="760" y="307" width="46" height="17"/>
    </entry>
    <entry id="18" name="ko:K03071" type="ortholog">
        <graphics name="K03071" fgcolor="#000000" bgcolor="#FFFFFF"
             type="rectangle" x="474" y="153" width="45" height="17"/>
    </entry>
    <entry id="19" name="hsa:6727" type="gene"
        link="http://www.genome.jp/dbget-bin/www_bget?hsa+6727">
        <graphics name="SRP14" fgcolor="#000000" bgcolor="#BFFFBF"
             type="rectangle" x="474" y="324" width="45" height="17"/>
    </entry>
    <entry id="20" name="hsa:6731" type="gene"
        link="http://www.genome.jp/dbget-bin/www_bget?hsa+6731">
        <graphics name="SRP72" fgcolor="#000000" bgcolor="#BFFFBF"
             type="rectangle" x="538" y="307" width="46" height="17"/>
    </entry>
    <entry id="21" name="hsa:6730" type="gene"
        link="http://www.genome.jp/dbget-bin/www_bget?hsa+6730">
        <graphics name="SRP68" fgcolor="#000000" bgcolor="#BFFFBF"
             type="rectangle" x="538" y="324" width="46" height="17"/>
    </entry>
    <entry id="22" name="hsa:6728" type="gene"
        link="http://www.genome.jp/dbget-bin/www_bget?hsa+6728">
        <graphics name="SRP19" fgcolor="#000000" bgcolor="#BFFFBF"
             type="rectangle" x="601" y="307" width="45" height="17"/>
    </entry>
    <entry id="23" name="hsa:653226 hsa:6726" type="gene"
        link="http://www.genome.jp/dbget-bin/www_bget?hsa+653226+6726">
        <graphics name="hCG_1781062, LOC653226..." fgcolor="#000000" bgcolor="#BFFFBF"
             type="rectangle" x="474" y="307" width="45" height="17"/>
    </entry>
    <entry id="24" name="ko:K03425" type="ortholog">
        <graphics name="K03425" fgcolor="#000000" bgcolor="#FFFFFF"
             type="rectangle" x="474" y="407" width="45" height="17"/>
    </entry>
</pathway>
