<?xml version="1.0"?>
<!DOCTYPE pathway SYSTEM "http://www.genome.jp/kegg/xml/KGML_v0.6.1_.dtd">
<!-- Creation date: Jul 30 2008 19:30:25 +0900 (JST) -->
<pathway name="path:hsa05131" org="hsa" number="05131"
         image="http://www.genome.jp/kegg/pathway/hsa/hsa05131.gif"
         link="http://www.genome.jp/dbget-bin/show_pathway?hsa05131">
    <entry id="1" name="hsa:929" type="gene"
        link="http://www.genome.jp/dbget-bin/www_bget?hsa+929">
        <graphics name="CD14" fgcolor="#000000" bgcolor="#BFFFBF"
             type="rectangle" x="413" y="297" width="45" height="17"/>
    </entry>
    <entry id="2" name="hsa:23643" type="gene"
        link="http://www.genome.jp/dbget-bin/www_bget?hsa+23643">
        <graphics name="LY96" fgcolor="#000000" bgcolor="#BFFFBF"
             type="rectangle" x="368" y="268" width="45" height="17"/>
    </entry>
    <entry id="3" name="path:map02040" type="map"
        link="http://www.genome.jp/kegg/pathway/map/map02040.html">
        <graphics name="Flagellar assembly" fgcolor="#000000" bgcolor="#FFFFFF"
             type="roundrectangle" x="125" y="235" width="113" height="25"/>
    </entry>
    <entry id="4" name="path:hsa04520" type="map"
        link="http://www.genome.jp/kegg/pathway/hsa/hsa04520.html">
        <graphics name="Adherens junction" fgcolor="#000000" bgcolor="#FFFFFF"
             type="roundrectangle" x="761" y="957" width="120" height="25"/>
    </entry>
    <entry id="5" name="path:hsa04530" type="map"
        link="http://www.genome.jp/kegg/pathway/hsa/hsa04530.html">
        <graphics name="Tight junction" fgcolor="#000000" bgcolor="#FFFFFF"
             type="roundrectangle" x="631" y="957" width="98" height="25"/>
    </entry>
    <entry id="7" name="path:hsa04620" type="map"
        link="http://www.genome.jp/kegg/pathway/hsa/hsa04620.html">
        <graphics name="Toll-like receptor signaling pathway" fgcolor="#000000" bgcolor="#FFFFFF"
             type="roundrectangle" x="583" y="247" width="132" height="38"/>
    </entry>
    <entry id="8" name="path:map03070" type="map"
        link="http://www.genome.jp/kegg/pathway/map/map03070.html">
        <graphics name="Type III secretion system" fgcolor="#000000" bgcolor="#FFFFFF"
             type="roundrectangle" x="270" y="344" width="185" height="38"/>
    </entry>
    <entry id="9" name="hsa:7099" type="gene"
        link="http://www.genome.jp/dbget-bin/www_bget?hsa+7099">
        <graphics name="TLR4" fgcolor="#000000" bgcolor="#BFFFBF"
             type="rectangle" x="413" y="259" width="45" height="17"/>
    </entry>
    <entry id="10" name="hsa:7100" type="gene"
        link="http://www.genome.jp/dbget-bin/www_bget?hsa+7100">
        <graphics name="TLR5" fgcolor="#000000" bgcolor="#BFFFBF"
             type="rectangle" x="413" y="235" width="45" height="17"/>
    </entry>
    <entry id="15" name="hsa:10376 hsa:112714 hsa:113457 hsa:51807 hsa:7277 hsa:7278 hsa:7846 hsa:79861 hsa:84790" type="gene"
        link="http://www.genome.jp/dbget-bin/www_bget?hsa+10376+112714+113457+51807+7277+7278+7846+79861+84790">
        <graphics name="TUBA1B..." fgcolor="#000000" bgcolor="#BFFFBF"
             type="rectangle" x="535" y="333" width="45" height="17"/>
    </entry>
    <entry id="17" name="hsa:999" type="gene"
        link="http://www.genome.jp/dbget-bin/www_bget?hsa+999">
        <graphics name="CDH1, UVO" fgcolor="#000000" bgcolor="#BFFFBF"
             type="rectangle" x="548" y="917" width="45" height="17"/>
    </entry>
    <entry id="18" name="hsa:10971" type="gene"
        link="http://www.genome.jp/dbget-bin/www_bget?hsa+10971">
        <graphics name="YWHAQ" fgcolor="#000000" bgcolor="#BFFFBF"
             type="rectangle" x="541" y="724" width="45" height="17"/>
    </entry>
    <entry id="19" name="path:hsa04210" type="map"
        link="http://www.genome.jp/kegg/pathway/hsa/hsa04210.html">
        <graphics name="Apoptosis" fgcolor="#000000" bgcolor="#FFFFFF"
             type="roundrectangle" x="772" y="796" width="73" height="25"/>
    </entry>
    <entry id="20" name="path:hsa04810" type="map"
        link="http://www.genome.jp/kegg/pathway/hsa/hsa04810.html">
        <graphics name="Regulation of actin cytoskeleton" fgcolor="#000000" bgcolor="#FFFFFF"
             type="roundrectangle" x="670" y="674" width="119" height="38"/>
    </entry>
    <entry id="21" name="path:hsa04810" type="map"
        link="http://www.genome.jp/kegg/pathway/hsa/hsa04810.html">
        <graphics name="Regulation of actin cytoskeleton" fgcolor="#000000" bgcolor="#FFFFFF"
             type="roundrectangle" x="804" y="445" width="119" height="38"/>
    </entry>
    <entry id="23" name="cpd:C00350" type="compound"
        link="http://www.genome.jp/dbget-bin/www_bget?compound+C00350">
        <graphics name="C00350" fgcolor="#000000" bgcolor="#FFFFFF"
             type="circle" x="413" y="200" width="8" height="8"/>
    </entry>
    <entry id="24" name="hsa:7534" type="gene"
        link="http://www.genome.jp/dbget-bin/www_bget?hsa+7534">
        <graphics name="YWHAZ" fgcolor="#000000" bgcolor="#BFFFBF"
             type="rectangle" x="541" y="769" width="45" height="17"/>
    </entry>
    <entry id="26" name="hsa:3875" type="gene"
        link="http://www.genome.jp/dbget-bin/www_bget?hsa+3875">
        <graphics name="KRT18" fgcolor="#000000" bgcolor="#BFFFBF"
             type="rectangle" x="541" y="747" width="45" height="17"/>
    </entry>
    <entry id="27" name="hsa:1499" type="gene"
        link="http://www.genome.jp/dbget-bin/www_bget?hsa+1499">
        <graphics name="CTNNB1, CTNNB" fgcolor="#000000" bgcolor="#BFFFBF"
             type="rectangle" x="637" y="917" width="45" height="17"/>
    </entry>
    <entry id="28" name="hsa:2017 hsa:3059" type="gene"
        link="http://www.genome.jp/dbget-bin/www_bget?hsa+2017+3059">
        <graphics name="CTTN, EMS1..." fgcolor="#000000" bgcolor="#BFFFBF"
             type="rectangle" x="625" y="545" width="45" height="17"/>
    </entry>
    <entry id="29" name="hsa:6093 hsa:9475" type="gene"
        link="http://www.genome.jp/dbget-bin/www_bget?hsa+6093+9475">
        <graphics name="ROCK1..." fgcolor="#000000" bgcolor="#BFFFBF"
             type="rectangle" x="800" y="378" width="45" height="17"/>
    </entry>
    <entry id="31" name="hsa:4950" type="gene"
        link="http://www.genome.jp/dbget-bin/www_bget?hsa+4950">
        <graphics name="OCLN" fgcolor="#000000" bgcolor="#BFFFBF"
             type="rectangle" x="548" y="852" width="45" height="17"/>
    </entry>
    <entry id="32" name="hsa:7430" type="gene"
        link="http://www.genome.jp/dbget-bin/www_bget?hsa+7430">
        <graphics name="EZR, VIL2" fgcolor="#000000" bgcolor="#BFFFBF"
             type="rectangle" x="548" y="872" width="45" height="17"/>
    </entry>
    <entry id="33" name="hsa:10092 hsa:81873" type="gene"
        link="http://www.genome.jp/dbget-bin/www_bget?hsa+10092+81873">
        <graphics name="ARPC5..." fgcolor="#000000" bgcolor="#BFFFBF"
             type="rectangle" x="712" y="506" width="45" height="17"/>
    </entry>
    <entry id="34" name="hsa:998" type="gene"
        link="http://www.genome.jp/dbget-bin/www_bget?hsa+998">
        <graphics name="CDC42" fgcolor="#000000" bgcolor="#BFFFBF"
             type="rectangle" x="542" y="674" width="45" height="17"/>
    </entry>
    <entry id="37" name="hsa:25 hsa:2534" type="gene"
        link="http://www.genome.jp/dbget-bin/www_bget?hsa+25+2534">
        <graphics name="ABL1, ABL..." fgcolor="#000000" bgcolor="#BFFFBF"
             type="rectangle" x="447" y="543" width="45" height="17"/>
    </entry>
    <entry id="38" name="hsa:5578" type="gene"
        link="http://www.genome.jp/dbget-bin/www_bget?hsa+5578">
        <graphics name="PRKCA, PKCA" fgcolor="#000000" bgcolor="#BFFFBF"
             type="rectangle" x="448" y="917" width="45" height="17"/>
    </entry>
    <entry id="39" name="hsa:7454 hsa:8976" type="gene"
        link="http://www.genome.jp/dbget-bin/www_bget?hsa+7454+8976">
        <graphics name="WAS, IMD2, THC..." fgcolor="#000000" bgcolor="#BFFFBF"
             type="rectangle" x="624" y="505" width="45" height="17"/>
    </entry>
    <entry id="41" name="hsa:9076" type="gene"
        link="http://www.genome.jp/dbget-bin/www_bget?hsa+9076">
        <graphics name="CLDN1" fgcolor="#000000" bgcolor="#BFFFBF"
             type="rectangle" x="548" y="892" width="45" height="17"/>
    </entry>
    <entry id="42" name="hsa:3688" type="gene"
        link="http://www.genome.jp/dbget-bin/www_bget?hsa+3688">
        <graphics name="ITGB1, FNRB, MSK12, MDF2" fgcolor="#000000" bgcolor="#BFFFBF"
             type="rectangle" x="359" y="586" width="45" height="17"/>
    </entry>
    <entry id="43" name="hsa:60 hsa:71" type="gene"
        link="http://www.genome.jp/dbget-bin/www_bget?hsa+60+71">
        <graphics name="ACTB..." fgcolor="#000000" bgcolor="#BFFFBF"
             type="rectangle" x="800" y="506" width="45" height="17"/>
    </entry>
    <entry id="44" name="hsa:4690 hsa:8440" type="gene"
        link="http://www.genome.jp/dbget-bin/www_bget?hsa+4690+8440">
        <graphics name="NCK1, NCK..." fgcolor="#000000" bgcolor="#BFFFBF"
             type="rectangle" x="535" y="538" width="45" height="17"/>
    </entry>
    <entry id="45" name="hsa:9181" type="gene"
        link="http://www.genome.jp/dbget-bin/www_bget?hsa+9181">
        <graphics name="ARHGEF2" fgcolor="#000000" bgcolor="#BFFFBF"
             type="rectangle" x="624" y="378" width="45" height="17"/>
    </entry>
    <entry id="47" name="hsa:387" type="gene"
        link="http://www.genome.jp/dbget-bin/www_bget?hsa+387">
        <graphics name="RHOA, ARH12, ARHA" fgcolor="#000000" bgcolor="#BFFFBF"
             type="rectangle" x="712" y="378" width="45" height="17"/>
    </entry>
    <entry id="48" name="hsa:4691" type="gene"
        link="http://www.genome.jp/dbget-bin/www_bget?hsa+4691">
        <graphics name="NCL" fgcolor="#000000" bgcolor="#BFFFBF"
             type="rectangle" x="359" y="553" width="45" height="17"/>
    </entry>
    <entry id="50" name="hsa:10381 hsa:10382 hsa:10383 hsa:203068 hsa:347688 hsa:347733 hsa:56604 hsa:7280 hsa:81027 hsa:84617" type="gene"
        link="http://www.genome.jp/dbget-bin/www_bget?hsa+10381+10382+10383+203068+347688+347733+56604+7280+81027+84617">
        <graphics name="TUBB3..." fgcolor="#000000" bgcolor="#BFFFBF"
             type="rectangle" x="535" y="353" width="45" height="17"/>
    </entry>
    <entry id="53" name="path:hsa05131" type="map"
        link="http://www.genome.jp/dbget-bin/get_linkdb?pathway+hsa05131">
        <graphics name="TITLE:" fgcolor="#000000" bgcolor="#FFFFFF"
             type="roundrectangle" x="211" y="40" width="326" height="26"/>
    </entry>
    <entry id="54" name="undefined" type="group">
        <graphics fgcolor="#000000" bgcolor="#FFFFFF"
             type="rectangle" x="391" y="264" width="110" height="46"/>
        <component id="2"/>
        <component id="9"/>
    </entry>
    <relation entry1="1" entry2="9" type="PPrel">
        <subtype name="activation" value="-->"/>
    </relation>
    <relation entry1="45" entry2="47" type="PPrel">
        <subtype name="activation" value="-->"/>
    </relation>
    <relation entry1="47" entry2="29" type="PPrel">
        <subtype name="activation" value="-->"/>
    </relation>
    <relation entry1="44" entry2="39" type="PPrel">
        <subtype name="activation" value="-->"/>
    </relation>
    <relation entry1="39" entry2="33" type="PPrel">
        <subtype name="activation" value="-->"/>
    </relation>
    <relation entry1="33" entry2="43" type="PPrel">
        <subtype name="activation" value="-->"/>
    </relation>
    <relation entry1="17" entry2="38" type="PPrel">
        <subtype name="binding/association" value="---"/>
    </relation>
    <relation entry1="17" entry2="27" type="PPrel">
        <subtype name="dissociation" value="-+-"/>
    </relation>
    <relation entry1="15" entry2="45" type="PPrel">
        <subtype name="activation" value="-->"/>
        <subtype name="indirect" value="..>"/>
    </relation>
    <relation entry1="50" entry2="45" type="PPrel">
        <subtype name="activation" value="-->"/>
        <subtype name="indirect" value="..>"/>
    </relation>
</pathway>
