<?xml version="1.0"?>
<!DOCTYPE pathway SYSTEM "http://www.genome.jp/kegg/xml/KGML_v0.6.1_.dtd">
<!-- Creation date: Aug 11 2008 11:07:58 +0900 (JST) -->
<pathway name="path:hsa00130" org="hsa" number="00130"
         title="Ubiquinone biosynthesis"
         image="http://www.genome.jp/kegg/pathway/hsa/hsa00130.gif"
         link="http://www.genome.jp/dbget-bin/show_pathway?hsa00130">
    <entry id="2" name="cpd:C03657" type="compound"
        link="http://www.genome.jp/dbget-bin/www_bget?compound+C03657">
        <graphics name="C03657" fgcolor="#000000" bgcolor="#FFFFFF"
             type="circle" x="625" y="529" width="8" height="8"/>
    </entry>
    <entry id="3" name="cpd:C06986" type="compound"
        link="http://www.genome.jp/dbget-bin/www_bget?compound+C06986">
        <graphics name="C06986" fgcolor="#000000" bgcolor="#FFFFFF"
             type="circle" x="586" y="343" width="8" height="8"/>
    </entry>
    <entry id="4" name="path:hsa00130" type="map"
        link="http://www.genome.jp/dbget-bin/get_linkdb?pathway+hsa00130">
        <graphics name="TITLE:Ubiquinone biosynthesis" fgcolor="#000000" bgcolor="#FFFFFF"
             type="roundrectangle" x="401" y="61" width="213" height="27"/>
    </entry>
    <entry id="5" name="path:hsa00400" type="map"
        link="http://www.genome.jp/kegg/pathway/hsa/hsa00400.html">
        <graphics name="Phenylalanine, tyrosine and tryptophan biosynthesis" fgcolor="#000000" bgcolor="#FFFFFF"
             type="roundrectangle" x="166" y="151" width="151" height="34"/>
    </entry>
    <entry id="6" name="undefined:" type="undefined">
        <graphics name="2.5.1.-" fgcolor="#000000" bgcolor="#FFFFFF"
             type="rectangle" x="721" y="561" width="46" height="17"/>
    </entry>
    <entry id="7" name="undefined:" type="undefined">
        <graphics name="2.1.1.-" fgcolor="#000000" bgcolor="#FFFFFF"
             type="rectangle" x="625" y="631" width="46" height="17"/>
    </entry>
    <entry id="8" name="undefined:" type="undefined">
        <graphics name="2.5.1.-" fgcolor="#000000" bgcolor="#FFFFFF"
             type="rectangle" x="625" y="560" width="46" height="17"/>
    </entry>
    <entry id="9" name="undefined:" type="undefined">
        <graphics name="4.1.3.36" fgcolor="#000000" bgcolor="#FFFFFF"
             type="rectangle" x="625" y="420" width="45" height="17"/>
    </entry>
    <entry id="10" name="undefined:" type="undefined">
        <graphics name="6.2.1.26" fgcolor="#000000" bgcolor="#FFFFFF"
             type="rectangle" x="625" y="342" width="45" height="17"/>
    </entry>
    <entry id="11" name="undefined:" type="undefined">
        <graphics name="4.2.1.113" fgcolor="#000000" bgcolor="#FFFFFF"
             type="rectangle" x="625" y="271" width="45" height="17"/>
    </entry>
    <entry id="13" name="undefined:" type="undefined">
        <graphics name="2.1.1.64" fgcolor="#000000" bgcolor="#FFFFFF"
             type="rectangle" x="441" y="698" width="45" height="17"/>
    </entry>
    <entry id="14" name="undefined:" type="undefined">
        <graphics name="1.14.13.-" fgcolor="#000000" bgcolor="#FFFFFF"
             type="rectangle" x="441" y="637" width="46" height="17"/>
    </entry>
    <entry id="15" name="undefined:" type="undefined">
        <graphics name="2.1.1.-" fgcolor="#000000" bgcolor="#FFFFFF"
             type="rectangle" x="441" y="577" width="46" height="17"/>
    </entry>
    <entry id="16" name="undefined:" type="undefined">
        <graphics name="1.14.13.-" fgcolor="#000000" bgcolor="#FFFFFF"
             type="rectangle" x="441" y="515" width="46" height="17"/>
    </entry>
    <entry id="17" name="undefined:" type="undefined">
        <graphics name="2.1.1.64" fgcolor="#000000" bgcolor="#FFFFFF"
             type="rectangle" x="441" y="453" width="46" height="17"/>
    </entry>
    <entry id="18" name="ko:K03688" type="ortholog">
        <graphics name="K03688" fgcolor="#000000" bgcolor="#FFFFFF"
             type="rectangle" x="441" y="392" width="45" height="17"/>
    </entry>
    <entry id="19" name="undefined:" type="undefined">
        <graphics name="4.1.1.-" fgcolor="#000000" bgcolor="#FFFFFF"
             type="rectangle" x="441" y="332" width="46" height="17"/>
    </entry>
    <entry id="20" name="undefined:" type="undefined">
        <graphics name="2.5.1.-" fgcolor="#000000" bgcolor="#FFFFFF"
             type="rectangle" x="441" y="272" width="45" height="17"/>
    </entry>
    <entry id="21" name="hsa:4535 hsa:4536 hsa:4537 hsa:4538 hsa:4539 hsa:4540 hsa:4541 hsa:51079 hsa:54539 hsa:55967" type="gene" reaction="rn:R02166"
        link="http://www.genome.jp/dbget-bin/www_bget?hsa+4535+4536+4537+4538+4539+4540+4541+51079+54539+55967">
        <graphics name="ND1, MT-ND1, MTND1..." fgcolor="#000000" bgcolor="#BFFFBF"
             type="rectangle" x="325" y="677" width="45" height="17"/>
    </entry>
    <entry id="22" name="hsa:51805" type="gene" reaction="rn:R02175"
        link="http://www.genome.jp/dbget-bin/www_bget?hsa+51805">
        <graphics name="COQ3" fgcolor="#000000" bgcolor="#BFFFBF"
             type="rectangle" x="210" y="698" width="46" height="17"/>
    </entry>
    <entry id="23" name="hsa:10229" type="gene" reaction="rn:R04984"
        link="http://www.genome.jp/dbget-bin/www_bget?hsa+10229">
        <graphics name="COQ7" fgcolor="#000000" bgcolor="#BFFFBF"
             type="rectangle" x="210" y="637" width="46" height="17"/>
    </entry>
    <entry id="24" name="hsa:84274" type="gene" reaction="rn:R04983"
        link="http://www.genome.jp/dbget-bin/www_bget?hsa+84274">
        <graphics name="COQ5" fgcolor="#000000" bgcolor="#BFFFBF"
             type="rectangle" x="210" y="577" width="46" height="17"/>
    </entry>
    <entry id="25" name="hsa:51004" type="gene" reaction="rn:R04982"
        link="http://www.genome.jp/dbget-bin/www_bget?hsa+51004">
        <graphics name="COQ6" fgcolor="#000000" bgcolor="#BFFFBF"
             type="rectangle" x="210" y="515" width="46" height="17"/>
    </entry>
    <entry id="26" name="hsa:51805" type="gene" reaction="rn:R04711"
        link="http://www.genome.jp/dbget-bin/www_bget?hsa+51805">
        <graphics name="COQ3" fgcolor="#000000" bgcolor="#BFFFBF"
             type="rectangle" x="210" y="391" width="45" height="17"/>
    </entry>
    <entry id="27" name="hsa:27235" type="gene" reaction="rn:R05616"
        link="http://www.genome.jp/dbget-bin/www_bget?hsa+27235">
        <graphics name="COQ2" fgcolor="#000000" bgcolor="#BFFFBF"
             type="rectangle" x="210" y="272" width="45" height="17"/>
    </entry>
    <entry id="28" name="undefined:" type="undefined">
        <graphics name="2.1.1.-" fgcolor="#000000" bgcolor="#FFFFFF"
             type="rectangle" x="721" y="631" width="46" height="17"/>
    </entry>
    <entry id="29" name="undefined:" type="undefined">
        <graphics name="4.1.3.40" fgcolor="#000000" bgcolor="#FFFFFF"
             type="rectangle" x="324" y="191" width="45" height="17"/>
    </entry>
    <entry id="30" name="undefined:" type="undefined">
        <graphics name="5.4.4.2" fgcolor="#000000" bgcolor="#FFFFFF"
             type="rectangle" x="406" y="150" width="45" height="17"/>
    </entry>
    <entry id="31" name="undefined:" type="undefined">
        <graphics name="2.5.1.39" fgcolor="#000000" bgcolor="#FFFFFF"
             type="rectangle" x="325" y="272" width="45" height="17"/>
    </entry>
    <entry id="32" name="cpd:C00251" type="compound"
        link="http://www.genome.jp/dbget-bin/www_bget?compound+C00251">
        <graphics name="C00251" fgcolor="#000000" bgcolor="#FFFFFF"
             type="circle" x="325" y="150" width="8" height="8"/>
    </entry>
    <entry id="33" name="cpd:C00885" type="compound"
        link="http://www.genome.jp/dbget-bin/www_bget?compound+C00885">
        <graphics name="C00885" fgcolor="#000000" bgcolor="#FFFFFF"
             type="circle" x="485" y="150" width="8" height="8"/>
    </entry>
    <entry id="34" name="cpd:C00156" type="compound"
        link="http://www.genome.jp/dbget-bin/www_bget?compound+C00156">
        <graphics name="C00156" fgcolor="#000000" bgcolor="#FFFFFF"
             type="circle" x="325" y="237" width="8" height="8"/>
    </entry>
    <entry id="35" name="cpd:C01230" type="compound"
        link="http://www.genome.jp/dbget-bin/www_bget?compound+C01230">
        <graphics name="C01230" fgcolor="#000000" bgcolor="#FFFFFF"
             type="circle" x="190" y="252" width="8" height="8"/>
    </entry>
    <entry id="36" name="cpd:C13425" type="compound"
        link="http://www.genome.jp/dbget-bin/www_bget?compound+C13425">
        <graphics name="C13425" fgcolor="#000000" bgcolor="#FFFFFF"
             type="circle" x="210" y="306" width="8" height="8"/>
    </entry>
    <entry id="37" name="cpd:C00390" type="compound"
        link="http://www.genome.jp/dbget-bin/www_bget?compound+C00390">
        <graphics name="C00390" fgcolor="#000000" bgcolor="#FFFFFF"
             type="circle" x="325" y="634" width="8" height="8"/>
    </entry>
    <entry id="38" name="cpd:C00399" type="compound"
        link="http://www.genome.jp/dbget-bin/www_bget?compound+C00399">
        <graphics name="C00399" fgcolor="#000000" bgcolor="#FFFFFF"
             type="circle" x="325" y="721" width="8" height="8"/>
    </entry>
    <entry id="39" name="cpd:C04146" type="compound"
        link="http://www.genome.jp/dbget-bin/www_bget?compound+C04146">
        <graphics name="C04146" fgcolor="#000000" bgcolor="#FFFFFF"
             type="circle" x="460" y="250" width="8" height="8"/>
    </entry>
    <entry id="40" name="cpd:C00828" type="compound"
        link="http://www.genome.jp/dbget-bin/www_bget?compound+C00828">
        <graphics name="C00828" fgcolor="#000000" bgcolor="#FFFFFF"
             type="circle" x="625" y="671" width="8" height="8"/>
    </entry>
    <entry id="41" name="cpd:C05818" type="compound"
        link="http://www.genome.jp/dbget-bin/www_bget?compound+C05818">
        <graphics name="C05818" fgcolor="#000000" bgcolor="#FFFFFF"
             type="circle" x="625" y="599" width="8" height="8"/>
    </entry>
    <entry id="42" name="cpd:C03160" type="compound"
        link="http://www.genome.jp/dbget-bin/www_bget?compound+C03160">
        <graphics name="C03160" fgcolor="#000000" bgcolor="#FFFFFF"
             type="circle" x="625" y="383" width="8" height="8"/>
    </entry>
    <entry id="43" name="cpd:C02730" type="compound"
        link="http://www.genome.jp/dbget-bin/www_bget?compound+C02730">
        <graphics name="C02730" fgcolor="#000000" bgcolor="#FFFFFF"
             type="circle" x="625" y="311" width="8" height="8"/>
    </entry>
    <entry id="44" name="cpd:C13309" type="compound"
        link="http://www.genome.jp/dbget-bin/www_bget?compound+C13309">
        <graphics name="C13309" fgcolor="#000000" bgcolor="#FFFFFF"
             type="circle" x="721" y="599" width="8" height="8"/>
    </entry>
    <entry id="45" name="cpd:C05200" type="compound"
        link="http://www.genome.jp/dbget-bin/www_bget?compound+C05200">
        <graphics name="C05200" fgcolor="#000000" bgcolor="#FFFFFF"
             type="circle" x="210" y="367" width="8" height="8"/>
    </entry>
    <entry id="46" name="cpd:C05313" type="compound"
        link="http://www.genome.jp/dbget-bin/www_bget?compound+C05313">
        <graphics name="C05313" fgcolor="#000000" bgcolor="#FFFFFF"
             type="circle" x="210" y="428" width="8" height="8"/>
    </entry>
    <entry id="47" name="cpd:C05802" type="compound"
        link="http://www.genome.jp/dbget-bin/www_bget?compound+C05802">
        <graphics name="C05802" fgcolor="#000000" bgcolor="#FFFFFF"
             type="circle" x="210" y="489" width="8" height="8"/>
    </entry>
    <entry id="48" name="cpd:C05803" type="compound"
        link="http://www.genome.jp/dbget-bin/www_bget?compound+C05803">
        <graphics name="C05803" fgcolor="#000000" bgcolor="#FFFFFF"
             type="circle" x="210" y="550" width="8" height="8"/>
    </entry>
    <entry id="49" name="cpd:C05804" type="compound"
        link="http://www.genome.jp/dbget-bin/www_bget?compound+C05804">
        <graphics name="C05804" fgcolor="#000000" bgcolor="#FFFFFF"
             type="circle" x="210" y="612" width="8" height="8"/>
    </entry>
    <entry id="50" name="cpd:C05805" type="compound"
        link="http://www.genome.jp/dbget-bin/www_bget?compound+C05805">
        <graphics name="C05805" fgcolor="#000000" bgcolor="#FFFFFF"
             type="circle" x="210" y="672" width="8" height="8"/>
    </entry>
    <entry id="51" name="cpd:C05808" type="compound"
        link="http://www.genome.jp/dbget-bin/www_bget?compound+C05808">
        <graphics name="C05808" fgcolor="#000000" bgcolor="#FFFFFF"
             type="circle" x="325" y="441" width="8" height="8"/>
    </entry>
    <entry id="52" name="cpd:C05807" type="compound"
        link="http://www.genome.jp/dbget-bin/www_bget?compound+C05807">
        <graphics name="C05807" fgcolor="#000000" bgcolor="#FFFFFF"
             type="circle" x="325" y="383" width="8" height="8"/>
    </entry>
    <entry id="53" name="cpd:C05809" type="compound"
        link="http://www.genome.jp/dbget-bin/www_bget?compound+C05809">
        <graphics name="C05809" fgcolor="#000000" bgcolor="#FFFFFF"
             type="circle" x="441" y="306" width="8" height="8"/>
    </entry>
    <entry id="54" name="cpd:C05810" type="compound"
        link="http://www.genome.jp/dbget-bin/www_bget?compound+C05810">
        <graphics name="C05810" fgcolor="#000000" bgcolor="#FFFFFF"
             type="circle" x="441" y="368" width="8" height="8"/>
    </entry>
    <entry id="55" name="cpd:C05811" type="compound"
        link="http://www.genome.jp/dbget-bin/www_bget?compound+C05811">
        <graphics name="C05811" fgcolor="#000000" bgcolor="#FFFFFF"
             type="circle" x="441" y="428" width="8" height="8"/>
    </entry>
    <entry id="56" name="cpd:C05812" type="compound"
        link="http://www.genome.jp/dbget-bin/www_bget?compound+C05812">
        <graphics name="C05812" fgcolor="#000000" bgcolor="#FFFFFF"
             type="circle" x="441" y="490" width="8" height="8"/>
    </entry>
    <entry id="57" name="cpd:C05813" type="compound"
        link="http://www.genome.jp/dbget-bin/www_bget?compound+C05813">
        <graphics name="C05813" fgcolor="#000000" bgcolor="#FFFFFF"
             type="circle" x="441" y="550" width="8" height="8"/>
    </entry>
    <entry id="58" name="cpd:C05814" type="compound"
        link="http://www.genome.jp/dbget-bin/www_bget?compound+C05814">
        <graphics name="C05814" fgcolor="#000000" bgcolor="#FFFFFF"
             type="circle" x="441" y="611" width="8" height="8"/>
    </entry>
    <entry id="59" name="cpd:C05815" type="compound"
        link="http://www.genome.jp/dbget-bin/www_bget?compound+C05815">
        <graphics name="C05815" fgcolor="#000000" bgcolor="#FFFFFF"
             type="circle" x="441" y="672" width="8" height="8"/>
    </entry>
    <entry id="60" name="cpd:C05817" type="compound"
        link="http://www.genome.jp/dbget-bin/www_bget?compound+C05817">
        <graphics name="C05817" fgcolor="#000000" bgcolor="#FFFFFF"
             type="circle" x="625" y="239" width="8" height="8"/>
    </entry>
    <entry id="61" name="cpd:C15547" type="compound"
        link="http://www.genome.jp/dbget-bin/www_bget?compound+C15547">
        <graphics name="C15547" fgcolor="#000000" bgcolor="#FFFFFF"
             type="circle" x="625" y="457" width="8" height="8"/>
    </entry>
    <entry id="62" name="cpd:C02059" type="compound"
        link="http://www.genome.jp/dbget-bin/www_bget?compound+C02059">
        <graphics name="C02059" fgcolor="#000000" bgcolor="#FFFFFF"
             type="circle" x="721" y="671" width="8" height="8"/>
    </entry>
    <entry id="63" name="cpd:C05847" type="compound"
        link="http://www.genome.jp/dbget-bin/www_bget?compound+C05847">
        <graphics name="C05847" fgcolor="#000000" bgcolor="#FFFFFF"
             type="circle" x="345" y="251" width="8" height="8"/>
    </entry>
    <entry id="64" name="cpd:C05848" type="compound"
        link="http://www.genome.jp/dbget-bin/www_bget?compound+C05848">
        <graphics name="C05848" fgcolor="#000000" bgcolor="#FFFFFF"
             type="circle" x="325" y="305" width="8" height="8"/>
    </entry>
    <entry id="68" name="undefined:" type="undefined">
        <graphics name="4.2.99.20" fgcolor="#000000" bgcolor="#FFFFFF"
             type="rectangle" x="625" y="190" width="46" height="17"/>
    </entry>
    <entry id="69" name="undefined:" type="undefined">
        <graphics name="2.2.1.9" fgcolor="#000000" bgcolor="#FFFFFF"
             type="rectangle" x="549" y="149" width="46" height="17"/>
    </entry>
    <entry id="70" name="cpd:C16519" type="compound"
        link="http://www.genome.jp/dbget-bin/www_bget?compound+C16519">
        <graphics name="C16519" fgcolor="#000000" bgcolor="#FFFFFF"
             type="circle" x="625" y="150" width="8" height="8"/>
    </entry>
    <relation entry1="21" entry2="22" type="ECrel">
        <subtype name="compound" value="38"/>
    </relation>
    <relation entry1="22" entry2="23" type="ECrel">
        <subtype name="compound" value="50"/>
    </relation>
    <relation entry1="23" entry2="24" type="ECrel">
        <subtype name="compound" value="49"/>
    </relation>
    <relation entry1="24" entry2="25" type="ECrel">
        <subtype name="compound" value="48"/>
    </relation>
    <reaction name="rn:R02166" type="reversible">
        <substrate name="cpd:C00399"/>
        <product name="cpd:C00390"/>
    </reaction>
    <reaction name="rn:R02175" type="irreversible">
        <substrate name="cpd:C05805"/>
        <product name="cpd:C00399"/>
    </reaction>
    <reaction name="rn:R04984" type="irreversible">
        <substrate name="cpd:C05804"/>
        <product name="cpd:C05805"/>
    </reaction>
    <reaction name="rn:R04983" type="irreversible">
        <substrate name="cpd:C05803"/>
        <product name="cpd:C05804"/>
    </reaction>
    <reaction name="rn:R04982" type="irreversible">
        <substrate name="cpd:C05802"/>
        <product name="cpd:C05803"/>
    </reaction>
    <reaction name="rn:R04711" type="irreversible">
        <substrate name="cpd:C05200"/>
        <product name="cpd:C05313"/>
    </reaction>
    <reaction name="rn:R05616" type="irreversible">
        <substrate name="cpd:C00156"/>
        <substrate name="cpd:C01230"/>
        <product name="cpd:C13425"/>
    </reaction>
</pathway>
