<?xml version="1.0"?>
<!DOCTYPE pathway SYSTEM "http://www.genome.jp/kegg/xml/KGML_v0.6.1_.dtd">
<!-- Creation date: Jul 30 2008 19:30:24 +0900 (JST) -->
<pathway name="path:hsa04360" org="hsa" number="04360"
         title="Axon guidance"
         image="http://www.genome.jp/kegg/pathway/hsa/hsa04360.gif"
         link="http://www.genome.jp/dbget-bin/show_pathway?hsa04360">
    <entry id="1" name="hsa:27289" type="gene"
        link="http://www.genome.jp/dbget-bin/www_bget?hsa+27289">
        <graphics name="RND1" fgcolor="#000000" bgcolor="#BFFFBF"
             type="rectangle" x="552" y="759" width="45" height="17"/>
    </entry>
    <entry id="2" name="hsa:2770 hsa:2771 hsa:2773" type="gene"
        link="http://www.genome.jp/dbget-bin/www_bget?hsa+2770+2771+2773">
        <graphics name="GNAI1..." fgcolor="#000000" bgcolor="#BFFFBF"
             type="rectangle" x="216" y="411" width="45" height="17"/>
    </entry>
    <entry id="3" name="hsa:2770 hsa:2771 hsa:2773" type="gene"
        link="http://www.genome.jp/dbget-bin/www_bget?hsa+2770+2771+2773">
        <graphics name="GNAI1..." fgcolor="#000000" bgcolor="#BFFFBF"
             type="rectangle" x="552" y="411" width="45" height="17"/>
    </entry>
    <entry id="4" name="hsa:7852" type="gene"
        link="http://www.genome.jp/dbget-bin/www_bget?hsa+7852">
        <graphics name="CXCR4" fgcolor="#000000" bgcolor="#BFFFBF"
             type="rectangle" x="468" y="411" width="45" height="17"/>
    </entry>
    <entry id="5" name="hsa:5594 hsa:5595" type="gene"
        link="http://www.genome.jp/dbget-bin/www_bget?hsa+5594+5595">
        <graphics name="MAPK1, PRKM2, PRKM1..." fgcolor="#000000" bgcolor="#BFFFBF"
             type="rectangle" x="716" y="780" width="45" height="17"/>
    </entry>
    <entry id="6" name="hsa:5879 hsa:5880 hsa:5881" type="gene"
        link="http://www.genome.jp/dbget-bin/www_bget?hsa+5879+5880+5881">
        <graphics name="RAC1..." fgcolor="#000000" bgcolor="#BFFFBF"
             type="rectangle" x="634" y="695" width="45" height="17"/>
    </entry>
    <entry id="7" name="hsa:5879 hsa:5880 hsa:5881" type="gene"
        link="http://www.genome.jp/dbget-bin/www_bget?hsa+5879+5880+5881">
        <graphics name="RAC1..." fgcolor="#000000" bgcolor="#BFFFBF"
             type="rectangle" x="634" y="609" width="45" height="17"/>
    </entry>
    <entry id="8" name="hsa:5879 hsa:5880 hsa:5881" type="gene"
        link="http://www.genome.jp/dbget-bin/www_bget?hsa+5879+5880+5881">
        <graphics name="RAC1..." fgcolor="#000000" bgcolor="#BFFFBF"
             type="rectangle" x="634" y="240" width="45" height="17"/>
    </entry>
    <entry id="9" name="hsa:5879 hsa:5880 hsa:5881" type="gene"
        link="http://www.genome.jp/dbget-bin/www_bget?hsa+5879+5880+5881">
        <graphics name="RAC1..." fgcolor="#000000" bgcolor="#BFFFBF"
             type="rectangle" x="634" y="63" width="45" height="17"/>
    </entry>
    <entry id="10" name="hsa:1630" type="gene"
        link="http://www.genome.jp/dbget-bin/www_bget?hsa+1630">
        <graphics name="DCC" fgcolor="#000000" bgcolor="#BFFFBF"
             type="rectangle" x="468" y="176" width="45" height="17"/>
    </entry>
    <entry id="11" name="hsa:1630" type="gene"
        link="http://www.genome.jp/dbget-bin/www_bget?hsa+1630">
        <graphics name="DCC" fgcolor="#000000" bgcolor="#BFFFBF"
             type="rectangle" x="468" y="107" width="45" height="17"/>
    </entry>
    <entry id="12" name="hsa:10725 hsa:4772 hsa:4773 hsa:4775 hsa:4776" type="gene"
        link="http://www.genome.jp/dbget-bin/www_bget?hsa+10725+4772+4773+4775+4776">
        <graphics name="NFAT5..." fgcolor="#000000" bgcolor="#BFFFBF"
             type="rectangle" x="716" y="99" width="45" height="17"/>
    </entry>
    <entry id="13" name="hsa:11261 hsa:5530 hsa:5532 hsa:5533 hsa:5534 hsa:5535" type="gene"
        link="http://www.genome.jp/dbget-bin/www_bget?hsa+11261+5530+5532+5533+5534+5535">
        <graphics name="CHP..." fgcolor="#000000" bgcolor="#BFFFBF"
             type="rectangle" x="634" y="99" width="45" height="17"/>
    </entry>
    <entry id="14" name="hsa:22885 hsa:3983 hsa:84448" type="gene"
        link="http://www.genome.jp/dbget-bin/www_bget?hsa+22885+3983+84448">
        <graphics name="ABLIM3..." fgcolor="#000000" bgcolor="#BFFFBF"
             type="rectangle" x="716" y="63" width="45" height="17"/>
    </entry>
    <entry id="15" name="hsa:22854" type="gene"
        link="http://www.genome.jp/dbget-bin/www_bget?hsa+22854">
        <graphics name="NTNG1" fgcolor="#000000" bgcolor="#BFFFBF"
             type="rectangle" x="365" y="209" width="45" height="17"/>
    </entry>
    <entry id="16" name="hsa:59277" type="gene"
        link="http://www.genome.jp/dbget-bin/www_bget?hsa+59277">
        <graphics name="NTN4" fgcolor="#000000" bgcolor="#BFFFBF"
             type="rectangle" x="365" y="182" width="45" height="17"/>
    </entry>
    <entry id="17" name="hsa:6586" type="gene"
        link="http://www.genome.jp/dbget-bin/www_bget?hsa+6586">
        <graphics name="SLIT3, SLIL2" fgcolor="#000000" bgcolor="#BFFFBF"
             type="rectangle" x="365" y="534" width="45" height="17"/>
    </entry>
    <entry id="18" name="hsa:9353" type="gene"
        link="http://www.genome.jp/dbget-bin/www_bget?hsa+9353">
        <graphics name="SLIT2" fgcolor="#000000" bgcolor="#BFFFBF"
             type="rectangle" x="365" y="492" width="45" height="17"/>
    </entry>
    <entry id="19" name="hsa:6585" type="gene"
        link="http://www.genome.jp/dbget-bin/www_bget?hsa+6585">
        <graphics name="SLIT1" fgcolor="#000000" bgcolor="#BFFFBF"
             type="rectangle" x="365" y="469" width="45" height="17"/>
    </entry>
    <entry id="20" name="hsa:2534" type="gene"
        link="http://www.genome.jp/dbget-bin/www_bget?hsa+2534">
        <graphics name="FYN" fgcolor="#000000" bgcolor="#BFFFBF"
             type="rectangle" x="552" y="554" width="45" height="17"/>
    </entry>
    <entry id="21" name="hsa:5747" type="gene"
        link="http://www.genome.jp/dbget-bin/www_bget?hsa+5747">
        <graphics name="PTK2" fgcolor="#000000" bgcolor="#BFFFBF"
             type="rectangle" x="159" y="337" width="45" height="17"/>
    </entry>
    <entry id="22" name="hsa:998" type="gene"
        link="http://www.genome.jp/dbget-bin/www_bget?hsa+998">
        <graphics name="CDC42" fgcolor="#000000" bgcolor="#BFFFBF"
             type="rectangle" x="634" y="480" width="45" height="17"/>
    </entry>
    <entry id="23" name="hsa:6093 hsa:9475" type="gene"
        link="http://www.genome.jp/dbget-bin/www_bget?hsa+6093+9475">
        <graphics name="ROCK1..." fgcolor="#000000" bgcolor="#BFFFBF"
             type="rectangle" x="716" y="294" width="45" height="17"/>
    </entry>
    <entry id="24" name="hsa:10298 hsa:5058 hsa:5062 hsa:5063 hsa:56924 hsa:57144" type="gene"
        link="http://www.genome.jp/dbget-bin/www_bget?hsa+10298+5058+5062+5063+56924+57144">
        <graphics name="PAK4..." fgcolor="#000000" bgcolor="#BFFFBF"
             type="rectangle" x="716" y="695" width="45" height="17"/>
    </entry>
    <entry id="25" name="hsa:10298 hsa:5058 hsa:5062 hsa:5063 hsa:56924 hsa:57144" type="gene"
        link="http://www.genome.jp/dbget-bin/www_bget?hsa+10298+5058+5062+5063+56924+57144">
        <graphics name="PAK4..." fgcolor="#000000" bgcolor="#BFFFBF"
             type="rectangle" x="716" y="609" width="45" height="17"/>
    </entry>
    <entry id="26" name="hsa:387" type="gene"
        link="http://www.genome.jp/dbget-bin/www_bget?hsa+387">
        <graphics name="RHOA, ARH12, ARHA" fgcolor="#000000" bgcolor="#BFFFBF"
             type="rectangle" x="634" y="723" width="45" height="17"/>
    </entry>
    <entry id="27" name="hsa:387" type="gene"
        link="http://www.genome.jp/dbget-bin/www_bget?hsa+387">
        <graphics name="RHOA, ARH12, ARHA" fgcolor="#000000" bgcolor="#BFFFBF"
             type="rectangle" x="634" y="294" width="45" height="17"/>
    </entry>
    <entry id="28" name="path:hsa04810" type="map"
        link="http://www.genome.jp/kegg/pathway/hsa/hsa04810.html">
        <graphics name="Regulation of actin cytoskeleton" fgcolor="#000000" bgcolor="#FFFFFF"
             type="roundrectangle" x="990" y="780" width="111" height="41"/>
    </entry>
    <entry id="29" name="path:hsa04810" type="map"
        link="http://www.genome.jp/kegg/pathway/hsa/hsa04810.html">
        <graphics name="Regulation of actin cytoskeleton" fgcolor="#000000" bgcolor="#FFFFFF"
             type="roundrectangle" x="925" y="480" width="111" height="41"/>
    </entry>
    <entry id="30" name="path:hsa04060" type="map"
        link="http://www.genome.jp/kegg/pathway/hsa/hsa04060.html">
        <graphics name="Cytokine-cytokine receptor interaction" fgcolor="#000000" bgcolor="#FFFFFF"
             type="roundrectangle" x="387" y="373" width="111" height="41"/>
    </entry>
    <entry id="31" name="path:hsa04010" type="map"
        link="http://www.genome.jp/kegg/pathway/hsa/hsa04010.html">
        <graphics name="MAPK signaling pathway" fgcolor="#000000" bgcolor="#FFFFFF"
             type="roundrectangle" x="674" y="370" width="111" height="41"/>
    </entry>
    <entry id="32" name="hsa:3688" type="gene"
        link="http://www.genome.jp/dbget-bin/www_bget?hsa+3688">
        <graphics name="ITGB1, FNRB, MSK12, MDF2" fgcolor="#000000" bgcolor="#BFFFBF"
             type="rectangle" x="468" y="780" width="45" height="17"/>
    </entry>
    <entry id="33" name="hsa:5921" type="gene"
        link="http://www.genome.jp/dbget-bin/www_bget?hsa+5921">
        <graphics name="RASA1, RASA" fgcolor="#000000" bgcolor="#BFFFBF"
             type="rectangle" x="216" y="266" width="45" height="17"/>
    </entry>
    <entry id="34" name="hsa:1630" type="gene"
        link="http://www.genome.jp/dbget-bin/www_bget?hsa+1630">
        <graphics name="DCC" fgcolor="#000000" bgcolor="#BFFFBF"
             type="rectangle" x="468" y="90" width="45" height="17"/>
    </entry>
    <entry id="35" name="hsa:998" type="gene"
        link="http://www.genome.jp/dbget-bin/www_bget?hsa+998">
        <graphics name="CDC42" fgcolor="#000000" bgcolor="#BFFFBF"
             type="rectangle" x="634" y="262" width="45" height="17"/>
    </entry>
    <entry id="36" name="cpd:C00076" type="compound"
        link="http://www.genome.jp/dbget-bin/www_bget?compound+C00076">
        <graphics name="C00076" fgcolor="#000000" bgcolor="#FFFFFF"
             type="circle" x="565" y="99" width="8" height="8"/>
    </entry>
    <entry id="37" name="hsa:4690" type="gene"
        link="http://www.genome.jp/dbget-bin/www_bget?hsa+4690">
        <graphics name="NCK1, NCK" fgcolor="#000000" bgcolor="#BFFFBF"
             type="rectangle" x="552" y="63" width="45" height="17"/>
    </entry>
    <entry id="38" name="hsa:64221" type="gene"
        link="http://www.genome.jp/dbget-bin/www_bget?hsa+64221">
        <graphics name="ROBO3, HGPPS" fgcolor="#000000" bgcolor="#BFFFBF"
             type="rectangle" x="468" y="525" width="45" height="17"/>
    </entry>
    <entry id="39" name="hsa:6093 hsa:9475" type="gene"
        link="http://www.genome.jp/dbget-bin/www_bget?hsa+6093+9475">
        <graphics name="ROCK1..." fgcolor="#000000" bgcolor="#BFFFBF"
             type="rectangle" x="716" y="133" width="45" height="17"/>
    </entry>
    <entry id="40" name="hsa:1808" type="gene"
        link="http://www.genome.jp/dbget-bin/www_bget?hsa+1808">
        <graphics name="DPYSL2" fgcolor="#000000" bgcolor="#BFFFBF"
             type="rectangle" x="716" y="554" width="45" height="17"/>
    </entry>
    <entry id="41" name="hsa:6091" type="gene"
        link="http://www.genome.jp/dbget-bin/www_bget?hsa+6091">
        <graphics name="ROBO1" fgcolor="#000000" bgcolor="#BFFFBF"
             type="rectangle" x="468" y="492" width="45" height="17"/>
    </entry>
    <entry id="42" name="hsa:25791" type="gene"
        link="http://www.genome.jp/dbget-bin/www_bget?hsa+25791">
        <graphics name="NGEF" fgcolor="#000000" bgcolor="#BFFFBF"
             type="rectangle" x="552" y="294" width="45" height="17"/>
    </entry>
    <entry id="43" name="hsa:5921" type="gene"
        link="http://www.genome.jp/dbget-bin/www_bget?hsa+5921">
        <graphics name="RASA1, RASA" fgcolor="#000000" bgcolor="#BFFFBF"
             type="rectangle" x="552" y="331" width="45" height="17"/>
    </entry>
    <entry id="44" name="hsa:25" type="gene"
        link="http://www.genome.jp/dbget-bin/www_bget?hsa+25">
        <graphics name="ABL1, ABL" fgcolor="#000000" bgcolor="#BFFFBF"
             type="rectangle" x="552" y="247" width="45" height="17"/>
    </entry>
    <entry id="45" name="hsa:137970 hsa:219699 hsa:8633 hsa:90249" type="gene"
        link="http://www.genome.jp/dbget-bin/www_bget?hsa+137970+219699+8633+90249">
        <graphics name="UNC5D..." fgcolor="#000000" bgcolor="#BFFFBF"
             type="rectangle" x="468" y="159" width="45" height="17"/>
    </entry>
    <entry id="46" name="hsa:7852" type="gene"
        link="http://www.genome.jp/dbget-bin/www_bget?hsa+7852">
        <graphics name="CXCR4" fgcolor="#000000" bgcolor="#BFFFBF"
             type="rectangle" x="306" y="411" width="45" height="17"/>
    </entry>
    <entry id="47" name="hsa:1969 hsa:2041 hsa:2042 hsa:2043 hsa:2044 hsa:2045 hsa:2046 hsa:285220" type="gene"
        link="http://www.genome.jp/dbget-bin/www_bget?hsa+1969+2041+2042+2043+2044+2045+2046+285220">
        <graphics name="EPHA2, ECK..." fgcolor="#000000" bgcolor="#BFFFBF"
             type="rectangle" x="468" y="294" width="45" height="17"/>
    </entry>
    <entry id="48" name="hsa:57689" type="gene"
        link="http://www.genome.jp/dbget-bin/www_bget?hsa+57689">
        <graphics name="LRRC4C" fgcolor="#000000" bgcolor="#BFFFBF"
             type="rectangle" x="468" y="209" width="45" height="17"/>
    </entry>
    <entry id="49" name="hsa:6092" type="gene"
        link="http://www.genome.jp/dbget-bin/www_bget?hsa+6092">
        <graphics name="ROBO2" fgcolor="#000000" bgcolor="#BFFFBF"
             type="rectangle" x="468" y="469" width="45" height="17"/>
    </entry>
    <entry id="50" name="hsa:4917" type="gene"
        link="http://www.genome.jp/dbget-bin/www_bget?hsa+4917">
        <graphics name="NTN2L" fgcolor="#000000" bgcolor="#BFFFBF"
             type="rectangle" x="365" y="161" width="45" height="17"/>
    </entry>
    <entry id="51" name="hsa:5747" type="gene"
        link="http://www.genome.jp/dbget-bin/www_bget?hsa+5747">
        <graphics name="PTK2" fgcolor="#000000" bgcolor="#BFFFBF"
             type="rectangle" x="634" y="780" width="45" height="17"/>
    </entry>
    <entry id="52" name="hsa:1947 hsa:1948 hsa:1949" type="gene"
        link="http://www.genome.jp/dbget-bin/www_bget?hsa+1947+1948+1949">
        <graphics name="EFNB1, EPLG2, CFNS..." fgcolor="#000000" bgcolor="#BFFFBF"
             type="rectangle" x="306" y="337" width="45" height="17"/>
    </entry>
    <entry id="53" name="hsa:2047 hsa:2048 hsa:2049 hsa:2050 hsa:2051" type="gene"
        link="http://www.genome.jp/dbget-bin/www_bget?hsa+2047+2048+2049+2050+2051">
        <graphics name="EPHB1, EPHT2..." fgcolor="#000000" bgcolor="#BFFFBF"
             type="rectangle" x="468" y="319" width="45" height="17"/>
    </entry>
    <entry id="54" name="hsa:8482" type="gene"
        link="http://www.genome.jp/dbget-bin/www_bget?hsa+8482">
        <graphics name="SEMA7A" fgcolor="#000000" bgcolor="#BFFFBF"
             type="rectangle" x="365" y="780" width="45" height="17"/>
    </entry>
    <entry id="55" name="hsa:1942 hsa:1943 hsa:1944 hsa:1945 hsa:1946" type="gene"
        link="http://www.genome.jp/dbget-bin/www_bget?hsa+1942+1943+1944+1945+1946">
        <graphics name="EFNA1, TNFAIP4, EPLG1..." fgcolor="#000000" bgcolor="#BFFFBF"
             type="rectangle" x="306" y="277" width="45" height="17"/>
    </entry>
    <entry id="56" name="hsa:2534" type="gene"
        link="http://www.genome.jp/dbget-bin/www_bget?hsa+2534">
        <graphics name="FYN" fgcolor="#000000" bgcolor="#BFFFBF"
             type="rectangle" x="216" y="288" width="45" height="17"/>
    </entry>
    <entry id="57" name="hsa:387" type="gene"
        link="http://www.genome.jp/dbget-bin/www_bget?hsa+387">
        <graphics name="RHOA, ARH12, ARHA" fgcolor="#000000" bgcolor="#BFFFBF"
             type="rectangle" x="634" y="133" width="45" height="17"/>
    </entry>
    <entry id="58" name="hsa:9423" type="gene"
        link="http://www.genome.jp/dbget-bin/www_bget?hsa+9423">
        <graphics name="NTN1" fgcolor="#000000" bgcolor="#BFFFBF"
             type="rectangle" x="365" y="134" width="45" height="17"/>
    </entry>
    <entry id="59" name="hsa:5998" type="gene"
        link="http://www.genome.jp/dbget-bin/www_bget?hsa+5998">
        <graphics name="RGS3" fgcolor="#000000" bgcolor="#BFFFBF"
             type="rectangle" x="233" y="367" width="45" height="17"/>
    </entry>
    <entry id="60" name="path:hsa04360" type="map"
        link="http://www.genome.jp/dbget-bin/get_linkdb?pathway+hsa04360">
        <graphics name="TITLE:Axon guidance" fgcolor="#000000" bgcolor="#FFFFFF"
             type="roundrectangle" x="137" y="40" width="161" height="25"/>
    </entry>
    <entry id="61" name="path:hsa04810" type="map"
        link="http://www.genome.jp/kegg/pathway/hsa/hsa04810.html">
        <graphics name="Regulation of actin cytoskeleton" fgcolor="#000000" bgcolor="#FFFFFF"
             type="roundrectangle" x="845" y="331" width="111" height="41"/>
    </entry>
    <entry id="62" name="hsa:23365" type="gene"
        link="http://www.genome.jp/dbget-bin/www_bget?hsa+23365">
        <graphics name="ARHGEF12" fgcolor="#000000" bgcolor="#BFFFBF"
             type="rectangle" x="552" y="723" width="45" height="17"/>
    </entry>
    <entry id="63" name="hsa:4233" type="gene"
        link="http://www.genome.jp/dbget-bin/www_bget?hsa+4233">
        <graphics name="MET" fgcolor="#000000" bgcolor="#BFFFBF"
             type="rectangle" x="468" y="711" width="45" height="17"/>
    </entry>
    <entry id="64" name="hsa:29984" type="gene"
        link="http://www.genome.jp/dbget-bin/www_bget?hsa+29984">
        <graphics name="RHOD, ARHD" fgcolor="#000000" bgcolor="#BFFFBF"
             type="rectangle" x="552" y="656" width="45" height="17"/>
    </entry>
    <entry id="65" name="hsa:10154" type="gene"
        link="http://www.genome.jp/dbget-bin/www_bget?hsa+10154">
        <graphics name="PLXNC1" fgcolor="#000000" bgcolor="#BFFFBF"
             type="rectangle" x="468" y="813" width="45" height="17"/>
    </entry>
    <entry id="66" name="hsa:5594 hsa:5595" type="gene"
        link="http://www.genome.jp/dbget-bin/www_bget?hsa+5594+5595">
        <graphics name="MAPK1, PRKM2, PRKM1..." fgcolor="#000000" bgcolor="#BFFFBF"
             type="rectangle" x="716" y="331" width="45" height="17"/>
    </entry>
    <entry id="67" name="hsa:56896" type="gene"
        link="http://www.genome.jp/dbget-bin/www_bget?hsa+56896">
        <graphics name="DPYSL5" fgcolor="#000000" bgcolor="#BFFFBF"
             type="rectangle" x="716" y="571" width="45" height="17"/>
    </entry>
    <entry id="68" name="hsa:27289" type="gene"
        link="http://www.genome.jp/dbget-bin/www_bget?hsa+27289">
        <graphics name="RND1" fgcolor="#000000" bgcolor="#BFFFBF"
             type="rectangle" x="634" y="637" width="45" height="17"/>
    </entry>
    <entry id="69" name="hsa:3984 hsa:3985" type="gene"
        link="http://www.genome.jp/dbget-bin/www_bget?hsa+3984+3985">
        <graphics name="LIMK1..." fgcolor="#000000" bgcolor="#BFFFBF"
             type="rectangle" x="792" y="609" width="45" height="17"/>
    </entry>
    <entry id="70" name="hsa:23654 hsa:5364 hsa:5365" type="gene"
        link="http://www.genome.jp/dbget-bin/www_bget?hsa+23654+5364+5365">
        <graphics name="PLXNB2..." fgcolor="#000000" bgcolor="#BFFFBF"
             type="rectangle" x="468" y="694" width="45" height="17"/>
    </entry>
    <entry id="71" name="hsa:3265 hsa:3845 hsa:4893" type="gene"
        link="http://www.genome.jp/dbget-bin/www_bget?hsa+3265+3845+4893">
        <graphics name="HRAS, HRAS1..." fgcolor="#000000" bgcolor="#BFFFBF"
             type="rectangle" x="634" y="331" width="45" height="17"/>
    </entry>
    <entry id="72" name="hsa:5361 hsa:5362 hsa:55558" type="gene"
        link="http://www.genome.jp/dbget-bin/www_bget?hsa+5361+5362+55558">
        <graphics name="PLXNA1, PLXN1..." fgcolor="#000000" bgcolor="#BFFFBF"
             type="rectangle" x="468" y="597" width="45" height="16"/>
    </entry>
    <entry id="73" name="hsa:10371 hsa:10512 hsa:223117 hsa:56920 hsa:6405 hsa:7869 hsa:9723" type="gene"
        link="http://www.genome.jp/dbget-bin/www_bget?hsa+10371+10512+223117+56920+6405+7869+9723">
        <graphics name="SEMA3A, SEMAD..." fgcolor="#000000" bgcolor="#BFFFBF"
             type="rectangle" x="365" y="614" width="45" height="17"/>
    </entry>
    <entry id="74" name="hsa:10500 hsa:10501 hsa:57556 hsa:80031" type="gene"
        link="http://www.genome.jp/dbget-bin/www_bget?hsa+10500+10501+57556+80031">
        <graphics name="SEMA6C..." fgcolor="#000000" bgcolor="#BFFFBF"
             type="rectangle" x="306" y="750" width="45" height="17"/>
    </entry>
    <entry id="75" name="hsa:10505 hsa:10507 hsa:10509 hsa:54910 hsa:57715 hsa:64218" type="gene"
        link="http://www.genome.jp/dbget-bin/www_bget?hsa+10505+10507+10509+54910+57715+64218">
        <graphics name="SEMA4F, SEMAM..." fgcolor="#000000" bgcolor="#BFFFBF"
             type="rectangle" x="306" y="693" width="45" height="17"/>
    </entry>
    <entry id="76" name="hsa:54437 hsa:9037" type="gene"
        link="http://www.genome.jp/dbget-bin/www_bget?hsa+54437+9037">
        <graphics name="SEMA5B, SEMAG..." fgcolor="#000000" bgcolor="#BFFFBF"
             type="rectangle" x="306" y="729" width="45" height="17"/>
    </entry>
    <entry id="77" name="hsa:23380 hsa:57522 hsa:9901" type="gene"
        link="http://www.genome.jp/dbget-bin/www_bget?hsa+23380+57522+9901">
        <graphics name="SRGAP2, FNBP2..." fgcolor="#000000" bgcolor="#BFFFBF"
             type="rectangle" x="552" y="480" width="45" height="17"/>
    </entry>
    <entry id="78" name="hsa:1020" type="gene"
        link="http://www.genome.jp/dbget-bin/www_bget?hsa+1020">
        <graphics name="CDK5" fgcolor="#000000" bgcolor="#BFFFBF"
             type="rectangle" x="634" y="554" width="45" height="17"/>
    </entry>
    <entry id="79" name="hsa:2242" type="gene"
        link="http://www.genome.jp/dbget-bin/www_bget?hsa+2242">
        <graphics name="FES" fgcolor="#000000" bgcolor="#BFFFBF"
             type="rectangle" x="634" y="582" width="45" height="17"/>
    </entry>
    <entry id="80" name="hsa:8829" type="gene"
        link="http://www.genome.jp/dbget-bin/www_bget?hsa+8829">
        <graphics name="NRP1" fgcolor="#000000" bgcolor="#BFFFBF"
             type="rectangle" x="468" y="613" width="45" height="17"/>
    </entry>
    <entry id="81" name="hsa:3897" type="gene"
        link="http://www.genome.jp/dbget-bin/www_bget?hsa+3897">
        <graphics name="L1CAM, HSAS1, SPG1, HSAS, MASA, MIC5, S10" fgcolor="#000000" bgcolor="#BFFFBF"
             type="rectangle" x="468" y="651" width="45" height="17"/>
    </entry>
    <entry id="82" name="hsa:1072 hsa:1073" type="gene"
        link="http://www.genome.jp/dbget-bin/www_bget?hsa+1072+1073">
        <graphics name="CFL1, CFL..." fgcolor="#000000" bgcolor="#BFFFBF"
             type="rectangle" x="868" y="609" width="45" height="17"/>
    </entry>
    <entry id="83" name="hsa:10298 hsa:5058 hsa:5062 hsa:5063 hsa:56924 hsa:57144" type="gene"
        link="http://www.genome.jp/dbget-bin/www_bget?hsa+10298+5058+5062+5063+56924+57144">
        <graphics name="PAK4..." fgcolor="#000000" bgcolor="#BFFFBF"
             type="rectangle" x="716" y="251" width="45" height="17"/>
    </entry>
    <entry id="84" name="hsa:6387" type="gene"
        link="http://www.genome.jp/dbget-bin/www_bget?hsa+6387">
        <graphics name="CXCL12, SDF1A, SDF1B, SDF1" fgcolor="#000000" bgcolor="#BFFFBF"
             type="rectangle" x="388" y="411" width="46" height="17"/>
    </entry>
    <entry id="85" name="hsa:2932" type="gene"
        link="http://www.genome.jp/dbget-bin/www_bget?hsa+2932">
        <graphics name="GSK3B" fgcolor="#000000" bgcolor="#BFFFBF"
             type="rectangle" x="634" y="526" width="45" height="17"/>
    </entry>
    <entry id="86" name="hsa:8440" type="gene"
        link="http://www.genome.jp/dbget-bin/www_bget?hsa+8440">
        <graphics name="NCK2" fgcolor="#000000" bgcolor="#BFFFBF"
             type="rectangle" x="233" y="337" width="45" height="17"/>
    </entry>
    <entry id="87" name="undefined" type="group">
        <graphics fgcolor="#000000" bgcolor="#FFFFFF"
             type="rectangle" x="468" y="99" width="65" height="54"/>
        <component id="11"/>
        <component id="34"/>
    </entry>
    <entry id="88" name="undefined" type="group">
        <graphics fgcolor="#000000" bgcolor="#FFFFFF"
             type="rectangle" x="468" y="168" width="65" height="54"/>
        <component id="10"/>
        <component id="45"/>
    </entry>
    <entry id="89" name="undefined" type="group">
        <graphics fgcolor="#000000" bgcolor="#FFFFFF"
             type="rectangle" x="468" y="605" width="65" height="53"/>
        <component id="72"/>
        <component id="80"/>
    </entry>
    <entry id="90" name="undefined" type="group">
        <graphics fgcolor="#000000" bgcolor="#FFFFFF"
             type="rectangle" x="716" y="563" width="65" height="54"/>
        <component id="40"/>
        <component id="67"/>
    </entry>
    <entry id="91" name="undefined" type="group">
        <graphics fgcolor="#000000" bgcolor="#FFFFFF"
             type="rectangle" x="468" y="703" width="65" height="54"/>
        <component id="63"/>
        <component id="70"/>
    </entry>
    <relation entry1="87" entry2="13" type="PPrel">
        <subtype name="compound" value="36"/>
    </relation>
    <relation entry1="58" entry2="87" type="PPrel">
        <subtype name="activation" value="-->"/>
    </relation>
    <relation entry1="87" entry2="37" type="PPrel">
        <subtype name="activation" value="-->"/>
    </relation>
    <relation entry1="37" entry2="9" type="PPrel">
        <subtype name="activation" value="-->"/>
    </relation>
    <relation entry1="9" entry2="14" type="PPrel">
        <subtype name="activation" value="-->"/>
    </relation>
    <relation entry1="57" entry2="39" type="PPrel">
        <subtype name="activation" value="-->"/>
    </relation>
    <relation entry1="58" entry2="88" type="PPrel">
        <subtype name="activation" value="-->"/>
    </relation>
    <relation entry1="55" entry2="33" type="PPrel">
        <subtype name="activation" value="-->"/>
    </relation>
    <relation entry1="55" entry2="56" type="PPrel">
        <subtype name="activation" value="-->"/>
    </relation>
    <relation entry1="52" entry2="86" type="PPrel">
        <subtype name="activation" value="-->"/>
    </relation>
    <relation entry1="86" entry2="21" type="PPrel">
        <subtype name="activation" value="-->"/>
    </relation>
    <relation entry1="55" entry2="47" type="PPrel">
        <subtype name="activation" value="-->"/>
    </relation>
    <relation entry1="53" entry2="52" type="PPrel">
        <subtype name="activation" value="-->"/>
    </relation>
    <relation entry1="47" entry2="44" type="PPrel">
        <subtype name="activation" value="-->"/>
    </relation>
    <relation entry1="53" entry2="44" type="PPrel">
        <subtype name="activation" value="-->"/>
    </relation>
    <relation entry1="47" entry2="42" type="PPrel">
        <subtype name="activation" value="-->"/>
    </relation>
    <relation entry1="42" entry2="27" type="PPrel">
        <subtype name="activation" value="-->"/>
    </relation>
    <relation entry1="27" entry2="23" type="PPrel">
        <subtype name="activation" value="-->"/>
    </relation>
    <relation entry1="8" entry2="83" type="PPrel">
        <subtype name="activation" value="-->"/>
    </relation>
    <relation entry1="35" entry2="83" type="PPrel">
        <subtype name="activation" value="-->"/>
    </relation>
    <relation entry1="47" entry2="43" type="PPrel">
        <subtype name="activation" value="-->"/>
    </relation>
    <relation entry1="53" entry2="43" type="PPrel">
        <subtype name="activation" value="-->"/>
    </relation>
    <relation entry1="84" entry2="46" type="PPrel">
        <subtype name="activation" value="-->"/>
    </relation>
    <relation entry1="46" entry2="2" type="PPrel">
        <subtype name="activation" value="-->"/>
    </relation>
    <relation entry1="84" entry2="4" type="PPrel">
        <subtype name="activation" value="-->"/>
    </relation>
    <relation entry1="4" entry2="3" type="PPrel">
        <subtype name="activation" value="-->"/>
    </relation>
    <relation entry1="19" entry2="49" type="PPrel">
        <subtype name="activation" value="-->"/>
    </relation>
    <relation entry1="19" entry2="41" type="PPrel">
        <subtype name="activation" value="-->"/>
    </relation>
    <relation entry1="18" entry2="49" type="PPrel">
        <subtype name="activation" value="-->"/>
    </relation>
    <relation entry1="18" entry2="41" type="PPrel">
        <subtype name="activation" value="-->"/>
    </relation>
    <relation entry1="49" entry2="77" type="PPrel">
        <subtype name="activation" value="-->"/>
    </relation>
    <relation entry1="41" entry2="77" type="PPrel">
        <subtype name="activation" value="-->"/>
    </relation>
    <relation entry1="73" entry2="80" type="PPrel">
        <subtype name="activation" value="-->"/>
    </relation>
    <relation entry1="81" entry2="80" type="PPrel">
        <subtype name="activation" value="-->"/>
    </relation>
    <relation entry1="72" entry2="7" type="PPrel">
        <subtype name="activation" value="-->"/>
    </relation>
    <relation entry1="7" entry2="25" type="PPrel">
        <subtype name="activation" value="-->"/>
    </relation>
    <relation entry1="72" entry2="68" type="PPrel">
        <subtype name="activation" value="-->"/>
    </relation>
    <relation entry1="6" entry2="24" type="PPrel">
        <subtype name="activation" value="-->"/>
    </relation>
    <relation entry1="70" entry2="62" type="PPrel">
        <subtype name="activation" value="-->"/>
    </relation>
    <relation entry1="62" entry2="26" type="PPrel">
        <subtype name="activation" value="-->"/>
    </relation>
    <relation entry1="70" entry2="1" type="PPrel">
        <subtype name="activation" value="-->"/>
    </relation>
    <relation entry1="1" entry2="62" type="PPrel">
        <subtype name="activation" value="-->"/>
    </relation>
    <relation entry1="54" entry2="32" type="PPrel">
        <subtype name="activation" value="-->"/>
    </relation>
    <relation entry1="54" entry2="65" type="PPrel">
        <subtype name="activation" value="-->"/>
    </relation>
    <relation entry1="87" entry2="57" type="PPrel">
        <subtype name="inhibition" value="--|"/>
    </relation>
    <relation entry1="59" entry2="2" type="PPrel">
        <subtype name="inhibition" value="--|"/>
    </relation>
    <relation entry1="42" entry2="8" type="PPrel">
        <subtype name="inhibition" value="--|"/>
    </relation>
    <relation entry1="42" entry2="35" type="PPrel">
        <subtype name="inhibition" value="--|"/>
    </relation>
    <relation entry1="43" entry2="71" type="PPrel">
        <subtype name="inhibition" value="--|"/>
    </relation>
    <relation entry1="77" entry2="22" type="PPrel">
        <subtype name="inhibition" value="--|"/>
    </relation>
    <relation entry1="38" entry2="41" type="PPrel">
        <subtype name="inhibition" value="--|"/>
    </relation>
    <relation entry1="64" entry2="68" type="PPrel">
        <subtype name="inhibition" value="--|"/>
    </relation>
    <relation entry1="70" entry2="6" type="PPrel">
        <subtype name="inhibition" value="--|"/>
    </relation>
    <relation entry1="20" entry2="72" type="PPrel">
        <subtype name="activation" value="-->"/>
        <subtype name="phosphorylation" value="+p"/>
    </relation>
    <relation entry1="85" entry2="40" type="PPrel">
        <subtype name="activation" value="-->"/>
        <subtype name="phosphorylation" value="+p"/>
    </relation>
    <relation entry1="78" entry2="40" type="PPrel">
        <subtype name="activation" value="-->"/>
        <subtype name="phosphorylation" value="+p"/>
    </relation>
    <relation entry1="79" entry2="40" type="PPrel">
        <subtype name="activation" value="-->"/>
        <subtype name="phosphorylation" value="+p"/>
    </relation>
    <relation entry1="79" entry2="72" type="PPrel">
        <subtype name="activation" value="-->"/>
        <subtype name="phosphorylation" value="+p"/>
    </relation>
    <relation entry1="25" entry2="69" type="PPrel">
        <subtype name="activation" value="-->"/>
        <subtype name="phosphorylation" value="+p"/>
    </relation>
    <relation entry1="69" entry2="82" type="PPrel">
        <subtype name="inhibition" value="--|"/>
        <subtype name="phosphorylation" value="+p"/>
    </relation>
    <relation entry1="15" entry2="48" type="PPrel">
        <subtype name="binding/association" value="---"/>
    </relation>
    <relation entry1="52" entry2="59" type="PPrel">
        <subtype name="binding/association" value="---"/>
    </relation>
    <relation entry1="72" entry2="78" type="PPrel">
        <subtype name="binding/association" value="---"/>
    </relation>
    <relation entry1="64" entry2="72" type="PPrel">
        <subtype name="binding/association" value="---"/>
    </relation>
    <relation entry1="13" entry2="12" type="PPrel">
        <subtype name="activation" value="-->"/>
        <subtype name="dephosphorylation" value="-p"/>
    </relation>
    <relation entry1="71" entry2="66" type="PPrel">
        <subtype name="indirect" value="..>"/>
    </relation>
    <relation entry1="51" entry2="5" type="PPrel">
        <subtype name="indirect" value="..>"/>
    </relation>
    <relation entry1="75" entry2="70" type="PPrel">
        <subtype name="activation" value="-->"/>
    </relation>
    <relation entry1="20" entry2="78" type="PPrel">
        <subtype name="activation" value="-->"/>
    </relation>
    <relation entry1="32" entry2="51" type="PPrel">
        <subtype name="indirect" value="..>"/>
    </relation>
</pathway>
