<?xml version="1.0"?>
<!DOCTYPE pathway SYSTEM "http://www.genome.jp/kegg/xml/KGML_v0.6.1_.dtd">
<!-- Creation date: Jul 30 2008 19:30:24 +0900 (JST) -->
<pathway name="path:hsa04140" org="hsa" number="04140"
         title="Regulation of autophagy"
         image="http://www.genome.jp/kegg/pathway/hsa/hsa04140.gif"
         link="http://www.genome.jp/dbget-bin/show_pathway?hsa04140">
    <entry id="1" name="hsa:10533" type="gene"
        link="http://www.genome.jp/dbget-bin/www_bget?hsa+10533">
        <graphics name="ATG7, APG7L" fgcolor="#000000" bgcolor="#BFFFBF"
             type="rectangle" x="424" y="494" width="45" height="17"/>
    </entry>
    <entry id="2" name="cpd:C00350" type="compound"
        link="http://www.genome.jp/dbget-bin/www_bget?compound+C00350">
        <graphics name="C00350" fgcolor="#000000" bgcolor="#FFFFFF"
             type="circle" x="567" y="495" width="8" height="8"/>
    </entry>
    <entry id="3" name="cpd:C04549" type="compound"
        link="http://www.genome.jp/dbget-bin/www_bget?compound+C04549">
        <graphics name="C04549" fgcolor="#000000" bgcolor="#FFFFFF"
             type="circle" x="568" y="356" width="8" height="8"/>
    </entry>
    <entry id="4" name="cpd:C01194" type="compound"
        link="http://www.genome.jp/dbget-bin/www_bget?compound+C01194">
        <graphics name="C01194" fgcolor="#000000" bgcolor="#FFFFFF"
             type="circle" x="503" y="356" width="8" height="8"/>
    </entry>
    <entry id="5" name="hsa:64422" type="gene"
        link="http://www.genome.jp/dbget-bin/www_bget?hsa+64422">
        <graphics name="ATG3, APG3L" fgcolor="#000000" bgcolor="#BFFFBF"
             type="rectangle" x="503" y="494" width="45" height="17"/>
    </entry>
    <entry id="6" name="hsa:10533" type="gene"
        link="http://www.genome.jp/dbget-bin/www_bget?hsa+10533">
        <graphics name="ATG7, APG7L" fgcolor="#000000" bgcolor="#BFFFBF"
             type="rectangle" x="345" y="494" width="45" height="17"/>
    </entry>
    <entry id="7" name="hsa:11337 hsa:23710" type="gene"
        link="http://www.genome.jp/dbget-bin/www_bget?hsa+11337+23710">
        <graphics name="GABARAP..." fgcolor="#000000" bgcolor="#BFFFBF"
             type="rectangle" x="266" y="494" width="45" height="17"/>
    </entry>
    <entry id="8" name="ko:K08340" type="ortholog">
        <graphics name="K08340" fgcolor="#000000" bgcolor="#FFFFFF"
             type="rectangle" x="661" y="434" width="45" height="17"/>
    </entry>
    <entry id="9" name="hsa:9474" type="gene"
        link="http://www.genome.jp/dbget-bin/www_bget?hsa+9474">
        <graphics name="ATG5" fgcolor="#000000" bgcolor="#BFFFBF"
             type="rectangle" x="582" y="434" width="45" height="17"/>
    </entry>
    <entry id="10" name="ko:K08338" type="ortholog">
        <graphics name="K08338" fgcolor="#000000" bgcolor="#FFFFFF"
             type="rectangle" x="503" y="434" width="45" height="17"/>
    </entry>
    <entry id="11" name="hsa:10533" type="gene"
        link="http://www.genome.jp/dbget-bin/www_bget?hsa+10533">
        <graphics name="ATG7, APG7L" fgcolor="#000000" bgcolor="#BFFFBF"
             type="rectangle" x="424" y="434" width="45" height="17"/>
    </entry>
    <entry id="12" name="hsa:9140" type="gene"
        link="http://www.genome.jp/dbget-bin/www_bget?hsa+9140">
        <graphics name="ATG12, APG12L" fgcolor="#000000" bgcolor="#BFFFBF"
             type="rectangle" x="345" y="434" width="45" height="17"/>
    </entry>
    <entry id="13" name="ko:K08335" type="ortholog">
        <graphics name="K08335" fgcolor="#000000" bgcolor="#FFFFFF"
             type="rectangle" x="503" y="293" width="45" height="17"/>
    </entry>
    <entry id="14" name="hsa:30849" type="gene"
        link="http://www.genome.jp/dbget-bin/www_bget?hsa+30849">
        <graphics name="PIK3R4" fgcolor="#000000" bgcolor="#BFFFBF"
             type="rectangle" x="448" y="320" width="45" height="17"/>
    </entry>
    <entry id="15" name="ko:K08332" type="ortholog">
        <graphics name="K08332" fgcolor="#000000" bgcolor="#FFFFFF"
             type="rectangle" x="538" y="202" width="45" height="17"/>
    </entry>
    <entry id="16" name="ko:K08331" type="ortholog">
        <graphics name="K08331" fgcolor="#000000" bgcolor="#FFFFFF"
             type="rectangle" x="538" y="175" width="45" height="17"/>
    </entry>
    <entry id="17" name="hsa:25989 hsa:8408 hsa:9706" type="gene"
        link="http://www.genome.jp/dbget-bin/www_bget?hsa+25989+8408+9706">
        <graphics name="ULK3..." fgcolor="#000000" bgcolor="#BFFFBF"
             type="rectangle" x="468" y="175" width="45" height="17"/>
    </entry>
    <entry id="18" name="ko:K08329" type="ortholog">
        <graphics name="K08329" fgcolor="#000000" bgcolor="#FFFFFF"
             type="rectangle" x="468" y="148" width="45" height="17"/>
    </entry>
    <entry id="19" name="ko:K08330" type="ortholog">
        <graphics name="K08330" fgcolor="#000000" bgcolor="#FFFFFF"
             type="rectangle" x="468" y="202" width="45" height="17"/>
    </entry>
    <entry id="20" name="path:hsa04130" type="map"
        link="http://www.genome.jp/kegg/pathway/hsa/hsa04130.html">
        <graphics name="SNARE interactions in vesicular transport" fgcolor="#000000" bgcolor="#FFFFFF"
             type="roundrectangle" x="504" y="581" width="109" height="40"/>
    </entry>
    <entry id="21" name="cpd:C00913" type="compound"
        link="http://www.genome.jp/dbget-bin/www_bget?compound+C00913">
        <graphics name="C00913" fgcolor="#000000" bgcolor="#FFFFFF"
             type="circle" x="582" y="328" width="8" height="8"/>
    </entry>
    <entry id="23" name="cpd:C15181" type="compound"
        link="http://www.genome.jp/dbget-bin/www_bget?compound+C15181">
        <graphics name="C15181" fgcolor="#000000" bgcolor="#FFFFFF"
             type="circle" x="582" y="313" width="8" height="8"/>
    </entry>
    <entry id="24" name="hsa:3458" type="gene"
        link="http://www.genome.jp/dbget-bin/www_bget?hsa+3458">
        <graphics name="IFNG" fgcolor="#000000" bgcolor="#BFFFBF"
             type="rectangle" x="766" y="229" width="45" height="17"/>
    </entry>
    <entry id="25" name="hsa:3439 hsa:3440 hsa:3441 hsa:3442 hsa:3443 hsa:3444 hsa:3445 hsa:3446 hsa:3447 hsa:3448 hsa:3449 hsa:3451 hsa:3452" type="gene"
        link="http://www.genome.jp/dbget-bin/www_bget?hsa+3439+3440+3441+3442+3443+3444+3445+3446+3447+3448+3449+3451+3452">
        <graphics name="IFNA1..." fgcolor="#000000" bgcolor="#BFFFBF"
             type="rectangle" x="765" y="207" width="45" height="17"/>
    </entry>
    <entry id="26" name="hsa:441925 hsa:8678" type="gene"
        link="http://www.genome.jp/dbget-bin/www_bget?hsa+441925+8678">
        <graphics name="BECN1L1, LOC441925..." fgcolor="#000000" bgcolor="#BFFFBF"
             type="rectangle" x="503" y="266" width="45" height="17"/>
    </entry>
    <entry id="27" name="hsa:5289" type="gene"
        link="http://www.genome.jp/dbget-bin/www_bget?hsa+5289">
        <graphics name="PIK3C3" fgcolor="#000000" bgcolor="#BFFFBF"
             type="rectangle" x="503" y="320" width="45" height="17"/>
    </entry>
    <entry id="28" name="hsa:3630" type="gene"
        link="http://www.genome.jp/dbget-bin/www_bget?hsa+3630">
        <graphics name="INS" fgcolor="#000000" bgcolor="#BFFFBF"
             type="rectangle" x="55" y="174" width="45" height="17"/>
    </entry>
    <entry id="29" name="hsa:5562 hsa:5563" type="gene"
        link="http://www.genome.jp/dbget-bin/www_bget?hsa+5562+5563">
        <graphics name="PRKAA1..." fgcolor="#000000" bgcolor="#BFFFBF"
             type="rectangle" x="238" y="231" width="45" height="17"/>
    </entry>
    <entry id="30" name="path:hsa04140" type="map"
        link="http://www.genome.jp/dbget-bin/get_linkdb?pathway+hsa04140">
        <graphics name="TITLE:Regulation of autophagy" fgcolor="#000000" bgcolor="#FFFFFF"
             type="roundrectangle" x="165" y="40" width="235" height="26"/>
    </entry>
    <entry id="31" name="path:hsa04210" type="map"
        link="http://www.genome.jp/kegg/pathway/hsa/hsa04210.html">
        <graphics name="Apoptosis" fgcolor="#000000" bgcolor="#FFFFFF"
             type="roundrectangle" x="849" y="550" width="93" height="40"/>
    </entry>
    <entry id="32" name="path:hsa01510" type="map"
        link="http://www.genome.jp/kegg/pathway/hsa/hsa01510.html">
        <graphics name="Neurodegenerative Diseases" fgcolor="#000000" bgcolor="#FFFFFF"
             type="roundrectangle" x="710" y="603" width="109" height="40"/>
    </entry>
    <entry id="33" name="path:hsa04612" type="map"
        link="http://www.genome.jp/kegg/pathway/hsa/hsa04612.html">
        <graphics name="Antigen processing and presentation" fgcolor="#000000" bgcolor="#FFFFFF"
             type="roundrectangle" x="709" y="559" width="109" height="40"/>
    </entry>
    <entry id="34" name="path:hsa04010" type="map"
        link="http://www.genome.jp/kegg/pathway/hsa/hsa04010.html">
        <graphics name="MAPK signaling pathway" fgcolor="#000000" bgcolor="#FFFFFF"
             type="roundrectangle" x="331" y="101" width="109" height="40"/>
    </entry>
    <entry id="35" name="path:hsa04150" type="map"
        link="http://www.genome.jp/kegg/pathway/hsa/hsa04150.html">
        <graphics name="mTOR signaling pathway" fgcolor="#000000" bgcolor="#FFFFFF"
             type="roundrectangle" x="331" y="175" width="109" height="40"/>
    </entry>
    <entry id="36" name="path:hsa04910" type="map"
        link="http://www.genome.jp/kegg/pathway/hsa/hsa04910.html">
        <graphics name="Insulin signaling pathway" fgcolor="#000000" bgcolor="#FFFFFF"
             type="roundrectangle" x="163" y="175" width="109" height="40"/>
    </entry>
    <entry id="37" name="undefined" type="group">
        <graphics fgcolor="#000000" bgcolor="#FFFFFF"
             type="rectangle" x="503" y="175" width="135" height="91"/>
        <component id="15"/>
        <component id="16"/>
        <component id="17"/>
        <component id="18"/>
        <component id="19"/>
    </entry>
    <entry id="38" name="undefined" type="group">
        <graphics fgcolor="#000000" bgcolor="#FFFFFF"
             type="rectangle" x="476" y="293" width="120" height="91"/>
        <component id="13"/>
        <component id="14"/>
        <component id="26"/>
        <component id="27"/>
    </entry>
    <relation entry1="14" entry2="27" type="PPrel">
        <subtype name="binding/association" value="---"/>
    </relation>
    <relation entry1="27" entry2="4" type="PCrel">
        <subtype name="binding/association" value="---"/>
    </relation>
    <relation entry1="23" entry2="27" type="PCrel">
        <subtype name="inhibition" value="--|"/>
    </relation>
    <relation entry1="21" entry2="27" type="PCrel">
        <subtype name="inhibition" value="--|"/>
    </relation>
    <relation entry1="12" entry2="11" type="PPrel">
        <subtype name="activation" value="-->"/>
    </relation>
    <relation entry1="7" entry2="6" type="PPrel">
        <subtype name="activation" value="-->"/>
    </relation>
    <relation entry1="6" entry2="1" type="PPrel">
        <subtype name="activation" value="-->"/>
    </relation>
    <relation entry1="1" entry2="5" type="PPrel">
        <subtype name="activation" value="-->"/>
    </relation>
    <relation entry1="5" entry2="2" type="PCrel">
        <subtype name="activation" value="-->"/>
    </relation>
</pathway>
