<?xml version="1.0"?>
<!DOCTYPE pathway SYSTEM "http://www.genome.jp/kegg/xml/KGML_v0.6.1_.dtd">
<!-- Creation date: Jul 30 2008 19:30:24 +0900 (JST) -->
<pathway name="path:hsa00531" org="hsa" number="00531"
         title="Glycosaminoglycan degradation"
         image="http://www.genome.jp/kegg/pathway/hsa/hsa00531.gif"
         link="http://www.genome.jp/dbget-bin/show_pathway?hsa00531">
    <entry id="1" name="glycan:G08421" type="compound"
        link="http://www.genome.jp/dbget-bin/www_bget?glycan+G08421">
        <graphics name="G08421" fgcolor="#000000" bgcolor="#FFFFFF"
             type="circle" x="940" y="738" width="8" height="8"/>
    </entry>
    <entry id="2" name="glycan:G13033" type="compound"
        link="http://www.genome.jp/dbget-bin/www_bget?glycan+G13033">
        <graphics name="G13033" fgcolor="#000000" bgcolor="#FFFFFF"
             type="circle" x="940" y="625" width="8" height="8"/>
    </entry>
    <entry id="3" name="glycan:G06780" type="compound"
        link="http://www.genome.jp/dbget-bin/www_bget?glycan+G06780">
        <graphics name="G06780" fgcolor="#000000" bgcolor="#FFFFFF"
             type="circle" x="940" y="511" width="8" height="8"/>
    </entry>
    <entry id="4" name="glycan:G13032" type="compound"
        link="http://www.genome.jp/dbget-bin/www_bget?glycan+G13032">
        <graphics name="G13032" fgcolor="#000000" bgcolor="#FFFFFF"
             type="circle" x="940" y="392" width="8" height="8"/>
    </entry>
    <entry id="5" name="glycan:G13031" type="compound"
        link="http://www.genome.jp/dbget-bin/www_bget?glycan+G13031">
        <graphics name="G13031" fgcolor="#000000" bgcolor="#FFFFFF"
             type="circle" x="940" y="289" width="8" height="8"/>
    </entry>
    <entry id="6" name="glycan:G02632" type="compound"
        link="http://www.genome.jp/dbget-bin/www_bget?glycan+G02632">
        <graphics name="G02632" fgcolor="#000000" bgcolor="#FFFFFF"
             type="circle" x="600" y="1134" width="8" height="8"/>
    </entry>
    <entry id="7" name="glycan:G09660" type="compound"
        link="http://www.genome.jp/dbget-bin/www_bget?glycan+G09660">
        <graphics name="G09660" fgcolor="#000000" bgcolor="#FFFFFF"
             type="circle" x="600" y="1036" width="8" height="8"/>
    </entry>
    <entry id="8" name="glycan:G13040" type="compound"
        link="http://www.genome.jp/dbget-bin/www_bget?glycan+G13040">
        <graphics name="G13040" fgcolor="#000000" bgcolor="#FFFFFF"
             type="circle" x="600" y="935" width="8" height="8"/>
    </entry>
    <entry id="9" name="glycan:G13039" type="compound"
        link="http://www.genome.jp/dbget-bin/www_bget?glycan+G13039">
        <graphics name="G13039" fgcolor="#000000" bgcolor="#FFFFFF"
             type="circle" x="600" y="839" width="8" height="8"/>
    </entry>
    <entry id="10" name="glycan:G13038" type="compound"
        link="http://www.genome.jp/dbget-bin/www_bget?glycan+G13038">
        <graphics name="G13038" fgcolor="#000000" bgcolor="#FFFFFF"
             type="circle" x="600" y="737" width="8" height="8"/>
    </entry>
    <entry id="11" name="glycan:G13037" type="compound"
        link="http://www.genome.jp/dbget-bin/www_bget?glycan+G13037">
        <graphics name="G13037" fgcolor="#000000" bgcolor="#FFFFFF"
             type="circle" x="600" y="625" width="8" height="8"/>
    </entry>
    <entry id="12" name="glycan:G13036" type="compound"
        link="http://www.genome.jp/dbget-bin/www_bget?glycan+G13036">
        <graphics name="G13036" fgcolor="#000000" bgcolor="#FFFFFF"
             type="circle" x="600" y="511" width="8" height="8"/>
    </entry>
    <entry id="13" name="glycan:G13035" type="compound"
        link="http://www.genome.jp/dbget-bin/www_bget?glycan+G13035">
        <graphics name="G13035" fgcolor="#000000" bgcolor="#FFFFFF"
             type="circle" x="600" y="392" width="8" height="8"/>
    </entry>
    <entry id="14" name="glycan:G13034" type="compound"
        link="http://www.genome.jp/dbget-bin/www_bget?glycan+G13034">
        <graphics name="G13034" fgcolor="#000000" bgcolor="#FFFFFF"
             type="circle" x="600" y="290" width="8" height="8"/>
    </entry>
    <entry id="15" name="glycan:G00872" type="compound"
        link="http://www.genome.jp/dbget-bin/www_bget?glycan+G00872">
        <graphics name="G00872" fgcolor="#000000" bgcolor="#FFFFFF"
             type="circle" x="203" y="738" width="8" height="8"/>
    </entry>
    <entry id="16" name="glycan:G13043" type="compound"
        link="http://www.genome.jp/dbget-bin/www_bget?glycan+G13043">
        <graphics name="G13043" fgcolor="#000000" bgcolor="#FFFFFF"
             type="circle" x="203" y="626" width="8" height="8"/>
    </entry>
    <entry id="17" name="glycan:G12336" type="compound"
        link="http://www.genome.jp/dbget-bin/www_bget?glycan+G12336">
        <graphics name="G12336" fgcolor="#000000" bgcolor="#FFFFFF"
             type="circle" x="203" y="511" width="8" height="8"/>
    </entry>
    <entry id="18" name="glycan:G13042" type="compound"
        link="http://www.genome.jp/dbget-bin/www_bget?glycan+G13042">
        <graphics name="G13042" fgcolor="#000000" bgcolor="#FFFFFF"
             type="circle" x="203" y="392" width="8" height="8"/>
    </entry>
    <entry id="19" name="glycan:G13041" type="compound"
        link="http://www.genome.jp/dbget-bin/www_bget?glycan+G13041">
        <graphics name="G13041" fgcolor="#000000" bgcolor="#FFFFFF"
             type="circle" x="203" y="289" width="8" height="8"/>
    </entry>
    <entry id="20" name="hsa:60495" type="gene" reaction="rn:R07811"
        link="http://www.genome.jp/dbget-bin/www_bget?hsa+60495">
        <graphics name="HPSE2" fgcolor="#000000" bgcolor="#BFFFBF"
             type="rectangle" x="624" y="252" width="45" height="17"/>
    </entry>
    <entry id="21" name="hsa:10855" type="gene" reaction="rn:R07811"
        link="http://www.genome.jp/dbget-bin/www_bget?hsa+10855">
        <graphics name="HPSE" fgcolor="#000000" bgcolor="#BFFFBF"
             type="rectangle" x="575" y="252" width="45" height="17"/>
    </entry>
    <entry id="22" name="path:hsa00534" type="map"
        link="http://www.genome.jp/kegg/pathway/hsa/hsa00534.html">
        <graphics name="Heparan sulfate biosynthesis" fgcolor="#000000" bgcolor="#FFFFFF"
             type="roundrectangle" x="600" y="130" width="93" height="35"/>
    </entry>
    <entry id="23" name="path:hsa00533" type="map"
        link="http://www.genome.jp/kegg/pathway/hsa/hsa00533.html">
        <graphics name="Keratan sulfate biosynthesis" fgcolor="#000000" bgcolor="#FFFFFF"
             type="roundrectangle" x="940" y="130" width="93" height="35"/>
    </entry>
    <entry id="24" name="path:hsa00532" type="map"
        link="http://www.genome.jp/kegg/pathway/hsa/hsa00532.html">
        <graphics name="Chondroitin sulfate biosynthesis" fgcolor="#000000" bgcolor="#FFFFFF"
             type="roundrectangle" x="372" y="130" width="112" height="35"/>
    </entry>
    <entry id="25" name="hsa:2799" type="gene" reaction="rn:R07808"
        link="http://www.genome.jp/dbget-bin/www_bget?hsa+2799">
        <graphics name="GNS" fgcolor="#000000" bgcolor="#BFFFBF"
             type="rectangle" x="941" y="582" width="45" height="17"/>
    </entry>
    <entry id="26" name="path:hsa00531" type="map"
        link="http://www.genome.jp/dbget-bin/get_linkdb?pathway+hsa00531">
        <graphics name="TITLE:Glycosaminoglycan degradation" fgcolor="#000000" bgcolor="#FFFFFF"
             type="roundrectangle" x="196" y="53" width="287" height="27"/>
    </entry>
    <entry id="27" name="cpd:C00925" type="compound"
        link="http://www.genome.jp/dbget-bin/www_bget?compound+C00925">
        <graphics name="C00925" fgcolor="#000000" bgcolor="#FFFFFF"
             type="circle" x="600" y="204" width="8" height="8"/>
    </entry>
    <entry id="28" name="undefined:" type="undefined">
        <graphics name="3.2.1.103" fgcolor="#000000" bgcolor="#FFFFFF"
             type="rectangle" x="941" y="252" width="45" height="17"/>
    </entry>
    <entry id="29" name="hsa:3423" type="gene" reaction="rn:R07821"
        link="http://www.genome.jp/dbget-bin/www_bget?hsa+3423">
        <graphics name="IDS, SIDS" fgcolor="#000000" bgcolor="#BFFFBF"
             type="rectangle" x="204" y="354" width="45" height="17"/>
    </entry>
    <entry id="30" name="hsa:3423" type="gene" reaction="rn:R07812"
        link="http://www.genome.jp/dbget-bin/www_bget?hsa+3423">
        <graphics name="IDS, SIDS" fgcolor="#000000" bgcolor="#BFFFBF"
             type="rectangle" x="600" y="358" width="46" height="17"/>
    </entry>
    <entry id="31" name="hsa:2588" type="gene" reaction="rn:R07806"
        link="http://www.genome.jp/dbget-bin/www_bget?hsa+2588">
        <graphics name="GALNS" fgcolor="#000000" bgcolor="#BFFFBF"
             type="rectangle" x="941" y="355" width="46" height="17"/>
    </entry>
    <entry id="32" name="hsa:3425" type="gene" reaction="rn:R07822"
        link="http://www.genome.jp/dbget-bin/www_bget?hsa+3425">
        <graphics name="IDUA" fgcolor="#000000" bgcolor="#BFFFBF"
             type="rectangle" x="204" y="464" width="45" height="17"/>
    </entry>
    <entry id="33" name="hsa:3425" type="gene" reaction="rn:R07813"
        link="http://www.genome.jp/dbget-bin/www_bget?hsa+3425">
        <graphics name="IDUA" fgcolor="#000000" bgcolor="#BFFFBF"
             type="rectangle" x="600" y="464" width="45" height="17"/>
    </entry>
    <entry id="34" name="hsa:411" type="gene" reaction="rn:R07823"
        link="http://www.genome.jp/dbget-bin/www_bget?hsa+411">
        <graphics name="ARSB" fgcolor="#000000" bgcolor="#BFFFBF"
             type="rectangle" x="204" y="582" width="45" height="17"/>
    </entry>
    <entry id="35" name="undefined:" type="undefined">
        <graphics name="3.10.1.1" fgcolor="#000000" bgcolor="#FFFFFF"
             type="rectangle" x="600" y="582" width="46" height="17"/>
    </entry>
    <entry id="36" name="hsa:2720 hsa:3938" type="gene" reaction="rn:R07807"
        link="http://www.genome.jp/dbget-bin/www_bget?hsa+2720+3938">
        <graphics name="GLB1, ELNR1..." fgcolor="#000000" bgcolor="#BFFFBF"
             type="rectangle" x="941" y="464" width="45" height="17"/>
    </entry>
    <entry id="37" name="hsa:3373 hsa:6677 hsa:8692" type="gene" reaction="rn:R07824"
        link="http://www.genome.jp/dbget-bin/www_bget?hsa+3373+6677+8692">
        <graphics name="HYAL1..." fgcolor="#000000" bgcolor="#BFFFBF"
             type="rectangle" x="204" y="690" width="45" height="17"/>
    </entry>
    <entry id="38" name="hsa:138050" type="gene" reaction="rn:R07815"
        link="http://www.genome.jp/dbget-bin/www_bget?hsa+138050">
        <graphics name="HGSNAT, TMEM76" fgcolor="#000000" bgcolor="#BFFFBF"
             type="rectangle" x="600" y="690" width="46" height="17"/>
    </entry>
    <entry id="39" name="hsa:3073 hsa:3074" type="gene" reaction="rn:R07810"
        link="http://www.genome.jp/dbget-bin/www_bget?hsa+3073+3074">
        <graphics name="HEXA..." fgcolor="#000000" bgcolor="#BFFFBF"
             type="rectangle" x="1098" y="582" width="45" height="17"/>
    </entry>
    <entry id="40" name="hsa:3373 hsa:6677 hsa:8692" type="gene" reaction="rn:R07825"
        link="http://www.genome.jp/dbget-bin/www_bget?hsa+3373+6677+8692">
        <graphics name="HYAL1..." fgcolor="#000000" bgcolor="#BFFFBF"
             type="rectangle" x="61" y="582" width="45" height="17"/>
    </entry>
    <entry id="41" name="hsa:4669" type="gene" reaction="rn:R07816"
        link="http://www.genome.jp/dbget-bin/www_bget?hsa+4669">
        <graphics name="NAGLU" fgcolor="#000000" bgcolor="#BFFFBF"
             type="rectangle" x="600" y="799" width="46" height="17"/>
    </entry>
    <entry id="42" name="undefined:" type="undefined">
        <graphics name="3.1.6.18" fgcolor="#000000" bgcolor="#FFFFFF"
             type="rectangle" x="600" y="894" width="45" height="17"/>
    </entry>
    <entry id="43" name="hsa:3073 hsa:3074" type="gene" reaction="rn:R07809"
        link="http://www.genome.jp/dbget-bin/www_bget?hsa+3073+3074">
        <graphics name="HEXA..." fgcolor="#000000" bgcolor="#BFFFBF"
             type="rectangle" x="941" y="690" width="45" height="17"/>
    </entry>
    <entry id="44" name="hsa:2990" type="gene" reaction="rn:R07818"
        link="http://www.genome.jp/dbget-bin/www_bget?hsa+2990">
        <graphics name="GUSB" fgcolor="#000000" bgcolor="#BFFFBF"
             type="rectangle" x="600" y="994" width="46" height="17"/>
    </entry>
    <entry id="45" name="hsa:2799" type="gene" reaction="rn:R07819"
        link="http://www.genome.jp/dbget-bin/www_bget?hsa+2799">
        <graphics name="GNS" fgcolor="#000000" bgcolor="#BFFFBF"
             type="rectangle" x="600" y="1095" width="46" height="17"/>
    </entry>
    <entry id="46" name="cpd:C00426" type="compound"
        link="http://www.genome.jp/dbget-bin/www_bget?compound+C00426">
        <graphics name="C00426" fgcolor="#000000" bgcolor="#FFFFFF"
             type="circle" x="203" y="204" width="8" height="8"/>
    </entry>
    <entry id="47" name="cpd:C00634" type="compound"
        link="http://www.genome.jp/dbget-bin/www_bget?compound+C00634">
        <graphics name="C00634" fgcolor="#000000" bgcolor="#FFFFFF"
             type="circle" x="373" y="510" width="8" height="8"/>
    </entry>
    <entry id="48" name="cpd:C00573" type="compound"
        link="http://www.genome.jp/dbget-bin/www_bget?compound+C00573">
        <graphics name="C00573" fgcolor="#000000" bgcolor="#FFFFFF"
             type="circle" x="940" y="204" width="8" height="8"/>
    </entry>
    <relation entry1="29" entry2="32" type="ECrel">
        <subtype name="compound" value="18"/>
    </relation>
    <relation entry1="32" entry2="34" type="ECrel">
        <subtype name="compound" value="17"/>
    </relation>
    <relation entry1="32" entry2="40" type="ECrel">
        <subtype name="compound" value="17"/>
    </relation>
    <relation entry1="34" entry2="40" type="ECrel">
        <subtype name="compound" value="17"/>
    </relation>
    <relation entry1="34" entry2="37" type="ECrel">
        <subtype name="compound" value="16"/>
    </relation>
    <relation entry1="21" entry2="30" type="ECrel">
        <subtype name="compound" value="14"/>
    </relation>
    <relation entry1="20" entry2="30" type="ECrel">
        <subtype name="compound" value="14"/>
    </relation>
    <relation entry1="30" entry2="33" type="ECrel">
        <subtype name="compound" value="13"/>
    </relation>
    <relation entry1="38" entry2="41" type="ECrel">
        <subtype name="compound" value="10"/>
    </relation>
    <relation entry1="44" entry2="45" type="ECrel">
        <subtype name="compound" value="7"/>
    </relation>
    <relation entry1="25" entry2="43" type="ECrel">
        <subtype name="compound" value="2"/>
    </relation>
    <relation entry1="25" entry2="36" type="ECrel">
        <subtype name="compound" value="3"/>
    </relation>
    <relation entry1="36" entry2="39" type="ECrel">
        <subtype name="compound" value="3"/>
    </relation>
    <relation entry1="25" entry2="39" type="ECrel">
        <subtype name="compound" value="3"/>
    </relation>
    <relation entry1="31" entry2="36" type="ECrel">
        <subtype name="compound" value="4"/>
    </relation>
    <relation entry1="21" entry2="22" type="maplink">
        <subtype name="compound" value="27"/>
    </relation>
    <relation entry1="20" entry2="22" type="maplink">
        <subtype name="compound" value="27"/>
    </relation>
    <reaction name="rn:R07811" type="irreversible">
        <substrate name="cpd:C00925"/>
        <product name="gl:G13034"/>
    </reaction>
    <reaction name="rn:R07808" type="irreversible">
        <substrate name="gl:G06780"/>
        <product name="gl:G13033"/>
    </reaction>
    <reaction name="rn:R07821" type="irreversible">
        <substrate name="gl:G13041"/>
        <product name="gl:G13042"/>
    </reaction>
    <reaction name="rn:R07812" type="irreversible">
        <substrate name="gl:G13034"/>
        <product name="gl:G13035"/>
    </reaction>
    <reaction name="rn:R07806" type="irreversible">
        <substrate name="gl:G13031"/>
        <product name="gl:G13032"/>
    </reaction>
    <reaction name="rn:R07822" type="irreversible">
        <substrate name="gl:G13042"/>
        <product name="gl:G12336"/>
    </reaction>
    <reaction name="rn:R07813" type="irreversible">
        <substrate name="gl:G13035"/>
        <product name="gl:G13036"/>
    </reaction>
    <reaction name="rn:R07823" type="irreversible">
        <substrate name="gl:G12336"/>
        <product name="gl:G13043"/>
    </reaction>
    <reaction name="rn:R07807" type="irreversible">
        <substrate name="gl:G13032"/>
        <product name="cpd:C00124"/>
        <product name="gl:G06780"/>
    </reaction>
    <reaction name="rn:R07824" type="irreversible">
        <substrate name="gl:G13043"/>
        <product name="gl:G00872"/>
    </reaction>
    <reaction name="rn:R07815" type="irreversible">
        <substrate name="gl:G13037"/>
        <product name="gl:G13038"/>
    </reaction>
    <reaction name="rn:R07810" type="irreversible">
        <substrate name="gl:G06780"/>
        <product name="gl:G08421"/>
    </reaction>
    <reaction name="rn:R07825" type="irreversible">
        <substrate name="gl:G12336"/>
        <product name="gl:G00872"/>
    </reaction>
    <reaction name="rn:R07816" type="irreversible">
        <substrate name="gl:G13038"/>
        <product name="gl:G13039"/>
    </reaction>
    <reaction name="rn:R07809" type="irreversible">
        <substrate name="gl:G13033"/>
        <product name="gl:G08421"/>
    </reaction>
    <reaction name="rn:R07818" type="irreversible">
        <substrate name="gl:G13040"/>
        <product name="gl:G09660"/>
    </reaction>
    <reaction name="rn:R07819" type="irreversible">
        <substrate name="gl:G09660"/>
        <product name="gl:G02632"/>
    </reaction>
</pathway>
