<?xml version="1.0"?>
<!DOCTYPE pathway SYSTEM "http://www.genome.jp/kegg/xml/KGML_v0.6.1_.dtd">
<!-- Creation date: Jan 27 2009 04:16:00 +0900 (JST) -->
<pathway name="path:hsa04070" org="hsa" number="04070"
         title="Phosphatidylinositol signaling system"
         image="http://www.genome.jp/kegg/pathway/hsa/hsa04070.gif"
         link="http://www.genome.jp/dbget-bin/show_pathway?hsa04070">
    <entry id="1" name="hsa:5728" type="gene"
        link="http://www.genome.jp/dbget-bin/www_bget?hsa+5728">
        <graphics name="PTEN" fgcolor="#000000" bgcolor="#BFFFBF"
             type="rectangle" x="200" y="657" width="46" height="17"/>
    </entry>
    <entry id="2" name="hsa:5728" type="gene"
        link="http://www.genome.jp/dbget-bin/www_bget?hsa+5728">
        <graphics name="PTEN" fgcolor="#000000" bgcolor="#BFFFBF"
             type="rectangle" x="331" y="487" width="46" height="17"/>
    </entry>
    <entry id="3" name="hsa:64768" type="gene" reaction="rn:R05202"
        link="http://www.genome.jp/dbget-bin/www_bget?hsa+64768">
        <graphics name="IPPK" fgcolor="#000000" bgcolor="#BFFFBF"
             type="rectangle" x="1066" y="370" width="46" height="17"/>
    </entry>
    <entry id="4" name="cpd:C11554" type="compound"
        link="http://www.genome.jp/dbget-bin/www_bget?compound+C11554">
        <graphics name="C11554" fgcolor="#000000" bgcolor="#FFFFFF"
             type="circle" x="487" y="656" width="8" height="8"/>
    </entry>
    <entry id="5" name="cpd:C11556" type="compound"
        link="http://www.genome.jp/dbget-bin/www_bget?compound+C11556">
        <graphics name="C11556" fgcolor="#000000" bgcolor="#FFFFFF"
             type="circle" x="487" y="359" width="8" height="8"/>
    </entry>
    <entry id="6" name="cpd:C11557" type="compound"
        link="http://www.genome.jp/dbget-bin/www_bget?compound+C11557">
        <graphics name="C11557" fgcolor="#000000" bgcolor="#FFFFFF"
             type="circle" x="259" y="154" width="8" height="8"/>
    </entry>
    <entry id="7" name="hsa:113026 hsa:23236 hsa:51196 hsa:5330 hsa:5331 hsa:5332 hsa:5333 hsa:5335 hsa:5336 hsa:84812 hsa:89869" type="gene"
        link="http://www.genome.jp/dbget-bin/www_bget?hsa+113026+23236+51196+5330+5331+5332+5333+5335+5336+84812+89869">
        <graphics name="PLCD3..." fgcolor="#000000" bgcolor="#BFFFBF"
             type="rectangle" x="850" y="293" width="46" height="17"/>
    </entry>
    <entry id="8" name="hsa:113026 hsa:23236 hsa:51196 hsa:5330 hsa:5331 hsa:5332 hsa:5333 hsa:5335 hsa:5336 hsa:84812 hsa:89869" type="gene" reaction="rn:R03435"
        link="http://www.genome.jp/dbget-bin/www_bget?hsa+113026+23236+51196+5330+5331+5332+5333+5335+5336+84812+89869">
        <graphics name="PLCD3..." fgcolor="#000000" bgcolor="#BFFFBF"
             type="rectangle" x="700" y="293" width="46" height="17"/>
    </entry>
    <entry id="9" name="cpd:C11174" type="compound"
        link="http://www.genome.jp/dbget-bin/www_bget?compound+C11174">
        <graphics name="C11174" fgcolor="#000000" bgcolor="#FFFFFF"
             type="circle" x="1203" y="371" width="8" height="8"/>
    </entry>
    <entry id="10" name="cpd:C00076" type="compound"
        link="http://www.genome.jp/dbget-bin/www_bget?compound+C00076">
        <graphics name="C00076" fgcolor="#000000" bgcolor="#FFFFFF"
             type="circle" x="891" y="793" width="8" height="8"/>
    </entry>
    <entry id="11" name="path:hsa04510" type="map"
        link="http://www.genome.jp/kegg/pathway/hsa/hsa04510.html">
        <graphics name="Focal adhesion" fgcolor="#000000" bgcolor="#FFFFFF"
             type="roundrectangle" x="694" y="122" width="102" height="25"/>
    </entry>
    <entry id="12" name="cpd:C01243" type="compound"
        link="http://www.genome.jp/dbget-bin/www_bget?compound+C01243">
        <graphics name="C01243" fgcolor="#000000" bgcolor="#FFFFFF"
             type="circle" x="806" y="469" width="8" height="8"/>
    </entry>
    <entry id="13" name="cpd:C01272" type="compound"
        link="http://www.genome.jp/dbget-bin/www_bget?compound+C01272">
        <graphics name="C01272" fgcolor="#000000" bgcolor="#FFFFFF"
             type="circle" x="700" y="469" width="8" height="8"/>
    </entry>
    <entry id="14" name="cpd:C03546" type="compound"
        link="http://www.genome.jp/dbget-bin/www_bget?compound+C03546">
        <graphics name="C03546" fgcolor="#000000" bgcolor="#FFFFFF"
             type="circle" x="1024" y="549" width="8" height="8"/>
    </entry>
    <entry id="15" name="cpd:C04006" type="compound"
        link="http://www.genome.jp/dbget-bin/www_bget?compound+C04006">
        <graphics name="C04006" fgcolor="#000000" bgcolor="#FFFFFF"
             type="circle" x="1024" y="499" width="8" height="8"/>
    </entry>
    <entry id="16" name="cpd:C01177" type="compound"
        link="http://www.genome.jp/dbget-bin/www_bget?compound+C01177">
        <graphics name="C01177" fgcolor="#000000" bgcolor="#FFFFFF"
             type="circle" x="1024" y="440" width="8" height="8"/>
    </entry>
    <entry id="17" name="cpd:C01284" type="compound"
        link="http://www.genome.jp/dbget-bin/www_bget?compound+C01284">
        <graphics name="C01284" fgcolor="#000000" bgcolor="#FFFFFF"
             type="circle" x="1024" y="371" width="8" height="8"/>
    </entry>
    <entry id="18" name="cpd:C01245" type="compound"
        link="http://www.genome.jp/dbget-bin/www_bget?compound+C01245">
        <graphics name="C01245" fgcolor="#000000" bgcolor="#FFFFFF"
             type="circle" x="805" y="549" width="8" height="8"/>
    </entry>
    <entry id="19" name="cpd:C01220" type="compound"
        link="http://www.genome.jp/dbget-bin/www_bget?compound+C01220">
        <graphics name="C01220" fgcolor="#000000" bgcolor="#FFFFFF"
             type="circle" x="920" y="549" width="8" height="8"/>
    </entry>
    <entry id="20" name="cpd:C04063" type="compound"
        link="http://www.genome.jp/dbget-bin/www_bget?compound+C04063">
        <graphics name="C04063" fgcolor="#000000" bgcolor="#FFFFFF"
             type="circle" x="920" y="499" width="8" height="8"/>
    </entry>
    <entry id="21" name="cpd:C04062" type="compound"
        link="http://www.genome.jp/dbget-bin/www_bget?compound+C04062">
        <graphics name="C04062" fgcolor="#000000" bgcolor="#FFFFFF"
             type="circle" x="920" y="440" width="8" height="8"/>
    </entry>
    <entry id="22" name="cpd:C04477" type="compound"
        link="http://www.genome.jp/dbget-bin/www_bget?compound+C04477">
        <graphics name="C04477" fgcolor="#000000" bgcolor="#FFFFFF"
             type="circle" x="920" y="371" width="8" height="8"/>
    </entry>
    <entry id="23" name="cpd:C04637" type="compound"
        link="http://www.genome.jp/dbget-bin/www_bget?compound+C04637">
        <graphics name="C04637" fgcolor="#000000" bgcolor="#FFFFFF"
             type="circle" x="487" y="154" width="8" height="8"/>
    </entry>
    <entry id="24" name="cpd:C00137" type="compound"
        link="http://www.genome.jp/dbget-bin/www_bget?compound+C00137">
        <graphics name="C00137" fgcolor="#000000" bgcolor="#FFFFFF"
             type="circle" x="1116" y="499" width="8" height="8"/>
    </entry>
    <entry id="25" name="cpd:C01204" type="compound"
        link="http://www.genome.jp/dbget-bin/www_bget?compound+C01204">
        <graphics name="C01204" fgcolor="#000000" bgcolor="#FFFFFF"
             type="circle" x="1116" y="371" width="8" height="8"/>
    </entry>
    <entry id="26" name="cpd:C00269" type="compound"
        link="http://www.genome.jp/dbget-bin/www_bget?compound+C00269">
        <graphics name="C00269" fgcolor="#000000" bgcolor="#FFFFFF"
             type="circle" x="1100" y="669" width="8" height="8"/>
    </entry>
    <entry id="27" name="cpd:C00416" type="compound"
        link="http://www.genome.jp/dbget-bin/www_bget?compound+C00416">
        <graphics name="C00416" fgcolor="#000000" bgcolor="#FFFFFF"
             type="circle" x="995" y="669" width="8" height="8"/>
    </entry>
    <entry id="28" name="cpd:C00165 cpd:C00641" type="compound"
        link="http://www.genome.jp/dbget-bin/www_bget?compound+C00165+C00641">
        <graphics name="C00165..." fgcolor="#000000" bgcolor="#FFFFFF"
             type="circle" x="805" y="669" width="8" height="8"/>
    </entry>
    <entry id="29" name="cpd:C04549" type="compound"
        link="http://www.genome.jp/dbget-bin/www_bget?compound+C04549">
        <graphics name="C04549" fgcolor="#000000" bgcolor="#FFFFFF"
             type="circle" x="260" y="657" width="8" height="8"/>
    </entry>
    <entry id="30" name="cpd:C05981" type="compound"
        link="http://www.genome.jp/dbget-bin/www_bget?compound+C05981">
        <graphics name="C05981" fgcolor="#000000" bgcolor="#FFFFFF"
             type="circle" x="611" y="359" width="8" height="8"/>
    </entry>
    <entry id="31" name="cpd:C01277" type="compound"
        link="http://www.genome.jp/dbget-bin/www_bget?compound+C01277">
        <graphics name="C01277" fgcolor="#000000" bgcolor="#FFFFFF"
             type="circle" x="260" y="359" width="8" height="8"/>
    </entry>
    <entry id="32" name="cpd:C01194" type="compound"
        link="http://www.genome.jp/dbget-bin/www_bget?compound+C01194">
        <graphics name="C01194" fgcolor="#000000" bgcolor="#FFFFFF"
             type="circle" x="158" y="359" width="8" height="8"/>
    </entry>
    <entry id="33" name="hsa:163688 hsa:51806 hsa:801 hsa:805 hsa:808 hsa:810" type="gene"
        link="http://www.genome.jp/dbget-bin/www_bget?hsa+163688+51806+801+805+808+810">
        <graphics name="CALML6..." fgcolor="#000000" bgcolor="#BFFFBF"
             type="rectangle" x="892" y="829" width="46" height="17"/>
    </entry>
    <entry id="34" name="hsa:5578 hsa:5579 hsa:5582" type="gene"
        link="http://www.genome.jp/dbget-bin/www_bget?hsa+5578+5579+5582">
        <graphics name="PRKCA..." fgcolor="#000000" bgcolor="#BFFFBF"
             type="rectangle" x="971" y="793" width="46" height="17"/>
    </entry>
    <entry id="35" name="hsa:3708 hsa:3709 hsa:3710" type="gene"
        link="http://www.genome.jp/dbget-bin/www_bget?hsa+3708+3709+3710">
        <graphics name="ITPR1..." fgcolor="#000000" bgcolor="#BFFFBF"
             type="rectangle" x="824" y="793" width="46" height="17"/>
    </entry>
    <entry id="36" name="hsa:10423" type="gene" reaction="rn:R01802"
        link="http://www.genome.jp/dbget-bin/www_bget?hsa+10423">
        <graphics name="CDIPT" fgcolor="#000000" bgcolor="#BFFFBF"
             type="rectangle" x="442" y="863" width="46" height="17"/>
    </entry>
    <entry id="37" name="hsa:23533 hsa:5290 hsa:5291 hsa:5293 hsa:5294 hsa:5295 hsa:5296 hsa:8503" type="gene" reaction="rn:R04545"
        link="http://www.genome.jp/dbget-bin/www_bget?hsa+23533+5290+5291+5293+5294+5295+5296+8503">
        <graphics name="PIK3R5..." fgcolor="#000000" bgcolor="#BFFFBF"
             type="rectangle" x="634" y="201" width="46" height="17"/>
    </entry>
    <entry id="38" name="hsa:200576 hsa:23396 hsa:5305 hsa:79837 hsa:8394 hsa:8395 hsa:8396" type="gene" reaction="rn:R03469"
        link="http://www.genome.jp/dbget-bin/www_bget?hsa+200576+23396+5305+79837+8394+8395+8396">
        <graphics name="PIP5K3..." fgcolor="#000000" bgcolor="#BFFFBF"
             type="rectangle" x="419" y="192" width="46" height="17"/>
    </entry>
    <entry id="39" name="ko:K02648" type="ortholog">
        <graphics name="K02648" fgcolor="#000000" bgcolor="#FFFFFF"
             type="rectangle" x="205" y="153" width="46" height="17"/>
    </entry>
    <entry id="40" name="hsa:5297 hsa:5298" type="gene" reaction="rn:R03361"
        link="http://www.genome.jp/dbget-bin/www_bget?hsa+5297+5298">
        <graphics name="PI4KA..." fgcolor="#000000" bgcolor="#BFFFBF"
             type="rectangle" x="205" y="358" width="46" height="17"/>
    </entry>
    <entry id="41" name="hsa:23533 hsa:5289 hsa:5295 hsa:5296 hsa:8503" type="gene" reaction="rn:R03362"
        link="http://www.genome.jp/dbget-bin/www_bget?hsa+23533+5289+5295+5296+8503">
        <graphics name="PIK3R5..." fgcolor="#000000" bgcolor="#BFFFBF"
             type="rectangle" x="200" y="629" width="46" height="17"/>
    </entry>
    <entry id="42" name="hsa:1040 hsa:8760" type="gene" reaction="rn:R01799"
        link="http://www.genome.jp/dbget-bin/www_bget?hsa+1040+8760">
        <graphics name="CDS1..." fgcolor="#000000" bgcolor="#BFFFBF"
             type="rectangle" x="1045" y="668" width="46" height="17"/>
    </entry>
    <entry id="43" name="hsa:1606 hsa:1607 hsa:1608 hsa:160851 hsa:1609 hsa:8525 hsa:8526 hsa:8527 hsa:9162" type="gene" reaction="rn:R02240"
        link="http://www.genome.jp/dbget-bin/www_bget?hsa+1606+1607+1608+160851+1609+8525+8526+8527+9162">
        <graphics name="DGKA..." fgcolor="#000000" bgcolor="#BFFFBF"
             type="rectangle" x="936" y="668" width="46" height="17"/>
    </entry>
    <entry id="44" name="hsa:3631 hsa:8821" type="gene" reaction="rn:R04372"
        link="http://www.genome.jp/dbget-bin/www_bget?hsa+3631+8821">
        <graphics name="INPP4A..." fgcolor="#000000" bgcolor="#BFFFBF"
             type="rectangle" x="331" y="648" width="46" height="17"/>
    </entry>
    <entry id="45" name="hsa:23533 hsa:5286 hsa:5287 hsa:5288 hsa:5295 hsa:5296 hsa:8503" type="gene" reaction="rn:R05795"
        link="http://www.genome.jp/dbget-bin/www_bget?hsa+23533+5286+5287+5288+5295+5296+8503">
        <graphics name="PIK3R5..." fgcolor="#000000" bgcolor="#BFFFBF"
             type="rectangle" x="419" y="528" width="46" height="17"/>
    </entry>
    <entry id="46" name="ko:K00921" type="ortholog">
        <graphics name="K00921" fgcolor="#000000" bgcolor="#FFFFFF"
             type="rectangle" x="419" y="450" width="46" height="17"/>
    </entry>
    <entry id="47" name="hsa:114971 hsa:3633 hsa:4952 hsa:56623 hsa:8867 hsa:8871" type="gene" reaction="rn:R04404"
        link="http://www.genome.jp/dbget-bin/www_bget?hsa+114971+3633+4952+56623+8867+8871">
        <graphics name="PTPMT1..." fgcolor="#000000" bgcolor="#BFFFBF"
             type="rectangle" x="331" y="321" width="46" height="17"/>
    </entry>
    <entry id="48" name="ko:K00920" type="ortholog">
        <graphics name="K00920" fgcolor="#000000" bgcolor="#FFFFFF"
             type="rectangle" x="419" y="144" width="46" height="17"/>
    </entry>
    <entry id="49" name="ko:K00915" type="ortholog">
        <graphics name="K00915" fgcolor="#000000" bgcolor="#FFFFFF"
             type="rectangle" x="969" y="370" width="46" height="17"/>
    </entry>
    <entry id="50" name="ko:K01108" type="ortholog">
        <graphics name="K01108" fgcolor="#000000" bgcolor="#FFFFFF"
             type="rectangle" x="969" y="439" width="46" height="17"/>
    </entry>
    <entry id="51" name="hsa:3612 hsa:3613" type="gene" reaction="rn:R01186"
        link="http://www.genome.jp/dbget-bin/www_bget?hsa+3612+3613">
        <graphics name="IMPA1..." fgcolor="#000000" bgcolor="#BFFFBF"
             type="rectangle" x="1062" y="547" width="46" height="17"/>
    </entry>
    <entry id="52" name="hsa:3612 hsa:3613" type="gene" reaction="rn:R01185"
        link="http://www.genome.jp/dbget-bin/www_bget?hsa+3612+3613">
        <graphics name="IMPA1..." fgcolor="#000000" bgcolor="#BFFFBF"
             type="rectangle" x="1062" y="439" width="46" height="17"/>
    </entry>
    <entry id="53" name="hsa:3612 hsa:3613" type="gene" reaction="rn:R01187"
        link="http://www.genome.jp/dbget-bin/www_bget?hsa+3612+3613">
        <graphics name="IMPA1..." fgcolor="#000000" bgcolor="#BFFFBF"
             type="rectangle" x="1062" y="497" width="46" height="17"/>
    </entry>
    <entry id="54" name="hsa:3631 hsa:8821" type="gene" reaction="rn:R04372"
        link="http://www.genome.jp/dbget-bin/www_bget?hsa+3631+8821">
        <graphics name="INPP4A..." fgcolor="#000000" bgcolor="#BFFFBF"
             type="rectangle" x="969" y="497" width="46" height="17"/>
    </entry>
    <entry id="55" name="hsa:3628" type="gene" reaction="rn:R03427"
        link="http://www.genome.jp/dbget-bin/www_bget?hsa+3628">
        <graphics name="INPP1" fgcolor="#000000" bgcolor="#BFFFBF"
             type="rectangle" x="969" y="547" width="46" height="17"/>
    </entry>
    <entry id="56" name="hsa:27124 hsa:3632 hsa:3636 hsa:51763" type="gene" reaction="rn:R03394"
        link="http://www.genome.jp/dbget-bin/www_bget?hsa+27124+3632+3636+51763">
        <graphics name="INPP5J..." fgcolor="#000000" bgcolor="#BFFFBF"
             type="rectangle" x="860" y="547" width="46" height="17"/>
    </entry>
    <entry id="57" name="hsa:3628" type="gene" reaction="rn:R03393"
        link="http://www.genome.jp/dbget-bin/www_bget?hsa+3628">
        <graphics name="INPP1" fgcolor="#000000" bgcolor="#BFFFBF"
             type="rectangle" x="860" y="497" width="46" height="17"/>
    </entry>
    <entry id="58" name="hsa:27124 hsa:3632 hsa:3636 hsa:51763" type="gene" reaction="rn:R03430"
        link="http://www.genome.jp/dbget-bin/www_bget?hsa+27124+3632+3636+51763">
        <graphics name="INPP5J..." fgcolor="#000000" bgcolor="#BFFFBF"
             type="rectangle" x="754" y="469" width="46" height="17"/>
    </entry>
    <entry id="59" name="hsa:3705" type="gene" reaction="rn:R03429"
        link="http://www.genome.jp/dbget-bin/www_bget?hsa+3705">
        <graphics name="ITPK1" fgcolor="#000000" bgcolor="#BFFFBF"
             type="rectangle" x="860" y="370" width="46" height="17"/>
    </entry>
    <entry id="60" name="hsa:3706 hsa:3707" type="gene" reaction="rn:R03433"
        link="http://www.genome.jp/dbget-bin/www_bget?hsa+3706+3707">
        <graphics name="ITPKA..." fgcolor="#000000" bgcolor="#BFFFBF"
             type="rectangle" x="762" y="510" width="46" height="17"/>
    </entry>
    <entry id="61" name="hsa:113026 hsa:23236 hsa:51196 hsa:5330 hsa:5331 hsa:5332 hsa:5333 hsa:5335 hsa:5336 hsa:84812 hsa:89869" type="gene"
        link="http://www.genome.jp/dbget-bin/www_bget?hsa+113026+23236+51196+5330+5331+5332+5333+5335+5336+84812+89869">
        <graphics name="PLCD3..." fgcolor="#000000" bgcolor="#BFFFBF"
             type="rectangle" x="718" y="580" width="46" height="17"/>
    </entry>
    <entry id="62" name="hsa:3635" type="gene"
        link="http://www.genome.jp/dbget-bin/www_bget?hsa+3635">
        <graphics name="INPP5D" fgcolor="#000000" bgcolor="#BFFFBF"
             type="rectangle" x="613" y="606" width="46" height="17"/>
    </entry>
    <entry id="63" name="ko:K01108" type="ortholog">
        <graphics name="K01108" fgcolor="#000000" bgcolor="#FFFFFF"
             type="rectangle" x="200" y="676" width="46" height="17"/>
    </entry>
    <entry id="64" name="ko:K01108" type="ortholog">
        <graphics name="K01108" fgcolor="#000000" bgcolor="#FFFFFF"
             type="rectangle" x="331" y="506" width="46" height="17"/>
    </entry>
    <entry id="65" name="hsa:5728" type="gene" reaction="rn:R04513"
        link="http://www.genome.jp/dbget-bin/www_bget?hsa+5728">
        <graphics name="PTEN" fgcolor="#000000" bgcolor="#BFFFBF"
             type="rectangle" x="586" y="201" width="46" height="17"/>
    </entry>
    <entry id="66" name="path:hsa04070" type="map"
        link="http://www.genome.jp/dbget-bin/get_linkdb?pathway+hsa04070">
        <graphics name="TITLE:Phosphatidylinositol signaling system" fgcolor="#000000" bgcolor="#FFFFFF"
             type="roundrectangle" x="233" y="67" width="346" height="25"/>
    </entry>
    <relation entry1="7" entry2="41" type="ECrel">
        <subtype name="compound" value="32"/>
    </relation>
    <relation entry1="1" entry2="7" type="ECrel">
        <subtype name="compound" value="32"/>
    </relation>
    <relation entry1="7" entry2="36" type="ECrel">
        <subtype name="compound" value="32"/>
    </relation>
    <relation entry1="1" entry2="41" type="ECrel">
        <subtype name="compound" value="29"/>
    </relation>
    <relation entry1="1" entry2="41" type="ECrel">
        <subtype name="compound" value="32"/>
    </relation>
    <relation entry1="36" entry2="41" type="ECrel">
        <subtype name="compound" value="32"/>
    </relation>
    <relation entry1="1" entry2="36" type="ECrel">
        <subtype name="compound" value="32"/>
    </relation>
    <relation entry1="37" entry2="65" type="ECrel">
        <subtype name="compound" value="30"/>
    </relation>
    <relation entry1="37" entry2="65" type="ECrel">
        <subtype name="compound" value="23"/>
    </relation>
    <relation entry1="8" entry2="65" type="ECrel">
        <subtype name="compound" value="23"/>
    </relation>
    <relation entry1="8" entry2="37" type="ECrel">
        <subtype name="compound" value="23"/>
    </relation>
    <relation entry1="38" entry2="40" type="ECrel">
        <subtype name="compound" value="31"/>
    </relation>
    <relation entry1="40" entry2="47" type="ECrel">
        <subtype name="compound" value="31"/>
    </relation>
    <relation entry1="40" entry2="45" type="ECrel">
        <subtype name="compound" value="31"/>
    </relation>
    <relation entry1="2" entry2="40" type="ECrel">
        <subtype name="compound" value="31"/>
    </relation>
    <relation entry1="40" entry2="61" type="ECrel">
        <subtype name="compound" value="31"/>
    </relation>
    <relation entry1="38" entry2="47" type="ECrel">
        <subtype name="compound" value="23"/>
    </relation>
    <relation entry1="38" entry2="47" type="ECrel">
        <subtype name="compound" value="31"/>
    </relation>
    <relation entry1="38" entry2="45" type="ECrel">
        <subtype name="compound" value="31"/>
    </relation>
    <relation entry1="2" entry2="38" type="ECrel">
        <subtype name="compound" value="31"/>
    </relation>
    <relation entry1="38" entry2="61" type="ECrel">
        <subtype name="compound" value="31"/>
    </relation>
    <relation entry1="45" entry2="47" type="ECrel">
        <subtype name="compound" value="31"/>
    </relation>
    <relation entry1="2" entry2="47" type="ECrel">
        <subtype name="compound" value="31"/>
    </relation>
    <relation entry1="47" entry2="61" type="ECrel">
        <subtype name="compound" value="31"/>
    </relation>
    <relation entry1="2" entry2="45" type="ECrel">
        <subtype name="compound" value="4"/>
    </relation>
    <relation entry1="2" entry2="45" type="ECrel">
        <subtype name="compound" value="31"/>
    </relation>
    <relation entry1="45" entry2="61" type="ECrel">
        <subtype name="compound" value="31"/>
    </relation>
    <relation entry1="2" entry2="61" type="ECrel">
        <subtype name="compound" value="31"/>
    </relation>
    <relation entry1="62" entry2="65" type="ECrel">
        <subtype name="compound" value="30"/>
    </relation>
    <relation entry1="37" entry2="62" type="ECrel">
        <subtype name="compound" value="30"/>
    </relation>
    <relation entry1="41" entry2="44" type="ECrel">
        <subtype name="compound" value="29"/>
    </relation>
    <relation entry1="1" entry2="44" type="ECrel">
        <subtype name="compound" value="29"/>
    </relation>
    <relation entry1="44" entry2="45" type="ECrel">
        <subtype name="compound" value="4"/>
    </relation>
    <relation entry1="45" entry2="62" type="ECrel">
        <subtype name="compound" value="4"/>
    </relation>
    <relation entry1="2" entry2="44" type="ECrel">
        <subtype name="compound" value="4"/>
    </relation>
    <relation entry1="2" entry2="62" type="ECrel">
        <subtype name="compound" value="4"/>
    </relation>
    <relation entry1="44" entry2="62" type="ECrel">
        <subtype name="compound" value="4"/>
    </relation>
    <relation entry1="58" entry2="60" type="ECrel">
        <subtype name="compound" value="13"/>
    </relation>
    <relation entry1="57" entry2="58" type="ECrel">
        <subtype name="compound" value="12"/>
    </relation>
    <relation entry1="54" entry2="57" type="ECrel">
        <subtype name="compound" value="20"/>
    </relation>
    <relation entry1="53" entry2="54" type="ECrel">
        <subtype name="compound" value="15"/>
    </relation>
    <relation entry1="52" entry2="53" type="ECrel">
        <subtype name="compound" value="24"/>
    </relation>
    <relation entry1="51" entry2="52" type="ECrel">
        <subtype name="compound" value="24"/>
    </relation>
    <relation entry1="36" entry2="52" type="ECrel">
        <subtype name="compound" value="24"/>
    </relation>
    <relation entry1="51" entry2="53" type="ECrel">
        <subtype name="compound" value="24"/>
    </relation>
    <relation entry1="36" entry2="53" type="ECrel">
        <subtype name="compound" value="24"/>
    </relation>
    <relation entry1="36" entry2="51" type="ECrel">
        <subtype name="compound" value="24"/>
    </relation>
    <relation entry1="8" entry2="60" type="ECrel">
        <subtype name="compound" value="18"/>
    </relation>
    <relation entry1="35" entry2="60" type="ECrel">
        <subtype name="compound" value="18"/>
    </relation>
    <relation entry1="56" entry2="60" type="ECrel">
        <subtype name="compound" value="18"/>
    </relation>
    <relation entry1="8" entry2="35" type="ECrel">
        <subtype name="compound" value="18"/>
    </relation>
    <relation entry1="8" entry2="56" type="ECrel">
        <subtype name="compound" value="18"/>
    </relation>
    <relation entry1="35" entry2="56" type="ECrel">
        <subtype name="compound" value="18"/>
    </relation>
    <relation entry1="56" entry2="61" type="ECrel">
        <subtype name="compound" value="19"/>
    </relation>
    <relation entry1="55" entry2="56" type="ECrel">
        <subtype name="compound" value="19"/>
    </relation>
    <relation entry1="55" entry2="61" type="ECrel">
        <subtype name="compound" value="19"/>
    </relation>
    <relation entry1="51" entry2="55" type="ECrel">
        <subtype name="compound" value="14"/>
    </relation>
    <relation entry1="7" entry2="61" type="ECrel">
        <subtype name="compound" value="28"/>
    </relation>
    <relation entry1="8" entry2="61" type="ECrel">
        <subtype name="compound" value="28"/>
    </relation>
    <relation entry1="43" entry2="61" type="ECrel">
        <subtype name="compound" value="28"/>
    </relation>
    <relation entry1="7" entry2="8" type="ECrel">
        <subtype name="compound" value="28"/>
    </relation>
    <relation entry1="7" entry2="43" type="ECrel">
        <subtype name="compound" value="28"/>
    </relation>
    <relation entry1="8" entry2="43" type="ECrel">
        <subtype name="compound" value="28"/>
    </relation>
    <relation entry1="42" entry2="43" type="ECrel">
        <subtype name="compound" value="27"/>
    </relation>
    <relation entry1="36" entry2="42" type="ECrel">
        <subtype name="compound" value="26"/>
    </relation>
    <relation entry1="60" entry2="33" type="PPrel">
        <subtype name="activation" value="-->"/>
    </relation>
    <relation entry1="38" entry2="65" type="ECrel">
        <subtype name="compound" value="23"/>
    </relation>
    <relation entry1="37" entry2="38" type="ECrel">
        <subtype name="compound" value="23"/>
    </relation>
    <relation entry1="8" entry2="38" type="ECrel">
        <subtype name="compound" value="23"/>
    </relation>
    <relation entry1="47" entry2="65" type="ECrel">
        <subtype name="compound" value="23"/>
    </relation>
    <relation entry1="37" entry2="47" type="ECrel">
        <subtype name="compound" value="23"/>
    </relation>
    <relation entry1="8" entry2="47" type="ECrel">
        <subtype name="compound" value="23"/>
    </relation>
    <relation entry1="7" entry2="40" type="ECrel">
        <subtype name="compound" value="32"/>
    </relation>
    <relation entry1="40" entry2="41" type="ECrel">
        <subtype name="compound" value="32"/>
    </relation>
    <relation entry1="1" entry2="40" type="ECrel">
        <subtype name="compound" value="32"/>
    </relation>
    <relation entry1="36" entry2="40" type="ECrel">
        <subtype name="compound" value="32"/>
    </relation>
    <relation entry1="7" entry2="52" type="ECrel">
        <subtype name="compound" value="16"/>
    </relation>
    <reaction name="rn:R05202" type="irreversible">
        <substrate name="cpd:C01204"/>
        <product name="cpd:C01284"/>
    </reaction>
    <reaction name="rn:R03435" type="irreversible">
        <substrate name="cpd:C04637"/>
        <product name="cpd:C01245"/>
        <product name="cpd:C00641"/>
    </reaction>
    <reaction name="rn:R01802" type="irreversible">
        <substrate name="cpd:C00269"/>
        <product name="cpd:C01194"/>
    </reaction>
    <reaction name="rn:R04545" type="irreversible">
        <substrate name="cpd:C04637"/>
        <product name="cpd:C05981"/>
    </reaction>
    <reaction name="rn:R03469" type="irreversible">
        <substrate name="cpd:C01277"/>
        <product name="cpd:C04637"/>
    </reaction>
    <reaction name="rn:R03361" type="irreversible">
        <substrate name="cpd:C01194"/>
        <product name="cpd:C01277"/>
    </reaction>
    <reaction name="rn:R03362" type="irreversible">
        <substrate name="cpd:C01194"/>
        <product name="cpd:C04549"/>
    </reaction>
    <reaction name="rn:R01799" type="irreversible">
        <substrate name="cpd:C00416"/>
        <product name="cpd:C00269"/>
    </reaction>
    <reaction name="rn:R02240" type="irreversible">
        <substrate name="cpd:C00641"/>
        <product name="cpd:C00416"/>
    </reaction>
    <reaction name="rn:R04372" type="irreversible">
        <substrate name="cpd:C04063"/>
        <product name="cpd:C04006"/>
    </reaction>
    <reaction name="rn:R05795" type="irreversible">
        <substrate name="cpd:C01277"/>
        <product name="cpd:C11554"/>
    </reaction>
    <reaction name="rn:R04404" type="irreversible">
        <substrate name="cpd:C04637"/>
        <product name="cpd:C01277"/>
    </reaction>
    <reaction name="rn:R01186" type="irreversible">
        <substrate name="cpd:C03546"/>
        <product name="cpd:C00137"/>
    </reaction>
    <reaction name="rn:R01185" type="irreversible">
        <substrate name="cpd:C01177"/>
        <product name="cpd:C00137"/>
    </reaction>
    <reaction name="rn:R01187" type="irreversible">
        <substrate name="cpd:C04006"/>
        <product name="cpd:C00137"/>
    </reaction>
    <reaction name="rn:R03427" type="irreversible">
        <substrate name="cpd:C01243"/>
        <product name="cpd:C04063"/>
    </reaction>
    <reaction name="rn:R03394" type="irreversible">
        <substrate name="cpd:C01245"/>
        <product name="cpd:C01220"/>
    </reaction>
    <reaction name="rn:R03393" type="irreversible">
        <substrate name="cpd:C01220"/>
        <product name="cpd:C03546"/>
    </reaction>
    <reaction name="rn:R03430" type="irreversible">
        <substrate name="cpd:C01272"/>
        <product name="cpd:C01243"/>
    </reaction>
    <reaction name="rn:R03429" type="irreversible">
        <substrate name="cpd:C01243"/>
        <product name="cpd:C04477"/>
    </reaction>
    <reaction name="rn:R03433" type="irreversible">
        <substrate name="cpd:C01245"/>
        <product name="cpd:C01272"/>
    </reaction>
    <reaction name="rn:R04513" type="irreversible">
        <substrate name="cpd:C05981"/>
        <product name="cpd:C04637"/>
    </reaction>
</pathway>
