<?xml version="1.0"?>
<!DOCTYPE pathway SYSTEM "http://www.genome.jp/kegg/xml/KGML_v0.6.1_.dtd">
<!-- Creation date: Jul 30 2008 19:30:25 +0900 (JST) -->
<pathway name="path:hsa05060" org="hsa" number="05060"
         title="Prion diseases"
         image="http://www.genome.jp/kegg/pathway/hsa/hsa05060.gif"
         link="http://www.genome.jp/dbget-bin/show_pathway?hsa05060">
    <entry id="1" name="ko:K05639" type="ortholog">
        <graphics name="K05639" fgcolor="#000000" bgcolor="#FFFFFF"
             type="rectangle" x="232" y="290" width="45" height="17"/>
    </entry>
    <entry id="2" name="ko:K05638" type="ortholog">
        <graphics name="K05638" fgcolor="#000000" bgcolor="#FFFFFF"
             type="rectangle" x="278" y="250" width="45" height="17"/>
    </entry>
    <entry id="3" name="ko:K02161" type="ortholog">
        <graphics name="K02161" fgcolor="#000000" bgcolor="#FFFFFF"
             type="rectangle" x="162" y="290" width="45" height="16"/>
    </entry>
    <entry id="4" name="ko:K04077" type="ortholog">
        <graphics name="K04077" fgcolor="#000000" bgcolor="#FFFFFF"
             type="rectangle" x="163" y="120" width="45" height="17"/>
    </entry>
    <entry id="5" name="hsa:3309" type="gene">
        <graphics name="HSPA5, GRP78" fgcolor="#000000" bgcolor="#FFFFFF"
             type="rectangle" x="217" y="120" width="45" height="17"/>
    </entry>
    <entry id="6" name="path:map05060" type="map">
        <graphics name="TITLE:Prion diseases" fgcolor="#000000" bgcolor="#FFFFFF"
             type="roundrectangle" x="112" y="44" width="115" height="27"/>
    </entry>
    <entry id="7" name="ko:K05635" type="ortholog">
        <graphics name="K05635" fgcolor="#000000" bgcolor="#FFFFFF"
             type="rectangle" x="107" y="195" width="46" height="17"/>
    </entry>
    <entry id="8" name="ko:K05636" type="ortholog">
        <graphics name="K05636" fgcolor="#000000" bgcolor="#FFFFFF"
             type="rectangle" x="107" y="175" width="46" height="17"/>
    </entry>
    <entry id="9" name="ko:K05637" type="ortholog">
        <graphics name="K05637" fgcolor="#000000" bgcolor="#FFFFFF"
             type="rectangle" x="107" y="155" width="46" height="17"/>
    </entry>
    <entry id="10" name="ko:K02998" type="ortholog">
        <graphics name="K02998" fgcolor="#000000" bgcolor="#FFFFFF"
             type="rectangle" x="276" y="140" width="45" height="17"/>
    </entry>
    <entry id="11" name="ko:K05634" type="ortholog">
        <graphics name="K05634" fgcolor="#000000" bgcolor="#FFFFFF"
             type="rectangle" x="197" y="196" width="45" height="17"/>
    </entry>
    <entry id="12" name="ko:K05640" type="ortholog">
        <graphics name="K05640" fgcolor="#000000" bgcolor="#FFFFFF"
             type="rectangle" x="129" y="251" width="45" height="17"/>
    </entry>
</pathway>
