<?xml version="1.0"?>
<!DOCTYPE pathway SYSTEM "http://www.genome.jp/kegg/xml/KGML_v0.6.1_.dtd">
<!-- Creation date: Jan 29 2009 02:32:47 +0900 (JST) -->
<pathway name="path:hsa00260" org="hsa" number="00260"
         title="Glycine, serine and threonine metabolism"
         image="http://www.genome.jp/kegg/pathway/hsa/hsa00260.gif"
         link="http://www.genome.jp/dbget-bin/show_pathway?hsa00260">
    <entry id="3" name="cpd:C16432" type="compound"
        link="http://www.genome.jp/dbget-bin/www_bget?compound+C16432">
        <graphics name="C16432" fgcolor="#000000" bgcolor="#FFFFFF"
             type="circle" x="365" y="879" width="8" height="8"/>
    </entry>
    <entry id="4" name="ko:K10674" type="ortholog">
        <graphics name="K10674" fgcolor="#000000" bgcolor="#FFFFFF"
             type="rectangle" x="423" y="879" width="46" height="17"/>
    </entry>
    <entry id="5" name="ko:K00499" type="ortholog">
        <graphics name="K00499" fgcolor="#000000" bgcolor="#FFFFFF"
             type="rectangle" x="157" y="467" width="46" height="17"/>
    </entry>
    <entry id="6" name="cpd:C06231" type="compound"
        link="http://www.genome.jp/dbget-bin/www_bget?compound+C06231">
        <graphics name="C06231" fgcolor="#000000" bgcolor="#FFFFFF"
             type="circle" x="467" y="879" width="8" height="8"/>
    </entry>
    <entry id="7" name="cpd:C06442" type="compound"
        link="http://www.genome.jp/dbget-bin/www_bget?compound+C06442">
        <graphics name="C06442" fgcolor="#000000" bgcolor="#FFFFFF"
             type="circle" x="587" y="879" width="8" height="8"/>
    </entry>
    <entry id="8" name="cpd:C03283" type="compound"
        link="http://www.genome.jp/dbget-bin/www_bget?compound+C03283">
        <graphics name="C03283" fgcolor="#000000" bgcolor="#FFFFFF"
             type="circle" x="716" y="879" width="8" height="8"/>
    </entry>
    <entry id="9" name="ko:K06720" type="ortholog">
        <graphics name="K06720" fgcolor="#000000" bgcolor="#FFFFFF"
             type="rectangle" x="533" y="879" width="46" height="17"/>
    </entry>
    <entry id="10" name="ko:K06718" type="ortholog">
        <graphics name="K06718" fgcolor="#000000" bgcolor="#FFFFFF"
             type="rectangle" x="659" y="879" width="46" height="17"/>
    </entry>
    <entry id="11" name="ko:K00836" type="ortholog">
        <graphics name="K00836" fgcolor="#000000" bgcolor="#FFFFFF"
             type="rectangle" x="792" y="879" width="46" height="17"/>
    </entry>
    <entry id="12" name="cpd:C00588" type="compound"
        link="http://www.genome.jp/dbget-bin/www_bget?compound+C00588">
        <graphics name="C00588" fgcolor="#000000" bgcolor="#FFFFFF"
             type="circle" x="182" y="389" width="8" height="8"/>
    </entry>
    <entry id="13" name="hsa:1119 hsa:1120" type="gene" reaction="rn:R01021"
        link="http://www.genome.jp/dbget-bin/www_bget?hsa+1119+1120">
        <graphics name="CHKA..." fgcolor="#000000" bgcolor="#BFFFBF"
             type="rectangle" x="184" y="415" width="46" height="17"/>
    </entry>
    <entry id="15" name="ko:K01114" type="ortholog">
        <graphics name="K01114" fgcolor="#000000" bgcolor="#FFFFFF"
             type="rectangle" x="183" y="321" width="46" height="17"/>
    </entry>
    <entry id="16" name="hsa:55349" type="gene" reaction="rn:R01025"
        link="http://www.genome.jp/dbget-bin/www_bget?hsa+55349">
        <graphics name="CHDH" fgcolor="#000000" bgcolor="#BFFFBF"
             type="rectangle" x="207" y="467" width="46" height="17"/>
    </entry>
    <entry id="18" name="ko:K00570" type="ortholog">
        <graphics name="K00570" fgcolor="#000000" bgcolor="#FFFFFF"
             type="rectangle" x="229" y="244" width="46" height="17"/>
    </entry>
    <entry id="19" name="ko:K00130" type="ortholog">
        <graphics name="K00130" fgcolor="#000000" bgcolor="#FFFFFF"
             type="rectangle" x="243" y="506" width="46" height="17"/>
    </entry>
    <entry id="20" name="hsa:132158" type="gene" reaction="rn:R01514"
        link="http://www.genome.jp/dbget-bin/www_bget?hsa+132158">
        <graphics name="GLYCTK" fgcolor="#000000" bgcolor="#BFFFBF"
             type="rectangle" x="268" y="138" width="46" height="17"/>
    </entry>
    <entry id="21" name="ko:K00570" type="ortholog">
        <graphics name="K00570" fgcolor="#000000" bgcolor="#FFFFFF"
             type="rectangle" x="311" y="244" width="46" height="17"/>
    </entry>
    <entry id="22" name="path:hsa00252" type="map"
        link="http://www.genome.jp/kegg/pathway/hsa/hsa00252.html">
        <graphics name="Alanine and aspartate metabolism" fgcolor="#000000" bgcolor="#FFFFFF"
             type="roundrectangle" x="352" y="824" width="74" height="34"/>
    </entry>
    <entry id="23" name="path:hsa00272" type="map"
        link="http://www.genome.jp/kegg/pathway/hsa/hsa00272.html">
        <graphics name="Cysteine metabolism" fgcolor="#000000" bgcolor="#FFFFFF"
             type="roundrectangle" x="352" y="417" width="120" height="25"/>
    </entry>
    <entry id="24" name="hsa:635" type="gene" reaction="rn:R02821"
        link="http://www.genome.jp/dbget-bin/www_bget?hsa+635">
        <graphics name="BHMT" fgcolor="#000000" bgcolor="#BFFFBF"
             type="rectangle" x="350" y="517" width="46" height="17"/>
    </entry>
    <entry id="25" name="path:hsa00230" type="map"
        link="http://www.genome.jp/kegg/pathway/hsa/hsa00230.html">
        <graphics name="Purine metabolism" fgcolor="#000000" bgcolor="#FFFFFF"
             type="roundrectangle" x="415" y="572" width="109" height="25"/>
    </entry>
    <entry id="26" name="ko:K00828" type="ortholog">
        <graphics name="K00828" fgcolor="#000000" bgcolor="#FFFFFF"
             type="rectangle" x="599" y="437" width="46" height="17"/>
    </entry>
    <entry id="27" name="hsa:189" type="gene" reaction="rn:R00585"
        link="http://www.genome.jp/dbget-bin/www_bget?hsa+189">
        <graphics name="AGXT" fgcolor="#000000" bgcolor="#BFFFBF"
             type="rectangle" x="359" y="297" width="46" height="17"/>
    </entry>
    <entry id="28" name="path:hsa00290" type="map"
        link="http://www.genome.jp/kegg/pathway/hsa/hsa00290.html">
        <graphics name="Valine, leucine and isoleucine biosynthesis" fgcolor="#000000" bgcolor="#FFFFFF"
             type="roundrectangle" x="439" y="761" width="127" height="34"/>
    </entry>
    <entry id="29" name="hsa:2593" type="gene" reaction="rn:R01883"
        link="http://www.genome.jp/dbget-bin/www_bget?hsa+2593">
        <graphics name="GAMT" fgcolor="#000000" bgcolor="#BFFFBF"
             type="rectangle" x="447" y="461" width="46" height="17"/>
    </entry>
    <entry id="30" name="hsa:26227" type="gene" reaction="rn:R01513"
        link="http://www.genome.jp/dbget-bin/www_bget?hsa+26227">
        <graphics name="PHGDH" fgcolor="#000000" bgcolor="#BFFFBF"
             type="rectangle" x="408" y="145" width="46" height="17"/>
    </entry>
    <entry id="31" name="hsa:10400" type="gene" reaction="rn:R02056"
        link="http://www.genome.jp/dbget-bin/www_bget?hsa+10400">
        <graphics name="PEMT" fgcolor="#000000" bgcolor="#BFFFBF"
             type="rectangle" x="394" y="244" width="46" height="17"/>
    </entry>
    <entry id="32" name="path:hsa00564" type="map"
        link="http://www.genome.jp/kegg/pathway/hsa/hsa00564.html">
        <graphics name="Glycerophospholipid metabolism" fgcolor="#000000" bgcolor="#FFFFFF"
             type="roundrectangle" x="429" y="180" width="115" height="34"/>
    </entry>
    <entry id="33" name="ko:K00018" type="ortholog">
        <graphics name="K00018" fgcolor="#000000" bgcolor="#FFFFFF"
             type="rectangle" x="87" y="220" width="46" height="17"/>
    </entry>
    <entry id="34" name="ko:K01114" type="ortholog">
        <graphics name="K01114" fgcolor="#000000" bgcolor="#FFFFFF"
             type="rectangle" x="432" y="318" width="46" height="17"/>
    </entry>
    <entry id="35" name="hsa:29958" type="gene" reaction="rn:R01565"
        link="http://www.genome.jp/dbget-bin/www_bget?hsa+29958">
        <graphics name="DMGDH" fgcolor="#000000" bgcolor="#BFFFBF"
             type="rectangle" x="441" y="517" width="46" height="17"/>
    </entry>
    <entry id="36" name="hsa:875" type="gene" reaction="rn:R01290"
        link="http://www.genome.jp/dbget-bin/www_bget?hsa+875">
        <graphics name="CBS" fgcolor="#000000" bgcolor="#BFFFBF"
             type="rectangle" x="491" y="328" width="46" height="17"/>
    </entry>
    <entry id="37" name="hsa:1491" type="gene" reaction="rn:R01001"
        link="http://www.genome.jp/dbget-bin/www_bget?hsa+1491">
        <graphics name="CTH" fgcolor="#000000" bgcolor="#BFFFBF"
             type="rectangle" x="491" y="386" width="46" height="17"/>
    </entry>
    <entry id="38" name="hsa:23761" type="gene" reaction="rn:R02055"
        link="http://www.genome.jp/dbget-bin/www_bget?hsa+23761">
        <graphics name="PISD" fgcolor="#000000" bgcolor="#BFFFBF"
             type="rectangle" x="492" y="244" width="46" height="17"/>
    </entry>
    <entry id="39" name="ko:K01620" type="ortholog">
        <graphics name="K01620" fgcolor="#000000" bgcolor="#FFFFFF"
             type="rectangle" x="542" y="618" width="46" height="17"/>
    </entry>
    <entry id="40" name="hsa:2628" type="gene" reaction="rn:R00565"
        link="http://www.genome.jp/dbget-bin/www_bget?hsa+2628">
        <graphics name="GATM" fgcolor="#000000" bgcolor="#BFFFBF"
             type="rectangle" x="544" y="460" width="46" height="17"/>
    </entry>
    <entry id="41" name="hsa:2617" type="gene" reaction="rn:R03654"
        link="http://www.genome.jp/dbget-bin/www_bget?hsa+2617">
        <graphics name="GARS" fgcolor="#000000" bgcolor="#BFFFBF"
             type="rectangle" x="544" y="481" width="46" height="17"/>
    </entry>
    <entry id="42" name="hsa:123283 hsa:6897 hsa:80222" type="gene" reaction="rn:R03663"
        link="http://www.genome.jp/dbget-bin/www_bget?hsa+123283+6897+80222">
        <graphics name="TARSL2..." fgcolor="#000000" bgcolor="#BFFFBF"
             type="rectangle" x="543" y="708" width="46" height="17"/>
    </entry>
    <entry id="43" name="ko:K00928" type="ortholog">
        <graphics name="K00928" fgcolor="#000000" bgcolor="#FFFFFF"
             type="rectangle" x="560" y="824" width="46" height="17"/>
    </entry>
    <entry id="44" name="path:hsa00630" type="map"
        link="http://www.genome.jp/kegg/pathway/hsa/hsa00630.html">
        <graphics name="Glyoxylate and dicarboxylate metabolism" fgcolor="#000000" bgcolor="#FFFFFF"
             type="roundrectangle" x="112" y="380" width="75" height="34"/>
    </entry>
    <entry id="45" name="hsa:29968" type="gene" reaction="rn:R04173"
        link="http://www.genome.jp/dbget-bin/www_bget?hsa+29968">
        <graphics name="PSAT1" fgcolor="#000000" bgcolor="#BFFFBF"
             type="rectangle" x="570" y="145" width="46" height="17"/>
    </entry>
    <entry id="46" name="hsa:51268" type="gene" reaction="rn:R00610"
        link="http://www.genome.jp/dbget-bin/www_bget?hsa+51268">
        <graphics name="PIPOX" fgcolor="#000000" bgcolor="#BFFFBF"
             type="rectangle" x="544" y="506" width="46" height="17"/>
    </entry>
    <entry id="47" name="hsa:1757" type="gene" reaction="rn:R00611"
        link="http://www.genome.jp/dbget-bin/www_bget?hsa+1757">
        <graphics name="SARDH" fgcolor="#000000" bgcolor="#BFFFBF"
             type="rectangle" x="544" y="527" width="46" height="17"/>
    </entry>
    <entry id="48" name="hsa:54938 hsa:6301" type="gene" reaction="rn:R03662"
        link="http://www.genome.jp/dbget-bin/www_bget?hsa+54938+6301">
        <graphics name="SARS2..." fgcolor="#000000" bgcolor="#BFFFBF"
             type="rectangle" x="600" y="266" width="46" height="17"/>
    </entry>
    <entry id="49" name="ko:K00998" type="ortholog">
        <graphics name="K00998" fgcolor="#000000" bgcolor="#FFFFFF"
             type="rectangle" x="600" y="244" width="46" height="17"/>
    </entry>
    <entry id="50" name="hsa:5723" type="gene" reaction="rn:R00582"
        link="http://www.genome.jp/dbget-bin/www_bget?hsa+5723">
        <graphics name="PSPH" fgcolor="#000000" bgcolor="#BFFFBF"
             type="rectangle" x="650" y="168" width="46" height="17"/>
    </entry>
    <entry id="51" name="hsa:6470 hsa:6472" type="gene" reaction="rn:R00945"
        link="http://www.genome.jp/dbget-bin/www_bget?hsa+6470+6472">
        <graphics name="SHMT1..." fgcolor="#000000" bgcolor="#BFFFBF"
             type="rectangle" x="651" y="379" width="46" height="17"/>
    </entry>
    <entry id="52" name="ko:K01754" type="ortholog">
        <graphics name="K01754" fgcolor="#000000" bgcolor="#FFFFFF"
             type="rectangle" x="657" y="730" width="46" height="17"/>
    </entry>
    <entry id="53" name="ko:K01620" type="ortholog">
        <graphics name="K01620" fgcolor="#000000" bgcolor="#FFFFFF"
             type="rectangle" x="658" y="653" width="46" height="17"/>
    </entry>
    <entry id="54" name="path:hsa00271" type="map"
        link="http://www.genome.jp/kegg/pathway/hsa/hsa00271.html">
        <graphics name="Methionine metabolism" fgcolor="#000000" bgcolor="#FFFFFF"
             type="roundrectangle" x="743" y="760" width="74" height="34"/>
    </entry>
    <entry id="55" name="hsa:1610" type="gene" reaction="rn:R00366"
        link="http://www.genome.jp/dbget-bin/www_bget?hsa+1610">
        <graphics name="DAO" fgcolor="#000000" bgcolor="#BFFFBF"
             type="rectangle" x="691" y="433" width="46" height="17"/>
    </entry>
    <entry id="56" name="ko:K00828" type="ortholog">
        <graphics name="K00828" fgcolor="#000000" bgcolor="#FFFFFF"
             type="rectangle" x="703" y="465" width="46" height="17"/>
    </entry>
    <entry id="57" name="ko:K01733" type="ortholog">
        <graphics name="K01733" fgcolor="#000000" bgcolor="#FFFFFF"
             type="rectangle" x="708" y="708" width="46" height="17"/>
    </entry>
    <entry id="59" name="ko:K00060" type="ortholog">
        <graphics name="K00060" fgcolor="#000000" bgcolor="#FFFFFF"
             type="rectangle" x="719" y="667" width="46" height="17"/>
    </entry>
    <entry id="60" name="path:hsa00600" type="map"
        link="http://www.genome.jp/kegg/pathway/hsa/hsa00600.html">
        <graphics name="Sphingolipid metabolism" fgcolor="#000000" bgcolor="#FFFFFF"
             type="roundrectangle" x="845" y="182" width="143" height="25"/>
    </entry>
    <entry id="61" name="path:hsa00680" type="map"
        link="http://www.genome.jp/kegg/pathway/hsa/hsa00680.html">
        <graphics name="Methane metabolism" fgcolor="#000000" bgcolor="#FFFFFF"
             type="roundrectangle" x="833" y="211" width="119" height="25"/>
    </entry>
    <entry id="62" name="hsa:211 hsa:212" type="gene" reaction="rn:R00371"
        link="http://www.genome.jp/dbget-bin/www_bget?hsa+211+212">
        <graphics name="ALAS1..." fgcolor="#000000" bgcolor="#BFFFBF"
             type="rectangle" x="719" y="615" width="46" height="17"/>
    </entry>
    <entry id="63" name="hsa:23464" type="gene" reaction="rn:R00371"
        link="http://www.genome.jp/dbget-bin/www_bget?hsa+23464">
        <graphics name="GCAT" fgcolor="#000000" bgcolor="#BFFFBF"
             type="rectangle" x="719" y="636" width="46" height="17"/>
    </entry>
    <entry id="64" name="ko:K00133" type="ortholog">
        <graphics name="K00133" fgcolor="#000000" bgcolor="#FFFFFF"
             type="rectangle" x="749" y="824" width="46" height="17"/>
    </entry>
    <entry id="66" name="hsa:10993" type="gene" reaction="rn:R00220"
        link="http://www.genome.jp/dbget-bin/www_bget?hsa+10993">
        <graphics name="SDS" fgcolor="#000000" bgcolor="#BFFFBF"
             type="rectangle" x="748" y="292" width="46" height="17"/>
    </entry>
    <entry id="67" name="hsa:189 hsa:64902" type="gene" reaction="rn:R00369"
        link="http://www.genome.jp/dbget-bin/www_bget?hsa+189+64902">
        <graphics name="AGXT..." fgcolor="#000000" bgcolor="#BFFFBF"
             type="rectangle" x="772" y="489" width="46" height="17"/>
    </entry>
    <entry id="68" name="path:hsa00300" type="map"
        link="http://www.genome.jp/kegg/pathway/hsa/hsa00300.html">
        <graphics name="Lysine biosynthesis" fgcolor="#000000" bgcolor="#FFFFFF"
             type="roundrectangle" x="954" y="824" width="76" height="34"/>
    </entry>
    <entry id="69" name="path:hsa00260" type="map"
        link="http://www.genome.jp/dbget-bin/get_linkdb?pathway+hsa00260">
        <graphics name="TITLE:Glycine, serine and threonine metabolism" fgcolor="#000000" bgcolor="#FFFFFF"
             type="roundrectangle" x="245" y="67" width="370" height="25"/>
    </entry>
    <entry id="70" name="path:hsa00460" type="map"
        link="http://www.genome.jp/kegg/pathway/hsa/hsa00460.html">
        <graphics name="Cyanoamino acid metabolism" fgcolor="#000000" bgcolor="#FFFFFF"
             type="roundrectangle" x="845" y="338" width="167" height="25"/>
    </entry>
    <entry id="71" name="path:hsa00920" type="map"
        link="http://www.genome.jp/kegg/pathway/hsa/hsa00920.html">
        <graphics name="Sulfur metabolism" fgcolor="#000000" bgcolor="#FFFFFF"
             type="roundrectangle" x="816" y="366" width="108" height="25"/>
    </entry>
    <entry id="72" name="ko:K00872 ko:K02203 ko:K02204" type="ortholog">
        <graphics name="K00872..." fgcolor="#000000" bgcolor="#FFFFFF"
             type="rectangle" x="814" y="708" width="46" height="17"/>
    </entry>
    <entry id="73" name="path:hsa00630" type="map"
        link="http://www.genome.jp/kegg/pathway/hsa/hsa00630.html">
        <graphics name="Glyoxylate and dicarboxylate metabolism" fgcolor="#000000" bgcolor="#FFFFFF"
             type="roundrectangle" x="828" y="423" width="75" height="34"/>
    </entry>
    <entry id="74" name="hsa:2731" type="gene" reaction="rn:R03425"
        link="http://www.genome.jp/dbget-bin/www_bget?hsa+2731">
        <graphics name="GLDC" fgcolor="#000000" bgcolor="#BFFFBF"
             type="rectangle" x="832" y="516" width="46" height="17"/>
    </entry>
    <entry id="75" name="hsa:211 hsa:212" type="gene" reaction="rn:R00830"
        link="http://www.genome.jp/dbget-bin/www_bget?hsa+211+212">
        <graphics name="ALAS1..." fgcolor="#000000" bgcolor="#BFFFBF"
             type="rectangle" x="839" y="585" width="46" height="17"/>
    </entry>
    <entry id="76" name="ko:K00003" type="ortholog">
        <graphics name="K00003" fgcolor="#000000" bgcolor="#FFFFFF"
             type="rectangle" x="848" y="791" width="46" height="17"/>
    </entry>
    <entry id="77" name="ko:K01753" type="ortholog">
        <graphics name="K01753" fgcolor="#000000" bgcolor="#FFFFFF"
             type="rectangle" x="847" y="275" width="46" height="17"/>
    </entry>
    <entry id="78" name="hsa:4128 hsa:4129" type="gene" reaction="rn:R02529"
        link="http://www.genome.jp/dbget-bin/www_bget?hsa+4128+4129">
        <graphics name="MAOA..." fgcolor="#000000" bgcolor="#BFFFBF"
             type="rectangle" x="905" y="656" width="46" height="17"/>
    </entry>
    <entry id="79" name="hsa:57016 hsa:80270" type="gene" reaction="rn:R02528"
        link="http://www.genome.jp/dbget-bin/www_bget?hsa+57016+80270">
        <graphics name="AKR1B10..." fgcolor="#000000" bgcolor="#BFFFBF"
             type="rectangle" x="931" y="722" width="46" height="17"/>
    </entry>
    <entry id="80" name="ko:K00050" type="ortholog">
        <graphics name="K00050" fgcolor="#000000" bgcolor="#FFFFFF"
             type="rectangle" x="137" y="220" width="46" height="17"/>
    </entry>
    <entry id="81" name="hsa:314 hsa:8639" type="gene" reaction="rn:R02529"
        link="http://www.genome.jp/dbget-bin/www_bget?hsa+314+8639">
        <graphics name="AOC2..." fgcolor="#000000" bgcolor="#BFFFBF"
             type="rectangle" x="955" y="656" width="46" height="17"/>
    </entry>
    <entry id="83" name="path:hsa00620" type="map"
        link="http://www.genome.jp/kegg/pathway/hsa/hsa00620.html">
        <graphics name="Pyruvate metabolism" fgcolor="#000000" bgcolor="#FFFFFF"
             type="roundrectangle" x="981" y="303" width="75" height="34"/>
    </entry>
    <entry id="84" name="hsa:275" type="gene" reaction="rn:R04125"
        link="http://www.genome.jp/dbget-bin/www_bget?hsa+275">
        <graphics name="AMT" fgcolor="#000000" bgcolor="#BFFFBF"
             type="rectangle" x="944" y="460" width="46" height="17"/>
    </entry>
    <entry id="86" name="path:hsa00860" type="map"
        link="http://www.genome.jp/kegg/pathway/hsa/hsa00860.html">
        <graphics name="Porphyrin and chlorophyll metabolism" fgcolor="#000000" bgcolor="#FFFFFF"
             type="roundrectangle" x="1035" y="585" width="73" height="34"/>
    </entry>
    <entry id="87" name="hsa:1738" type="gene" reaction="rn:R03815"
        link="http://www.genome.jp/dbget-bin/www_bget?hsa+1738">
        <graphics name="DLD" fgcolor="#000000" bgcolor="#BFFFBF"
             type="rectangle" x="1035" y="486" width="46" height="17"/>
    </entry>
    <entry id="89" name="hsa:27232" type="gene" reaction="rn:R00367"
        link="http://www.genome.jp/dbget-bin/www_bget?hsa+27232">
        <graphics name="GNMT" fgcolor="#000000" bgcolor="#BFFFBF"
             type="rectangle" x="544" y="548" width="46" height="17"/>
    </entry>
    <entry id="90" name="hsa:875" type="gene" reaction="rn:R00891"
        link="http://www.genome.jp/dbget-bin/www_bget?hsa+875">
        <graphics name="CBS" fgcolor="#000000" bgcolor="#BFFFBF"
             type="rectangle" x="569" y="386" width="46" height="17"/>
    </entry>
    <entry id="91" name="ko:K01754" type="ortholog">
        <graphics name="K01754" fgcolor="#000000" bgcolor="#FFFFFF"
             type="rectangle" x="748" y="313" width="46" height="17"/>
    </entry>
    <entry id="92" name="cpd:C02855" type="compound"
        link="http://www.genome.jp/dbget-bin/www_bget?compound+C02855">
        <graphics name="C02855" fgcolor="#000000" bgcolor="#FFFFFF"
             type="circle" x="1029" y="246" width="8" height="8"/>
    </entry>
    <entry id="93" name="cpd:C02972" type="compound"
        link="http://www.genome.jp/dbget-bin/www_bget?compound+C02972">
        <graphics name="C02972" fgcolor="#000000" bgcolor="#FFFFFF"
             type="circle" x="1034" y="435" width="8" height="8"/>
    </entry>
    <entry id="94" name="cpd:C02051" type="compound"
        link="http://www.genome.jp/dbget-bin/www_bget?compound+C02051">
        <graphics name="C02051" fgcolor="#000000" bgcolor="#FFFFFF"
             type="circle" x="1034" y="542" width="8" height="8"/>
    </entry>
    <entry id="95" name="cpd:C00258" type="compound"
        link="http://www.genome.jp/dbget-bin/www_bget?compound+C00258">
        <graphics name="C00258" fgcolor="#000000" bgcolor="#FFFFFF"
             type="circle" x="164" y="146" width="8" height="8"/>
    </entry>
    <entry id="96" name="cpd:C00157" type="compound"
        link="http://www.genome.jp/dbget-bin/www_bget?compound+C00157">
        <graphics name="C00157" fgcolor="#000000" bgcolor="#FFFFFF"
             type="circle" x="182" y="244" width="8" height="8"/>
    </entry>
    <entry id="97" name="cpd:C00114" type="compound"
        link="http://www.genome.jp/dbget-bin/www_bget?compound+C00114">
        <graphics name="C00114" fgcolor="#000000" bgcolor="#FFFFFF"
             type="circle" x="182" y="449" width="8" height="8"/>
    </entry>
    <entry id="98" name="cpd:C00576" type="compound"
        link="http://www.genome.jp/dbget-bin/www_bget?compound+C00576">
        <graphics name="C00576" fgcolor="#000000" bgcolor="#FFFFFF"
             type="circle" x="182" y="517" width="8" height="8"/>
    </entry>
    <entry id="99" name="cpd:C04308" type="compound"
        link="http://www.genome.jp/dbget-bin/www_bget?compound+C04308">
        <graphics name="C04308" fgcolor="#000000" bgcolor="#FFFFFF"
             type="circle" x="265" y="244" width="8" height="8"/>
    </entry>
    <entry id="100" name="cpd:C00719" type="compound"
        link="http://www.genome.jp/dbget-bin/www_bget?compound+C00719">
        <graphics name="C00719" fgcolor="#000000" bgcolor="#FFFFFF"
             type="circle" x="310" y="517" width="8" height="8"/>
    </entry>
    <entry id="101" name="cpd:C00197" type="compound"
        link="http://www.genome.jp/dbget-bin/www_bget?compound+C00197">
        <graphics name="C00197" fgcolor="#000000" bgcolor="#FFFFFF"
             type="circle" x="326" y="145" width="8" height="8"/>
    </entry>
    <entry id="102" name="cpd:C00300" type="compound"
        link="http://www.genome.jp/dbget-bin/www_bget?compound+C00300">
        <graphics name="C00300" fgcolor="#000000" bgcolor="#FFFFFF"
             type="circle" x="400" y="461" width="8" height="8"/>
    </entry>
    <entry id="103" name="cpd:C01241" type="compound"
        link="http://www.genome.jp/dbget-bin/www_bget?compound+C01241">
        <graphics name="C01241" fgcolor="#000000" bgcolor="#FFFFFF"
             type="circle" x="348" y="244" width="8" height="8"/>
    </entry>
    <entry id="104" name="cpd:C00346" type="compound"
        link="http://www.genome.jp/dbget-bin/www_bget?compound+C00346">
        <graphics name="C00346" fgcolor="#000000" bgcolor="#FFFFFF"
             type="circle" x="400" y="336" width="8" height="8"/>
    </entry>
    <entry id="105" name="cpd:C01026" type="compound"
        link="http://www.genome.jp/dbget-bin/www_bget?compound+C01026">
        <graphics name="C01026" fgcolor="#000000" bgcolor="#FFFFFF"
             type="circle" x="400" y="517" width="8" height="8"/>
    </entry>
    <entry id="106" name="cpd:C02992" type="compound"
        link="http://www.genome.jp/dbget-bin/www_bget?compound+C02992">
        <graphics name="C02992" fgcolor="#000000" bgcolor="#FFFFFF"
             type="circle" x="424" y="708" width="8" height="8"/>
    </entry>
    <entry id="107" name="cpd:C05519" type="compound"
        link="http://www.genome.jp/dbget-bin/www_bget?compound+C05519">
        <graphics name="C05519" fgcolor="#000000" bgcolor="#FFFFFF"
             type="circle" x="424" y="618" width="8" height="8"/>
    </entry>
    <entry id="108" name="cpd:C00581" type="compound"
        link="http://www.genome.jp/dbget-bin/www_bget?compound+C00581">
        <graphics name="C00581" fgcolor="#000000" bgcolor="#FFFFFF"
             type="circle" x="490" y="461" width="8" height="8"/>
    </entry>
    <entry id="109" name="cpd:C02412" type="compound"
        link="http://www.genome.jp/dbget-bin/www_bget?compound+C02412">
        <graphics name="C02412" fgcolor="#000000" bgcolor="#FFFFFF"
             type="circle" x="490" y="482" width="8" height="8"/>
    </entry>
    <entry id="110" name="cpd:C00350" type="compound"
        link="http://www.genome.jp/dbget-bin/www_bget?compound+C00350">
        <graphics name="C00350" fgcolor="#000000" bgcolor="#FFFFFF"
             type="circle" x="431" y="244" width="8" height="8"/>
    </entry>
    <entry id="111" name="cpd:C00641" type="compound"
        link="http://www.genome.jp/dbget-bin/www_bget?compound+C00641">
        <graphics name="C00641" fgcolor="#000000" bgcolor="#FFFFFF"
             type="circle" x="431" y="358" width="8" height="8"/>
    </entry>
    <entry id="112" name="cpd:C00049" type="compound"
        link="http://www.genome.jp/dbget-bin/www_bget?compound+C00049">
        <graphics name="C00049" fgcolor="#000000" bgcolor="#FFFFFF"
             type="circle" x="467" y="824" width="8" height="8"/>
    </entry>
    <entry id="113" name="cpd:C03232" type="compound"
        link="http://www.genome.jp/dbget-bin/www_bget?compound+C03232">
        <graphics name="C03232" fgcolor="#000000" bgcolor="#FFFFFF"
             type="circle" x="488" y="145" width="8" height="8"/>
    </entry>
    <entry id="114" name="cpd:C02291" type="compound"
        link="http://www.genome.jp/dbget-bin/www_bget?compound+C02291">
        <graphics name="C02291" fgcolor="#000000" bgcolor="#FFFFFF"
             type="circle" x="490" y="358" width="8" height="8"/>
    </entry>
    <entry id="115" name="cpd:C00097" type="compound"
        link="http://www.genome.jp/dbget-bin/www_bget?compound+C00097">
        <graphics name="C00097" fgcolor="#000000" bgcolor="#FFFFFF"
             type="circle" x="490" y="417" width="8" height="8"/>
    </entry>
    <entry id="116" name="cpd:C00213" type="compound"
        link="http://www.genome.jp/dbget-bin/www_bget?compound+C00213">
        <graphics name="C00213" fgcolor="#000000" bgcolor="#FFFFFF"
             type="circle" x="490" y="517" width="8" height="8"/>
    </entry>
    <entry id="117" name="cpd:C02553" type="compound"
        link="http://www.genome.jp/dbget-bin/www_bget?compound+C02553">
        <graphics name="C02553" fgcolor="#000000" bgcolor="#FFFFFF"
             type="circle" x="544" y="266" width="8" height="8"/>
    </entry>
    <entry id="118" name="cpd:C02737" type="compound"
        link="http://www.genome.jp/dbget-bin/www_bget?compound+C02737">
        <graphics name="C02737" fgcolor="#000000" bgcolor="#FFFFFF"
             type="circle" x="544" y="244" width="8" height="8"/>
    </entry>
    <entry id="119" name="cpd:C01005" type="compound"
        link="http://www.genome.jp/dbget-bin/www_bget?compound+C01005">
        <graphics name="C01005" fgcolor="#000000" bgcolor="#FFFFFF"
             type="circle" x="649" y="145" width="8" height="8"/>
    </entry>
    <entry id="120" name="cpd:C00037" type="compound"
        link="http://www.genome.jp/dbget-bin/www_bget?compound+C00037">
        <graphics name="C00037" fgcolor="#000000" bgcolor="#FFFFFF"
             type="circle" x="654" y="515" width="8" height="8"/>
    </entry>
    <entry id="121" name="cpd:C00188" type="compound"
        link="http://www.genome.jp/dbget-bin/www_bget?compound+C00188">
        <graphics name="C00188" fgcolor="#000000" bgcolor="#FFFFFF"
             type="circle" x="657" y="708" width="8" height="8"/>
    </entry>
    <entry id="122" name="cpd:C00109" type="compound"
        link="http://www.genome.jp/dbget-bin/www_bget?compound+C00109">
        <graphics name="C00109" fgcolor="#000000" bgcolor="#FFFFFF"
             type="circle" x="657" y="760" width="8" height="8"/>
    </entry>
    <entry id="123" name="cpd:C03082" type="compound"
        link="http://www.genome.jp/dbget-bin/www_bget?compound+C03082">
        <graphics name="C03082" fgcolor="#000000" bgcolor="#FFFFFF"
             type="circle" x="657" y="824" width="8" height="8"/>
    </entry>
    <entry id="124" name="cpd:C00065" type="compound"
        link="http://www.genome.jp/dbget-bin/www_bget?compound+C00065">
        <graphics name="C00065" fgcolor="#000000" bgcolor="#FFFFFF"
             type="circle" x="654" y="303" width="8" height="8"/>
    </entry>
    <entry id="125" name="cpd:C00048" type="compound"
        link="http://www.genome.jp/dbget-bin/www_bget?compound+C00048">
        <graphics name="C00048" fgcolor="#000000" bgcolor="#FFFFFF"
             type="circle" x="747" y="423" width="8" height="8"/>
    </entry>
    <entry id="126" name="cpd:C01102" type="compound"
        link="http://www.genome.jp/dbget-bin/www_bget?compound+C01102">
        <graphics name="C01102" fgcolor="#000000" bgcolor="#FFFFFF"
             type="circle" x="760" y="708" width="8" height="8"/>
    </entry>
    <entry id="127" name="cpd:C03508" type="compound"
        link="http://www.genome.jp/dbget-bin/www_bget?compound+C03508">
        <graphics name="C03508" fgcolor="#000000" bgcolor="#FFFFFF"
             type="circle" x="785" y="626" width="8" height="8"/>
    </entry>
    <entry id="128" name="cpd:C00263" type="compound"
        link="http://www.genome.jp/dbget-bin/www_bget?compound+C00263">
        <graphics name="C00263" fgcolor="#000000" bgcolor="#FFFFFF"
             type="circle" x="847" y="759" width="8" height="8"/>
    </entry>
    <entry id="129" name="cpd:C00441" type="compound"
        link="http://www.genome.jp/dbget-bin/www_bget?compound+C00441">
        <graphics name="C00441" fgcolor="#000000" bgcolor="#FFFFFF"
             type="circle" x="847" y="824" width="8" height="8"/>
    </entry>
    <entry id="130" name="cpd:C00740" type="compound"
        link="http://www.genome.jp/dbget-bin/www_bget?compound+C00740">
        <graphics name="C00740" fgcolor="#000000" bgcolor="#FFFFFF"
             type="circle" x="846" y="246" width="8" height="8"/>
    </entry>
    <entry id="131" name="cpd:C00022" type="compound"
        link="http://www.genome.jp/dbget-bin/www_bget?compound+C00022">
        <graphics name="C00022" fgcolor="#000000" bgcolor="#FFFFFF"
             type="circle" x="846" y="303" width="8" height="8"/>
    </entry>
    <entry id="132" name="cpd:C00011" type="compound"
        link="http://www.genome.jp/dbget-bin/www_bget?compound+C00011">
        <graphics name="C00011" fgcolor="#000000" bgcolor="#FFFFFF"
             type="circle" x="872" y="491" width="8" height="8"/>
    </entry>
    <entry id="133" name="cpd:C00430" type="compound"
        link="http://www.genome.jp/dbget-bin/www_bget?compound+C00430">
        <graphics name="C00430" fgcolor="#000000" bgcolor="#FFFFFF"
             type="circle" x="909" y="585" width="8" height="8"/>
    </entry>
    <entry id="134" name="cpd:C00168" type="compound"
        link="http://www.genome.jp/dbget-bin/www_bget?compound+C00168">
        <graphics name="C00168" fgcolor="#000000" bgcolor="#FFFFFF"
             type="circle" x="112" y="297" width="8" height="8"/>
    </entry>
    <entry id="135" name="cpd:C00014" type="compound"
        link="http://www.genome.jp/dbget-bin/www_bget?compound+C00014">
        <graphics name="C00014" fgcolor="#000000" bgcolor="#FFFFFF"
             type="circle" x="915" y="434" width="8" height="8"/>
    </entry>
    <entry id="136" name="cpd:C00101" type="compound"
        link="http://www.genome.jp/dbget-bin/www_bget?compound+C00101">
        <graphics name="C00101" fgcolor="#000000" bgcolor="#FFFFFF"
             type="circle" x="917" y="487" width="8" height="8"/>
    </entry>
    <entry id="137" name="cpd:C01726" type="compound"
        link="http://www.genome.jp/dbget-bin/www_bget?compound+C01726">
        <graphics name="C01726" fgcolor="#000000" bgcolor="#FFFFFF"
             type="circle" x="920" y="246" width="8" height="8"/>
    </entry>
    <entry id="138" name="cpd:C01888" type="compound"
        link="http://www.genome.jp/dbget-bin/www_bget?compound+C01888">
        <graphics name="C01888" fgcolor="#000000" bgcolor="#FFFFFF"
             type="circle" x="930" y="626" width="8" height="8"/>
    </entry>
    <entry id="139" name="cpd:C00546" type="compound"
        link="http://www.genome.jp/dbget-bin/www_bget?compound+C00546">
        <graphics name="C00546" fgcolor="#000000" bgcolor="#FFFFFF"
             type="circle" x="930" y="694" width="8" height="8"/>
    </entry>
    <entry id="140" name="cpd:C05235" type="compound"
        link="http://www.genome.jp/dbget-bin/www_bget?compound+C05235">
        <graphics name="C05235" fgcolor="#000000" bgcolor="#FFFFFF"
             type="circle" x="930" y="763" width="8" height="8"/>
    </entry>
    <entry id="141" name="cpd:C00143" type="compound"
        link="http://www.genome.jp/dbget-bin/www_bget?compound+C00143">
        <graphics name="C00143" fgcolor="#000000" bgcolor="#FFFFFF"
             type="circle" x="943" y="397" width="8" height="8"/>
    </entry>
    <entry id="142" name="cpd:C01242" type="compound"
        link="http://www.genome.jp/dbget-bin/www_bget?compound+C01242">
        <graphics name="C01242" fgcolor="#000000" bgcolor="#FFFFFF"
             type="circle" x="943" y="515" width="8" height="8"/>
    </entry>
    <entry id="143" name="cpd:C03194" type="compound"
        link="http://www.genome.jp/dbget-bin/www_bget?compound+C03194">
        <graphics name="C03194" fgcolor="#000000" bgcolor="#FFFFFF"
             type="circle" x="1009" y="626" width="8" height="8"/>
    </entry>
    <entry id="210" name="ko:K11440" type="ortholog">
        <graphics name="K11440" fgcolor="#000000" bgcolor="#FFFFFF"
             type="rectangle" x="207" y="486" width="46" height="17"/>
    </entry>
    <relation entry1="20" entry2="30" type="ECrel">
        <subtype name="compound" value="101"/>
    </relation>
    <relation entry1="30" entry2="45" type="ECrel">
        <subtype name="compound" value="113"/>
    </relation>
    <relation entry1="45" entry2="50" type="ECrel">
        <subtype name="compound" value="119"/>
    </relation>
    <relation entry1="13" entry2="16" type="ECrel">
        <subtype name="compound" value="97"/>
    </relation>
    <relation entry1="31" entry2="38" type="ECrel">
        <subtype name="compound" value="110"/>
    </relation>
    <relation entry1="27" entry2="48" type="ECrel">
        <subtype name="compound" value="124"/>
    </relation>
    <relation entry1="36" entry2="48" type="ECrel">
        <subtype name="compound" value="124"/>
    </relation>
    <relation entry1="48" entry2="90" type="ECrel">
        <subtype name="compound" value="124"/>
    </relation>
    <relation entry1="48" entry2="51" type="ECrel">
        <subtype name="compound" value="124"/>
    </relation>
    <relation entry1="48" entry2="66" type="ECrel">
        <subtype name="compound" value="124"/>
    </relation>
    <relation entry1="48" entry2="50" type="ECrel">
        <subtype name="compound" value="124"/>
    </relation>
    <relation entry1="27" entry2="36" type="ECrel">
        <subtype name="compound" value="124"/>
    </relation>
    <relation entry1="27" entry2="90" type="ECrel">
        <subtype name="compound" value="124"/>
    </relation>
    <relation entry1="27" entry2="51" type="ECrel">
        <subtype name="compound" value="124"/>
    </relation>
    <relation entry1="27" entry2="66" type="ECrel">
        <subtype name="compound" value="124"/>
    </relation>
    <relation entry1="27" entry2="50" type="ECrel">
        <subtype name="compound" value="124"/>
    </relation>
    <relation entry1="36" entry2="51" type="ECrel">
        <subtype name="compound" value="124"/>
    </relation>
    <relation entry1="36" entry2="66" type="ECrel">
        <subtype name="compound" value="124"/>
    </relation>
    <relation entry1="36" entry2="50" type="ECrel">
        <subtype name="compound" value="124"/>
    </relation>
    <relation entry1="51" entry2="90" type="ECrel">
        <subtype name="compound" value="124"/>
    </relation>
    <relation entry1="66" entry2="90" type="ECrel">
        <subtype name="compound" value="124"/>
    </relation>
    <relation entry1="50" entry2="90" type="ECrel">
        <subtype name="compound" value="124"/>
    </relation>
    <relation entry1="51" entry2="66" type="ECrel">
        <subtype name="compound" value="124"/>
    </relation>
    <relation entry1="50" entry2="51" type="ECrel">
        <subtype name="compound" value="124"/>
    </relation>
    <relation entry1="50" entry2="66" type="ECrel">
        <subtype name="compound" value="124"/>
    </relation>
    <relation entry1="24" entry2="35" type="ECrel">
        <subtype name="compound" value="105"/>
    </relation>
    <relation entry1="35" entry2="46" type="ECrel">
        <subtype name="compound" value="116"/>
    </relation>
    <relation entry1="35" entry2="47" type="ECrel">
        <subtype name="compound" value="116"/>
    </relation>
    <relation entry1="35" entry2="89" type="ECrel">
        <subtype name="compound" value="116"/>
    </relation>
    <relation entry1="29" entry2="40" type="ECrel">
        <subtype name="compound" value="108"/>
    </relation>
    <relation entry1="51" entry2="84" type="ECrel">
        <subtype name="compound" value="141"/>
    </relation>
    <relation entry1="84" entry2="87" type="ECrel">
        <subtype name="compound" value="93"/>
    </relation>
    <relation entry1="74" entry2="87" type="ECrel">
        <subtype name="compound" value="94"/>
    </relation>
    <relation entry1="78" entry2="79" type="ECrel">
        <subtype name="compound" value="139"/>
    </relation>
    <relation entry1="79" entry2="81" type="ECrel">
        <subtype name="compound" value="139"/>
    </relation>
    <relation entry1="37" entry2="90" type="ECrel">
        <subtype name="compound" value="115"/>
    </relation>
    <relation entry1="36" entry2="37" type="ECrel">
        <subtype name="compound" value="114"/>
    </relation>
    <relation entry1="27" entry2="44" type="maplink">
        <subtype name="compound" value="134"/>
    </relation>
    <relation entry1="31" entry2="32" type="maplink">
        <subtype name="compound" value="110"/>
    </relation>
    <relation entry1="38" entry2="32" type="maplink">
        <subtype name="compound" value="110"/>
    </relation>
    <relation entry1="48" entry2="71" type="maplink">
        <subtype name="compound" value="124"/>
    </relation>
    <relation entry1="48" entry2="70" type="maplink">
        <subtype name="compound" value="124"/>
    </relation>
    <relation entry1="48" entry2="61" type="maplink">
        <subtype name="compound" value="124"/>
    </relation>
    <relation entry1="48" entry2="60" type="maplink">
        <subtype name="compound" value="124"/>
    </relation>
    <relation entry1="27" entry2="71" type="maplink">
        <subtype name="compound" value="124"/>
    </relation>
    <relation entry1="27" entry2="70" type="maplink">
        <subtype name="compound" value="124"/>
    </relation>
    <relation entry1="27" entry2="61" type="maplink">
        <subtype name="compound" value="124"/>
    </relation>
    <relation entry1="27" entry2="60" type="maplink">
        <subtype name="compound" value="124"/>
    </relation>
    <relation entry1="36" entry2="71" type="maplink">
        <subtype name="compound" value="124"/>
    </relation>
    <relation entry1="36" entry2="70" type="maplink">
        <subtype name="compound" value="124"/>
    </relation>
    <relation entry1="36" entry2="61" type="maplink">
        <subtype name="compound" value="124"/>
    </relation>
    <relation entry1="36" entry2="60" type="maplink">
        <subtype name="compound" value="124"/>
    </relation>
    <relation entry1="90" entry2="71" type="maplink">
        <subtype name="compound" value="124"/>
    </relation>
    <relation entry1="90" entry2="70" type="maplink">
        <subtype name="compound" value="124"/>
    </relation>
    <relation entry1="90" entry2="61" type="maplink">
        <subtype name="compound" value="124"/>
    </relation>
    <relation entry1="90" entry2="60" type="maplink">
        <subtype name="compound" value="124"/>
    </relation>
    <relation entry1="51" entry2="71" type="maplink">
        <subtype name="compound" value="124"/>
    </relation>
    <relation entry1="51" entry2="70" type="maplink">
        <subtype name="compound" value="124"/>
    </relation>
    <relation entry1="51" entry2="61" type="maplink">
        <subtype name="compound" value="124"/>
    </relation>
    <relation entry1="51" entry2="60" type="maplink">
        <subtype name="compound" value="124"/>
    </relation>
    <relation entry1="66" entry2="71" type="maplink">
        <subtype name="compound" value="124"/>
    </relation>
    <relation entry1="50" entry2="71" type="maplink">
        <subtype name="compound" value="124"/>
    </relation>
    <relation entry1="66" entry2="70" type="maplink">
        <subtype name="compound" value="124"/>
    </relation>
    <relation entry1="50" entry2="70" type="maplink">
        <subtype name="compound" value="124"/>
    </relation>
    <relation entry1="66" entry2="61" type="maplink">
        <subtype name="compound" value="124"/>
    </relation>
    <relation entry1="66" entry2="60" type="maplink">
        <subtype name="compound" value="124"/>
    </relation>
    <relation entry1="50" entry2="61" type="maplink">
        <subtype name="compound" value="124"/>
    </relation>
    <relation entry1="50" entry2="60" type="maplink">
        <subtype name="compound" value="124"/>
    </relation>
    <relation entry1="66" entry2="83" type="maplink">
        <subtype name="compound" value="131"/>
    </relation>
    <relation entry1="55" entry2="73" type="maplink">
        <subtype name="compound" value="125"/>
    </relation>
    <relation entry1="67" entry2="73" type="maplink">
        <subtype name="compound" value="125"/>
    </relation>
    <relation entry1="75" entry2="86" type="maplink">
        <subtype name="compound" value="133"/>
    </relation>
    <relation entry1="78" entry2="83" type="maplink">
        <subtype name="compound" value="139"/>
    </relation>
    <relation entry1="81" entry2="83" type="maplink">
        <subtype name="compound" value="139"/>
    </relation>
    <relation entry1="79" entry2="83" type="maplink">
        <subtype name="compound" value="139"/>
    </relation>
    <relation entry1="37" entry2="23" type="maplink">
        <subtype name="compound" value="115"/>
    </relation>
    <relation entry1="90" entry2="23" type="maplink">
        <subtype name="compound" value="115"/>
    </relation>
    <relation entry1="51" entry2="40" type="ECrel">
        <subtype name="compound" value="120"/>
    </relation>
    <relation entry1="51" entry2="41" type="ECrel">
        <subtype name="compound" value="120"/>
    </relation>
    <relation entry1="51" entry2="46" type="ECrel">
        <subtype name="compound" value="120"/>
    </relation>
    <relation entry1="51" entry2="47" type="ECrel">
        <subtype name="compound" value="120"/>
    </relation>
    <relation entry1="51" entry2="89" type="ECrel">
        <subtype name="compound" value="120"/>
    </relation>
    <relation entry1="51" entry2="25" type="maplink">
        <subtype name="compound" value="120"/>
    </relation>
    <relation entry1="51" entry2="63" type="ECrel">
        <subtype name="compound" value="120"/>
    </relation>
    <relation entry1="51" entry2="62" type="ECrel">
        <subtype name="compound" value="120"/>
    </relation>
    <relation entry1="51" entry2="75" type="ECrel">
        <subtype name="compound" value="120"/>
    </relation>
    <relation entry1="51" entry2="74" type="ECrel">
        <subtype name="compound" value="120"/>
    </relation>
    <relation entry1="51" entry2="67" type="ECrel">
        <subtype name="compound" value="120"/>
    </relation>
    <relation entry1="51" entry2="55" type="ECrel">
        <subtype name="compound" value="120"/>
    </relation>
    <relation entry1="40" entry2="41" type="ECrel">
        <subtype name="compound" value="120"/>
    </relation>
    <relation entry1="40" entry2="46" type="ECrel">
        <subtype name="compound" value="120"/>
    </relation>
    <relation entry1="40" entry2="47" type="ECrel">
        <subtype name="compound" value="120"/>
    </relation>
    <relation entry1="40" entry2="89" type="ECrel">
        <subtype name="compound" value="120"/>
    </relation>
    <relation entry1="40" entry2="25" type="maplink">
        <subtype name="compound" value="120"/>
    </relation>
    <relation entry1="40" entry2="63" type="ECrel">
        <subtype name="compound" value="120"/>
    </relation>
    <relation entry1="40" entry2="62" type="ECrel">
        <subtype name="compound" value="120"/>
    </relation>
    <relation entry1="40" entry2="75" type="ECrel">
        <subtype name="compound" value="120"/>
    </relation>
    <relation entry1="40" entry2="74" type="ECrel">
        <subtype name="compound" value="120"/>
    </relation>
    <relation entry1="40" entry2="67" type="ECrel">
        <subtype name="compound" value="120"/>
    </relation>
    <relation entry1="40" entry2="55" type="ECrel">
        <subtype name="compound" value="120"/>
    </relation>
    <relation entry1="41" entry2="46" type="ECrel">
        <subtype name="compound" value="120"/>
    </relation>
    <relation entry1="41" entry2="47" type="ECrel">
        <subtype name="compound" value="120"/>
    </relation>
    <relation entry1="41" entry2="89" type="ECrel">
        <subtype name="compound" value="120"/>
    </relation>
    <relation entry1="41" entry2="25" type="maplink">
        <subtype name="compound" value="120"/>
    </relation>
    <relation entry1="41" entry2="63" type="ECrel">
        <subtype name="compound" value="120"/>
    </relation>
    <relation entry1="41" entry2="62" type="ECrel">
        <subtype name="compound" value="120"/>
    </relation>
    <relation entry1="41" entry2="75" type="ECrel">
        <subtype name="compound" value="120"/>
    </relation>
    <relation entry1="41" entry2="74" type="ECrel">
        <subtype name="compound" value="120"/>
    </relation>
    <relation entry1="41" entry2="67" type="ECrel">
        <subtype name="compound" value="120"/>
    </relation>
    <relation entry1="41" entry2="55" type="ECrel">
        <subtype name="compound" value="120"/>
    </relation>
    <relation entry1="46" entry2="25" type="maplink">
        <subtype name="compound" value="120"/>
    </relation>
    <relation entry1="46" entry2="63" type="ECrel">
        <subtype name="compound" value="120"/>
    </relation>
    <relation entry1="46" entry2="62" type="ECrel">
        <subtype name="compound" value="120"/>
    </relation>
    <relation entry1="46" entry2="75" type="ECrel">
        <subtype name="compound" value="120"/>
    </relation>
    <relation entry1="46" entry2="74" type="ECrel">
        <subtype name="compound" value="120"/>
    </relation>
    <relation entry1="46" entry2="67" type="ECrel">
        <subtype name="compound" value="120"/>
    </relation>
    <relation entry1="46" entry2="55" type="ECrel">
        <subtype name="compound" value="120"/>
    </relation>
    <relation entry1="47" entry2="25" type="maplink">
        <subtype name="compound" value="120"/>
    </relation>
    <relation entry1="47" entry2="63" type="ECrel">
        <subtype name="compound" value="120"/>
    </relation>
    <relation entry1="47" entry2="62" type="ECrel">
        <subtype name="compound" value="120"/>
    </relation>
    <relation entry1="47" entry2="75" type="ECrel">
        <subtype name="compound" value="120"/>
    </relation>
    <relation entry1="47" entry2="74" type="ECrel">
        <subtype name="compound" value="120"/>
    </relation>
    <relation entry1="47" entry2="67" type="ECrel">
        <subtype name="compound" value="120"/>
    </relation>
    <relation entry1="47" entry2="55" type="ECrel">
        <subtype name="compound" value="120"/>
    </relation>
    <relation entry1="89" entry2="25" type="maplink">
        <subtype name="compound" value="120"/>
    </relation>
    <relation entry1="89" entry2="63" type="ECrel">
        <subtype name="compound" value="120"/>
    </relation>
    <relation entry1="89" entry2="62" type="ECrel">
        <subtype name="compound" value="120"/>
    </relation>
    <relation entry1="89" entry2="75" type="ECrel">
        <subtype name="compound" value="120"/>
    </relation>
    <relation entry1="89" entry2="74" type="ECrel">
        <subtype name="compound" value="120"/>
    </relation>
    <relation entry1="89" entry2="67" type="ECrel">
        <subtype name="compound" value="120"/>
    </relation>
    <relation entry1="89" entry2="55" type="ECrel">
        <subtype name="compound" value="120"/>
    </relation>
    <relation entry1="25" entry2="63" type="maplink">
        <subtype name="compound" value="120"/>
    </relation>
    <relation entry1="25" entry2="62" type="maplink">
        <subtype name="compound" value="120"/>
    </relation>
    <relation entry1="25" entry2="75" type="maplink">
        <subtype name="compound" value="120"/>
    </relation>
    <relation entry1="25" entry2="74" type="maplink">
        <subtype name="compound" value="120"/>
    </relation>
    <relation entry1="25" entry2="67" type="maplink">
        <subtype name="compound" value="120"/>
    </relation>
    <relation entry1="25" entry2="55" type="maplink">
        <subtype name="compound" value="120"/>
    </relation>
    <relation entry1="63" entry2="75" type="ECrel">
        <subtype name="compound" value="120"/>
    </relation>
    <relation entry1="63" entry2="74" type="ECrel">
        <subtype name="compound" value="120"/>
    </relation>
    <relation entry1="63" entry2="67" type="ECrel">
        <subtype name="compound" value="120"/>
    </relation>
    <relation entry1="63" entry2="55" type="ECrel">
        <subtype name="compound" value="120"/>
    </relation>
    <relation entry1="62" entry2="75" type="ECrel">
        <subtype name="compound" value="120"/>
    </relation>
    <relation entry1="62" entry2="74" type="ECrel">
        <subtype name="compound" value="120"/>
    </relation>
    <relation entry1="62" entry2="67" type="ECrel">
        <subtype name="compound" value="120"/>
    </relation>
    <relation entry1="62" entry2="55" type="ECrel">
        <subtype name="compound" value="120"/>
    </relation>
    <relation entry1="75" entry2="74" type="ECrel">
        <subtype name="compound" value="120"/>
    </relation>
    <relation entry1="75" entry2="67" type="ECrel">
        <subtype name="compound" value="120"/>
    </relation>
    <relation entry1="75" entry2="55" type="ECrel">
        <subtype name="compound" value="120"/>
    </relation>
    <relation entry1="74" entry2="67" type="ECrel">
        <subtype name="compound" value="120"/>
    </relation>
    <relation entry1="74" entry2="55" type="ECrel">
        <subtype name="compound" value="120"/>
    </relation>
    <reaction name="rn:R01021" type="irreversible">
        <substrate name="cpd:C00588"/>
        <product name="cpd:C00114"/>
    </reaction>
    <reaction name="rn:R01025" type="irreversible">
        <substrate name="cpd:C00114"/>
        <product name="cpd:C00576"/>
    </reaction>
    <reaction name="rn:R01514" type="reversible">
        <substrate name="cpd:C00258"/>
        <product name="cpd:C00197"/>
    </reaction>
    <reaction name="rn:R02821" type="irreversible">
        <substrate name="cpd:C00719"/>
        <product name="cpd:C01026"/>
    </reaction>
    <reaction name="rn:R00585" type="reversible">
        <substrate name="cpd:C00065"/>
        <product name="cpd:C00168"/>
    </reaction>
    <reaction name="rn:R01883" type="irreversible">
        <substrate name="cpd:C00581"/>
        <product name="cpd:C00300"/>
    </reaction>
    <reaction name="rn:R01513" type="reversible">
        <substrate name="cpd:C00197"/>
        <product name="cpd:C03232"/>
    </reaction>
    <reaction name="rn:R02056" type="irreversible">
        <substrate name="cpd:C00350"/>
        <product name="cpd:C01241"/>
    </reaction>
    <reaction name="rn:R01565" type="irreversible">
        <substrate name="cpd:C01026"/>
        <product name="cpd:C00213"/>
    </reaction>
    <reaction name="rn:R01290" type="irreversible">
        <substrate name="cpd:C00065"/>
        <product name="cpd:C02291"/>
    </reaction>
    <reaction name="rn:R01001" type="reversible">
        <substrate name="cpd:C02291"/>
        <product name="cpd:C00097"/>
    </reaction>
    <reaction name="rn:R02055" type="irreversible">
        <substrate name="cpd:C02737"/>
        <product name="cpd:C00350"/>
    </reaction>
    <reaction name="rn:R00565" type="irreversible">
        <substrate name="cpd:C00037"/>
        <product name="cpd:C00581"/>
    </reaction>
    <reaction name="rn:R03654" type="irreversible">
        <substrate name="cpd:C00037"/>
        <product name="cpd:C02412"/>
    </reaction>
    <reaction name="rn:R03663" type="irreversible">
        <substrate name="cpd:C00188"/>
        <product name="cpd:C02992"/>
    </reaction>
    <reaction name="rn:R04173" type="reversible">
        <substrate name="cpd:C01005"/>
        <product name="cpd:C03232"/>
    </reaction>
    <reaction name="rn:R00610" type="irreversible">
        <substrate name="cpd:C00213"/>
        <product name="cpd:C00037"/>
    </reaction>
    <reaction name="rn:R00611" type="irreversible">
        <substrate name="cpd:C00213"/>
        <product name="cpd:C00037"/>
    </reaction>
    <reaction name="rn:R03662" type="irreversible">
        <substrate name="cpd:C00065"/>
        <product name="cpd:C02553"/>
    </reaction>
    <reaction name="rn:R00582" type="irreversible">
        <substrate name="cpd:C01005"/>
        <product name="cpd:C00065"/>
    </reaction>
    <reaction name="rn:R00945" type="reversible">
        <substrate name="cpd:C00037"/>
        <substrate name="cpd:C00143"/>
        <product name="cpd:C00065"/>
    </reaction>
    <reaction name="rn:R00366" type="irreversible">
        <substrate name="cpd:C00037"/>
        <product name="cpd:C00048"/>
    </reaction>
    <reaction name="rn:R00371" type="reversible">
        <substrate name="cpd:C00037"/>
        <product name="cpd:C03508"/>
    </reaction>
    <reaction name="rn:R00220" type="reversible">
        <substrate name="cpd:C00065"/>
        <product name="cpd:C00022"/>
    </reaction>
    <reaction name="rn:R00369" type="reversible">
        <substrate name="cpd:C00037"/>
        <product name="cpd:C00048"/>
    </reaction>
    <reaction name="rn:R03425" type="irreversible">
        <substrate name="cpd:C00037"/>
        <substrate name="cpd:C02051"/>
        <product name="cpd:C00011"/>
        <product name="cpd:C01242"/>
    </reaction>
    <reaction name="rn:R00830" type="irreversible">
        <substrate name="cpd:C00037"/>
        <product name="cpd:C00430"/>
    </reaction>
    <reaction name="rn:R02529" type="irreversible">
        <substrate name="cpd:C01888"/>
        <product name="cpd:C00546"/>
    </reaction>
    <reaction name="rn:R02528" type="irreversible">
        <substrate name="cpd:C00546"/>
        <product name="cpd:C05235"/>
    </reaction>
    <reaction name="rn:R04125" type="irreversible">
        <substrate name="cpd:C00101"/>
        <substrate name="cpd:C01242"/>
        <product name="cpd:C00014"/>
        <product name="cpd:C02972"/>
        <product name="cpd:C00143"/>
    </reaction>
    <reaction name="rn:R03815" type="irreversible">
        <substrate name="cpd:C02972"/>
        <product name="cpd:C02051"/>
    </reaction>
    <reaction name="rn:R00367" type="reversible">
        <substrate name="cpd:C00037"/>
        <product name="cpd:C00213"/>
    </reaction>
    <reaction name="rn:R00891" type="irreversible">
        <substrate name="cpd:C00065"/>
        <product name="cpd:C00097"/>
    </reaction>
</pathway>
