<?xml version="1.0"?>
<!DOCTYPE pathway SYSTEM "http://www.genome.jp/kegg/xml/KGML_v0.6.1_.dtd">
<!-- Creation date: Jul 30 2008 19:30:24 +0900 (JST) -->
<pathway name="path:hsa04514" org="hsa" number="04514"
         title="Cell adhesion molecules (CAMs)"
         image="http://www.genome.jp/kegg/pathway/hsa/hsa04514.gif"
         link="http://www.genome.jp/dbget-bin/show_pathway?hsa04514">
    <entry id="1" name="path:hsa04670" type="map"
        link="http://www.genome.jp/kegg/pathway/hsa/hsa04670.html">
        <graphics name="Leukocyte transendothelial migration" fgcolor="#000000" bgcolor="#FFFFFF"
             type="roundrectangle" x="697" y="852" width="103" height="39"/>
    </entry>
    <entry id="2" name="path:hsa04670" type="map"
        link="http://www.genome.jp/kegg/pathway/hsa/hsa04670.html">
        <graphics name="Leukocyte transendothelial migration" fgcolor="#000000" bgcolor="#FFFFFF"
             type="roundrectangle" x="506" y="455" width="103" height="39"/>
    </entry>
    <entry id="3" name="path:hsa04660" type="map"
        link="http://www.genome.jp/kegg/pathway/hsa/hsa04660.html">
        <graphics name="T cell receptor signaling pathway" fgcolor="#000000" bgcolor="#FFFFFF"
             type="roundrectangle" x="125" y="852" width="103" height="39"/>
    </entry>
    <entry id="4" name="hsa:214" type="gene"
        link="http://www.genome.jp/dbget-bin/www_bget?hsa+214">
        <graphics name="ALCAM" fgcolor="#000000" bgcolor="#BFFFBF"
             type="rectangle" x="82" y="587" width="45" height="17"/>
    </entry>
    <entry id="5" name="hsa:923" type="gene"
        link="http://www.genome.jp/dbget-bin/www_bget?hsa+923">
        <graphics name="CD6" fgcolor="#000000" bgcolor="#BFFFBF"
             type="rectangle" x="166" y="587" width="45" height="17"/>
    </entry>
    <entry id="6" name="hsa:6693" type="gene"
        link="http://www.genome.jp/dbget-bin/www_bget?hsa+6693">
        <graphics name="SPN" fgcolor="#000000" bgcolor="#BFFFBF"
             type="rectangle" x="168" y="798" width="46" height="17"/>
    </entry>
    <entry id="7" name="hsa:6614" type="gene"
        link="http://www.genome.jp/dbget-bin/www_bget?hsa+6614">
        <graphics name="SIGLEC1, SN" fgcolor="#000000" bgcolor="#BFFFBF"
             type="rectangle" x="83" y="798" width="45" height="17"/>
    </entry>
    <entry id="8" name="hsa:5788" type="gene"
        link="http://www.genome.jp/dbget-bin/www_bget?hsa+5788">
        <graphics name="PTPRC" fgcolor="#000000" bgcolor="#BFFFBF"
             type="rectangle" x="168" y="759" width="46" height="17"/>
    </entry>
    <entry id="9" name="hsa:933" type="gene"
        link="http://www.genome.jp/dbget-bin/www_bget?hsa+933">
        <graphics name="CD22" fgcolor="#000000" bgcolor="#BFFFBF"
             type="rectangle" x="83" y="759" width="45" height="17"/>
    </entry>
    <entry id="10" name="hsa:925 hsa:926" type="gene"
        link="http://www.genome.jp/dbget-bin/www_bget?hsa+925+926">
        <graphics name="CD8A..." fgcolor="#000000" bgcolor="#BFFFBF"
             type="rectangle" x="272" y="285" width="45" height="17"/>
    </entry>
    <entry id="11" name="hsa:3688" type="gene"
        link="http://www.genome.jp/dbget-bin/www_bget?hsa+3688">
        <graphics name="ITGB1, FNRB, MSK12, MDF2" fgcolor="#000000" bgcolor="#BFFFBF"
             type="rectangle" x="932" y="462" width="45" height="17"/>
    </entry>
    <entry id="12" name="hsa:8516" type="gene"
        link="http://www.genome.jp/dbget-bin/www_bget?hsa+8516">
        <graphics name="ITGA8" fgcolor="#000000" bgcolor="#BFFFBF"
             type="rectangle" x="932" y="445" width="45" height="17"/>
    </entry>
    <entry id="13" name="hsa:3689" type="gene"
        link="http://www.genome.jp/dbget-bin/www_bget?hsa+3689">
        <graphics name="ITGB2, CD18, MFI7" fgcolor="#000000" bgcolor="#BFFFBF"
             type="rectangle" x="464" y="643" width="45" height="17"/>
    </entry>
    <entry id="14" name="hsa:3683" type="gene"
        link="http://www.genome.jp/dbget-bin/www_bget?hsa+3683">
        <graphics name="ITGAL" fgcolor="#000000" bgcolor="#BFFFBF"
             type="rectangle" x="464" y="626" width="45" height="17"/>
    </entry>
    <entry id="15" name="hsa:958" type="gene"
        link="http://www.genome.jp/dbget-bin/www_bget?hsa+958">
        <graphics name="CD40" fgcolor="#000000" bgcolor="#BFFFBF"
             type="rectangle" x="548" y="768" width="45" height="17"/>
    </entry>
    <entry id="16" name="hsa:958" type="gene"
        link="http://www.genome.jp/dbget-bin/www_bget?hsa+958">
        <graphics name="CD40" fgcolor="#000000" bgcolor="#BFFFBF"
             type="rectangle" x="464" y="599" width="45" height="17"/>
    </entry>
    <entry id="17" name="hsa:958" type="gene"
        link="http://www.genome.jp/dbget-bin/www_bget?hsa+958">
        <graphics name="CD40" fgcolor="#000000" bgcolor="#BFFFBF"
             type="rectangle" x="356" y="628" width="45" height="17"/>
    </entry>
    <entry id="18" name="hsa:958" type="gene"
        link="http://www.genome.jp/dbget-bin/www_bget?hsa+958">
        <graphics name="CD40" fgcolor="#000000" bgcolor="#BFFFBF"
             type="rectangle" x="357" y="367" width="45" height="17"/>
    </entry>
    <entry id="19" name="hsa:4756" type="gene"
        link="http://www.genome.jp/dbget-bin/www_bget?hsa+4756">
        <graphics name="NEO1" fgcolor="#000000" bgcolor="#BFFFBF"
             type="rectangle" x="1313" y="801" width="45" height="17"/>
    </entry>
    <entry id="20" name="hsa:1013" type="gene"
        link="http://www.genome.jp/dbget-bin/www_bget?hsa+1013">
        <graphics name="CDH15, CDH3, CDH14" fgcolor="#000000" bgcolor="#BFFFBF"
             type="rectangle" x="1313" y="775" width="45" height="17"/>
    </entry>
    <entry id="21" name="hsa:1013" type="gene"
        link="http://www.genome.jp/dbget-bin/www_bget?hsa+1013">
        <graphics name="CDH15, CDH3, CDH14" fgcolor="#000000" bgcolor="#BFFFBF"
             type="rectangle" x="1229" y="775" width="45" height="17"/>
    </entry>
    <entry id="22" name="hsa:1002" type="gene"
        link="http://www.genome.jp/dbget-bin/www_bget?hsa+1002">
        <graphics name="CDH4" fgcolor="#000000" bgcolor="#BFFFBF"
             type="rectangle" x="1313" y="750" width="45" height="17"/>
    </entry>
    <entry id="23" name="hsa:1002" type="gene"
        link="http://www.genome.jp/dbget-bin/www_bget?hsa+1002">
        <graphics name="CDH4" fgcolor="#000000" bgcolor="#BFFFBF"
             type="rectangle" x="1229" y="750" width="45" height="17"/>
    </entry>
    <entry id="24" name="hsa:1001" type="gene"
        link="http://www.genome.jp/dbget-bin/www_bget?hsa+1001">
        <graphics name="CDH3" fgcolor="#000000" bgcolor="#BFFFBF"
             type="rectangle" x="1313" y="659" width="45" height="17"/>
    </entry>
    <entry id="25" name="hsa:1001" type="gene"
        link="http://www.genome.jp/dbget-bin/www_bget?hsa+1001">
        <graphics name="CDH3" fgcolor="#000000" bgcolor="#BFFFBF"
             type="rectangle" x="1229" y="659" width="45" height="17"/>
    </entry>
    <entry id="26" name="hsa:3688" type="gene"
        link="http://www.genome.jp/dbget-bin/www_bget?hsa+3688">
        <graphics name="ITGB1, FNRB, MSK12, MDF2" fgcolor="#000000" bgcolor="#BFFFBF"
             type="rectangle" x="1312" y="510" width="45" height="17"/>
    </entry>
    <entry id="27" name="hsa:3655" type="gene"
        link="http://www.genome.jp/dbget-bin/www_bget?hsa+3655">
        <graphics name="ITGA6" fgcolor="#000000" bgcolor="#BFFFBF"
             type="rectangle" x="1312" y="493" width="45" height="17"/>
    </entry>
    <entry id="28" name="hsa:5819" type="gene"
        link="http://www.genome.jp/dbget-bin/www_bget?hsa+5819">
        <graphics name="PVRL2, HVEB" fgcolor="#000000" bgcolor="#BFFFBF"
             type="rectangle" x="1312" y="467" width="45" height="17"/>
    </entry>
    <entry id="29" name="hsa:999" type="gene"
        link="http://www.genome.jp/dbget-bin/www_bget?hsa+999">
        <graphics name="CDH1, UVO" fgcolor="#000000" bgcolor="#BFFFBF"
             type="rectangle" x="1312" y="415" width="45" height="17"/>
    </entry>
    <entry id="30" name="hsa:999" type="gene"
        link="http://www.genome.jp/dbget-bin/www_bget?hsa+999">
        <graphics name="CDH1, UVO" fgcolor="#000000" bgcolor="#BFFFBF"
             type="rectangle" x="1228" y="415" width="45" height="17"/>
    </entry>
    <entry id="31" name="hsa:999" type="gene"
        link="http://www.genome.jp/dbget-bin/www_bget?hsa+999">
        <graphics name="CDH1, UVO" fgcolor="#000000" bgcolor="#BFFFBF"
             type="rectangle" x="1312" y="222" width="45" height="17"/>
    </entry>
    <entry id="32" name="hsa:999" type="gene"
        link="http://www.genome.jp/dbget-bin/www_bget?hsa+999">
        <graphics name="CDH1, UVO" fgcolor="#000000" bgcolor="#BFFFBF"
             type="rectangle" x="1228" y="222" width="45" height="17"/>
    </entry>
    <entry id="33" name="hsa:5010" type="gene"
        link="http://www.genome.jp/dbget-bin/www_bget?hsa+5010">
        <graphics name="CLDN11, OTM" fgcolor="#000000" bgcolor="#BFFFBF"
             type="rectangle" x="1121" y="796" width="45" height="17"/>
    </entry>
    <entry id="34" name="hsa:5010" type="gene"
        link="http://www.genome.jp/dbget-bin/www_bget?hsa+5010">
        <graphics name="CLDN11, OTM" fgcolor="#000000" bgcolor="#BFFFBF"
             type="rectangle" x="1037" y="796" width="45" height="17"/>
    </entry>
    <entry id="35" name="hsa:1462" type="gene"
        link="http://www.genome.jp/dbget-bin/www_bget?hsa+1462">
        <graphics name="VCAN, CSPG2" fgcolor="#000000" bgcolor="#BFFFBF"
             type="rectangle" x="1037" y="552" width="45" height="17"/>
    </entry>
    <entry id="36" name="hsa:999" type="gene"
        link="http://www.genome.jp/dbget-bin/www_bget?hsa+999">
        <graphics name="CDH1, UVO" fgcolor="#000000" bgcolor="#BFFFBF"
             type="rectangle" x="1122" y="433" width="45" height="17"/>
    </entry>
    <entry id="37" name="hsa:999" type="gene"
        link="http://www.genome.jp/dbget-bin/www_bget?hsa+999">
        <graphics name="CDH1, UVO" fgcolor="#000000" bgcolor="#BFFFBF"
             type="rectangle" x="1037" y="433" width="45" height="17"/>
    </entry>
    <entry id="38" name="hsa:4099" type="gene"
        link="http://www.genome.jp/dbget-bin/www_bget?hsa+4099">
        <graphics name="MAG, GMA" fgcolor="#000000" bgcolor="#BFFFBF"
             type="rectangle" x="1121" y="403" width="45" height="17"/>
    </entry>
    <entry id="39" name="hsa:4099" type="gene"
        link="http://www.genome.jp/dbget-bin/www_bget?hsa+4099">
        <graphics name="MAG, GMA" fgcolor="#000000" bgcolor="#BFFFBF"
             type="rectangle" x="1037" y="403" width="45" height="17"/>
    </entry>
    <entry id="40" name="hsa:4359 hsa:9019" type="gene"
        link="http://www.genome.jp/dbget-bin/www_bget?hsa+4359+9019">
        <graphics name="MPZ, CMT1, CMT1B..." fgcolor="#000000" bgcolor="#BFFFBF"
             type="rectangle" x="1121" y="373" width="45" height="17"/>
    </entry>
    <entry id="41" name="hsa:4359 hsa:9019" type="gene"
        link="http://www.genome.jp/dbget-bin/www_bget?hsa+4359+9019">
        <graphics name="MPZ, CMT1, CMT1B..." fgcolor="#000000" bgcolor="#BFFFBF"
             type="rectangle" x="1037" y="373" width="45" height="17"/>
    </entry>
    <entry id="42" name="hsa:25945" type="gene"
        link="http://www.genome.jp/dbget-bin/www_bget?hsa+25945">
        <graphics name="PVRL3" fgcolor="#000000" bgcolor="#BFFFBF"
             type="rectangle" x="1228" y="467" width="45" height="17"/>
    </entry>
    <entry id="43" name="hsa:23114" type="gene"
        link="http://www.genome.jp/dbget-bin/www_bget?hsa+23114">
        <graphics name="NFASC" fgcolor="#000000" bgcolor="#BFFFBF"
             type="rectangle" x="1037" y="616" width="45" height="17"/>
    </entry>
    <entry id="44" name="hsa:23114" type="gene"
        link="http://www.genome.jp/dbget-bin/www_bget?hsa+23114">
        <graphics name="NFASC" fgcolor="#000000" bgcolor="#BFFFBF"
             type="rectangle" x="1122" y="552" width="45" height="17"/>
    </entry>
    <entry id="45" name="hsa:26047" type="gene"
        link="http://www.genome.jp/dbget-bin/www_bget?hsa+26047">
        <graphics name="CNTNAP2" fgcolor="#000000" bgcolor="#BFFFBF"
             type="rectangle" x="1122" y="699" width="45" height="17"/>
    </entry>
    <entry id="46" name="hsa:8506" type="gene"
        link="http://www.genome.jp/dbget-bin/www_bget?hsa+8506">
        <graphics name="CNTNAP1, NRXN4" fgcolor="#000000" bgcolor="#BFFFBF"
             type="rectangle" x="1122" y="634" width="45" height="17"/>
    </entry>
    <entry id="47" name="hsa:26047" type="gene"
        link="http://www.genome.jp/dbget-bin/www_bget?hsa+26047">
        <graphics name="CNTNAP2" fgcolor="#000000" bgcolor="#BFFFBF"
             type="rectangle" x="1122" y="272" width="45" height="17"/>
    </entry>
    <entry id="48" name="hsa:8506" type="gene"
        link="http://www.genome.jp/dbget-bin/www_bget?hsa+8506">
        <graphics name="CNTNAP1, NRXN4" fgcolor="#000000" bgcolor="#BFFFBF"
             type="rectangle" x="1122" y="203" width="45" height="17"/>
    </entry>
    <entry id="49" name="hsa:23114" type="gene"
        link="http://www.genome.jp/dbget-bin/www_bget?hsa+23114">
        <graphics name="NFASC" fgcolor="#000000" bgcolor="#BFFFBF"
             type="rectangle" x="1037" y="186" width="45" height="17"/>
    </entry>
    <entry id="50" name="hsa:23114" type="gene"
        link="http://www.genome.jp/dbget-bin/www_bget?hsa+23114">
        <graphics name="NFASC" fgcolor="#000000" bgcolor="#BFFFBF"
             type="rectangle" x="1122" y="147" width="45" height="17"/>
    </entry>
    <entry id="51" name="hsa:5797" type="gene"
        link="http://www.genome.jp/dbget-bin/www_bget?hsa+5797">
        <graphics name="PTPRM, PTPRL1" fgcolor="#000000" bgcolor="#BFFFBF"
             type="rectangle" x="931" y="660" width="45" height="17"/>
    </entry>
    <entry id="52" name="hsa:5797" type="gene"
        link="http://www.genome.jp/dbget-bin/www_bget?hsa+5797">
        <graphics name="PTPRM, PTPRL1" fgcolor="#000000" bgcolor="#BFFFBF"
             type="rectangle" x="847" y="660" width="45" height="17"/>
    </entry>
    <entry id="53" name="hsa:6900" type="gene"
        link="http://www.genome.jp/dbget-bin/www_bget?hsa+6900">
        <graphics name="CNTN2, TAX, AXT" fgcolor="#000000" bgcolor="#BFFFBF"
             type="rectangle" x="1122" y="255" width="45" height="17"/>
    </entry>
    <entry id="54" name="hsa:6900" type="gene"
        link="http://www.genome.jp/dbget-bin/www_bget?hsa+6900">
        <graphics name="CNTN2, TAX, AXT" fgcolor="#000000" bgcolor="#BFFFBF"
             type="rectangle" x="1037" y="254" width="45" height="17"/>
    </entry>
    <entry id="55" name="hsa:6900" type="gene"
        link="http://www.genome.jp/dbget-bin/www_bget?hsa+6900">
        <graphics name="CNTN2, TAX, AXT" fgcolor="#000000" bgcolor="#BFFFBF"
             type="rectangle" x="1122" y="682" width="45" height="17"/>
    </entry>
    <entry id="56" name="hsa:6900" type="gene"
        link="http://www.genome.jp/dbget-bin/www_bget?hsa+6900">
        <graphics name="CNTN2, TAX, AXT" fgcolor="#000000" bgcolor="#BFFFBF"
             type="rectangle" x="1037" y="681" width="45" height="17"/>
    </entry>
    <entry id="57" name="hsa:6900" type="gene"
        link="http://www.genome.jp/dbget-bin/www_bget?hsa+6900">
        <graphics name="CNTN2, TAX, AXT" fgcolor="#000000" bgcolor="#BFFFBF"
             type="rectangle" x="931" y="729" width="45" height="17"/>
    </entry>
    <entry id="58" name="hsa:6900" type="gene"
        link="http://www.genome.jp/dbget-bin/www_bget?hsa+6900">
        <graphics name="CNTN2, TAX, AXT" fgcolor="#000000" bgcolor="#BFFFBF"
             type="rectangle" x="847" y="729" width="45" height="17"/>
    </entry>
    <entry id="59" name="hsa:1272" type="gene"
        link="http://www.genome.jp/dbget-bin/www_bget?hsa+1272">
        <graphics name="CNTN1" fgcolor="#000000" bgcolor="#BFFFBF"
             type="rectangle" x="1122" y="186" width="45" height="17"/>
    </entry>
    <entry id="60" name="hsa:1272" type="gene"
        link="http://www.genome.jp/dbget-bin/www_bget?hsa+1272">
        <graphics name="CNTN1" fgcolor="#000000" bgcolor="#BFFFBF"
             type="rectangle" x="1122" y="617" width="45" height="17"/>
    </entry>
    <entry id="61" name="hsa:1272" type="gene"
        link="http://www.genome.jp/dbget-bin/www_bget?hsa+1272">
        <graphics name="CNTN1" fgcolor="#000000" bgcolor="#BFFFBF"
             type="rectangle" x="1122" y="577" width="45" height="17"/>
    </entry>
    <entry id="62" name="hsa:1272" type="gene"
        link="http://www.genome.jp/dbget-bin/www_bget?hsa+1272">
        <graphics name="CNTN1" fgcolor="#000000" bgcolor="#BFFFBF"
             type="rectangle" x="1037" y="639" width="45" height="17"/>
    </entry>
    <entry id="63" name="hsa:1272" type="gene"
        link="http://www.genome.jp/dbget-bin/www_bget?hsa+1272">
        <graphics name="CNTN1" fgcolor="#000000" bgcolor="#BFFFBF"
             type="rectangle" x="931" y="626" width="45" height="17"/>
    </entry>
    <entry id="64" name="hsa:4897" type="gene"
        link="http://www.genome.jp/dbget-bin/www_bget?hsa+4897">
        <graphics name="NRCAM" fgcolor="#000000" bgcolor="#BFFFBF"
             type="rectangle" x="1122" y="528" width="45" height="17"/>
    </entry>
    <entry id="65" name="hsa:4897" type="gene"
        link="http://www.genome.jp/dbget-bin/www_bget?hsa+4897">
        <graphics name="NRCAM" fgcolor="#000000" bgcolor="#BFFFBF"
             type="rectangle" x="1122" y="120" width="45" height="17"/>
    </entry>
    <entry id="66" name="hsa:4897" type="gene"
        link="http://www.genome.jp/dbget-bin/www_bget?hsa+4897">
        <graphics name="NRCAM" fgcolor="#000000" bgcolor="#BFFFBF"
             type="rectangle" x="847" y="626" width="45" height="17"/>
    </entry>
    <entry id="67" name="hsa:22871 hsa:54413 hsa:57555" type="gene"
        link="http://www.genome.jp/dbget-bin/www_bget?hsa+22871+54413+57555">
        <graphics name="NLGN1..." fgcolor="#000000" bgcolor="#BFFFBF"
             type="rectangle" x="932" y="493" width="45" height="17"/>
    </entry>
    <entry id="68" name="hsa:9369 hsa:9378 hsa:9379" type="gene"
        link="http://www.genome.jp/dbget-bin/www_bget?hsa+9369+9378+9379">
        <graphics name="NRXN3..." fgcolor="#000000" bgcolor="#BFFFBF"
             type="rectangle" x="847" y="493" width="45" height="17"/>
    </entry>
    <entry id="69" name="hsa:3696" type="gene"
        link="http://www.genome.jp/dbget-bin/www_bget?hsa+3696">
        <graphics name="ITGB8" fgcolor="#000000" bgcolor="#BFFFBF"
             type="rectangle" x="932" y="414" width="45" height="17"/>
    </entry>
    <entry id="70" name="hsa:3685" type="gene"
        link="http://www.genome.jp/dbget-bin/www_bget?hsa+3685">
        <graphics name="ITGAV, VNRA, MSK8" fgcolor="#000000" bgcolor="#BFFFBF"
             type="rectangle" x="932" y="397" width="45" height="17"/>
    </entry>
    <entry id="71" name="hsa:6382 hsa:6383 hsa:6385 hsa:9672" type="gene"
        link="http://www.genome.jp/dbget-bin/www_bget?hsa+6382+6383+6385+9672">
        <graphics name="SDC1, SDC..." fgcolor="#000000" bgcolor="#BFFFBF"
             type="rectangle" x="1037" y="133" width="45" height="17"/>
    </entry>
    <entry id="72" name="hsa:6382 hsa:6383 hsa:6385 hsa:9672" type="gene"
        link="http://www.genome.jp/dbget-bin/www_bget?hsa+6382+6383+6385+9672">
        <graphics name="SDC1, SDC..." fgcolor="#000000" bgcolor="#BFFFBF"
             type="rectangle" x="932" y="365" width="45" height="17"/>
    </entry>
    <entry id="73" name="hsa:5792" type="gene"
        link="http://www.genome.jp/dbget-bin/www_bget?hsa+5792">
        <graphics name="PTPRF, LAR" fgcolor="#000000" bgcolor="#BFFFBF"
             type="rectangle" x="932" y="334" width="45" height="17"/>
    </entry>
    <entry id="74" name="hsa:257194" type="gene"
        link="http://www.genome.jp/dbget-bin/www_bget?hsa+257194">
        <graphics name="NEGR1" fgcolor="#000000" bgcolor="#BFFFBF"
             type="rectangle" x="932" y="303" width="45" height="17"/>
    </entry>
    <entry id="75" name="hsa:257194" type="gene"
        link="http://www.genome.jp/dbget-bin/www_bget?hsa+257194">
        <graphics name="NEGR1" fgcolor="#000000" bgcolor="#BFFFBF"
             type="rectangle" x="848" y="303" width="45" height="17"/>
    </entry>
    <entry id="76" name="hsa:57863" type="gene"
        link="http://www.genome.jp/dbget-bin/www_bget?hsa+57863">
        <graphics name="CADM3, IGSF4B" fgcolor="#000000" bgcolor="#BFFFBF"
             type="rectangle" x="931" y="592" width="45" height="17"/>
    </entry>
    <entry id="77" name="hsa:57863" type="gene"
        link="http://www.genome.jp/dbget-bin/www_bget?hsa+57863">
        <graphics name="CADM3, IGSF4B" fgcolor="#000000" bgcolor="#BFFFBF"
             type="rectangle" x="847" y="592" width="45" height="17"/>
    </entry>
    <entry id="78" name="hsa:23705" type="gene"
        link="http://www.genome.jp/dbget-bin/www_bget?hsa+23705">
        <graphics name="CADM1, TSLC1, IGSF4" fgcolor="#000000" bgcolor="#BFFFBF"
             type="rectangle" x="1312" y="250" width="45" height="17"/>
    </entry>
    <entry id="79" name="hsa:23705" type="gene"
        link="http://www.genome.jp/dbget-bin/www_bget?hsa+23705">
        <graphics name="CADM1, TSLC1, IGSF4" fgcolor="#000000" bgcolor="#BFFFBF"
             type="rectangle" x="1228" y="250" width="45" height="17"/>
    </entry>
    <entry id="80" name="hsa:23705" type="gene"
        link="http://www.genome.jp/dbget-bin/www_bget?hsa+23705">
        <graphics name="CADM1, TSLC1, IGSF4" fgcolor="#000000" bgcolor="#BFFFBF"
             type="rectangle" x="932" y="271" width="45" height="17"/>
    </entry>
    <entry id="81" name="hsa:23705" type="gene"
        link="http://www.genome.jp/dbget-bin/www_bget?hsa+23705">
        <graphics name="CADM1, TSLC1, IGSF4" fgcolor="#000000" bgcolor="#BFFFBF"
             type="rectangle" x="848" y="271" width="45" height="17"/>
    </entry>
    <entry id="82" name="hsa:1000" type="gene"
        link="http://www.genome.jp/dbget-bin/www_bget?hsa+1000">
        <graphics name="CDH2, NCAD" fgcolor="#000000" bgcolor="#BFFFBF"
             type="rectangle" x="1312" y="441" width="45" height="17"/>
    </entry>
    <entry id="83" name="hsa:1000" type="gene"
        link="http://www.genome.jp/dbget-bin/www_bget?hsa+1000">
        <graphics name="CDH2, NCAD" fgcolor="#000000" bgcolor="#BFFFBF"
             type="rectangle" x="1228" y="441" width="45" height="17"/>
    </entry>
    <entry id="84" name="hsa:1000" type="gene"
        link="http://www.genome.jp/dbget-bin/www_bget?hsa+1000">
        <graphics name="CDH2, NCAD" fgcolor="#000000" bgcolor="#BFFFBF"
             type="rectangle" x="1313" y="725" width="45" height="17"/>
    </entry>
    <entry id="85" name="hsa:1000" type="gene"
        link="http://www.genome.jp/dbget-bin/www_bget?hsa+1000">
        <graphics name="CDH2, NCAD" fgcolor="#000000" bgcolor="#BFFFBF"
             type="rectangle" x="1229" y="725" width="45" height="17"/>
    </entry>
    <entry id="86" name="hsa:1000" type="gene"
        link="http://www.genome.jp/dbget-bin/www_bget?hsa+1000">
        <graphics name="CDH2, NCAD" fgcolor="#000000" bgcolor="#BFFFBF"
             type="rectangle" x="931" y="797" width="45" height="17"/>
    </entry>
    <entry id="87" name="hsa:1000" type="gene"
        link="http://www.genome.jp/dbget-bin/www_bget?hsa+1000">
        <graphics name="CDH2, NCAD" fgcolor="#000000" bgcolor="#BFFFBF"
             type="rectangle" x="847" y="797" width="45" height="17"/>
    </entry>
    <entry id="88" name="hsa:4684 hsa:4685" type="gene"
        link="http://www.genome.jp/dbget-bin/www_bget?hsa+4684+4685">
        <graphics name="NCAM1..." fgcolor="#000000" bgcolor="#BFFFBF"
             type="rectangle" x="931" y="694" width="45" height="17"/>
    </entry>
    <entry id="89" name="hsa:4684 hsa:4685" type="gene"
        link="http://www.genome.jp/dbget-bin/www_bget?hsa+4684+4685">
        <graphics name="NCAM1..." fgcolor="#000000" bgcolor="#BFFFBF"
             type="rectangle" x="847" y="694" width="45" height="17"/>
    </entry>
    <entry id="90" name="hsa:3897" type="gene"
        link="http://www.genome.jp/dbget-bin/www_bget?hsa+3897">
        <graphics name="L1CAM, HSAS1, SPG1, HSAS, MASA, MIC5, S10" fgcolor="#000000" bgcolor="#BFFFBF"
             type="rectangle" x="931" y="763" width="45" height="17"/>
    </entry>
    <entry id="91" name="hsa:3897" type="gene"
        link="http://www.genome.jp/dbget-bin/www_bget?hsa+3897">
        <graphics name="L1CAM, HSAS1, SPG1, HSAS, MASA, MIC5, S10" fgcolor="#000000" bgcolor="#BFFFBF"
             type="rectangle" x="847" y="763" width="45" height="17"/>
    </entry>
    <entry id="92" name="hsa:3897" type="gene"
        link="http://www.genome.jp/dbget-bin/www_bget?hsa+3897">
        <graphics name="L1CAM, HSAS1, SPG1, HSAS, MASA, MIC5, S10" fgcolor="#000000" bgcolor="#BFFFBF"
             type="rectangle" x="932" y="240" width="45" height="17"/>
    </entry>
    <entry id="93" name="hsa:3897" type="gene"
        link="http://www.genome.jp/dbget-bin/www_bget?hsa+3897">
        <graphics name="L1CAM, HSAS1, SPG1, HSAS, MASA, MIC5, S10" fgcolor="#000000" bgcolor="#BFFFBF"
             type="rectangle" x="848" y="240" width="45" height="17"/>
    </entry>
    <entry id="94" name="hsa:4684 hsa:4685" type="gene"
        link="http://www.genome.jp/dbget-bin/www_bget?hsa+4684+4685">
        <graphics name="NCAM1..." fgcolor="#000000" bgcolor="#BFFFBF"
             type="rectangle" x="932" y="209" width="45" height="17"/>
    </entry>
    <entry id="95" name="hsa:4684 hsa:4685" type="gene"
        link="http://www.genome.jp/dbget-bin/www_bget?hsa+4684+4685">
        <graphics name="NCAM1..." fgcolor="#000000" bgcolor="#BFFFBF"
             type="rectangle" x="848" y="209" width="45" height="17"/>
    </entry>
    <entry id="96" name="hsa:1000" type="gene"
        link="http://www.genome.jp/dbget-bin/www_bget?hsa+1000">
        <graphics name="CDH2, NCAD" fgcolor="#000000" bgcolor="#BFFFBF"
             type="rectangle" x="932" y="177" width="45" height="17"/>
    </entry>
    <entry id="97" name="hsa:1000" type="gene"
        link="http://www.genome.jp/dbget-bin/www_bget?hsa+1000">
        <graphics name="CDH2, NCAD" fgcolor="#000000" bgcolor="#BFFFBF"
             type="rectangle" x="848" y="177" width="45" height="17"/>
    </entry>
    <entry id="98" name="hsa:5818" type="gene"
        link="http://www.genome.jp/dbget-bin/www_bget?hsa+5818">
        <graphics name="PVRL1, HVEC, ED4" fgcolor="#000000" bgcolor="#BFFFBF"
             type="rectangle" x="1312" y="195" width="45" height="17"/>
    </entry>
    <entry id="99" name="hsa:5818" type="gene"
        link="http://www.genome.jp/dbget-bin/www_bget?hsa+5818">
        <graphics name="PVRL1, HVEC, ED4" fgcolor="#000000" bgcolor="#BFFFBF"
             type="rectangle" x="1228" y="195" width="45" height="17"/>
    </entry>
    <entry id="100" name="hsa:25945" type="gene"
        link="http://www.genome.jp/dbget-bin/www_bget?hsa+25945">
        <graphics name="PVRL3" fgcolor="#000000" bgcolor="#BFFFBF"
             type="rectangle" x="1229" y="631" width="45" height="17"/>
    </entry>
    <entry id="101" name="hsa:25945" type="gene"
        link="http://www.genome.jp/dbget-bin/www_bget?hsa+25945">
        <graphics name="PVRL3" fgcolor="#000000" bgcolor="#BFFFBF"
             type="rectangle" x="1313" y="604" width="45" height="17"/>
    </entry>
    <entry id="102" name="hsa:5818" type="gene"
        link="http://www.genome.jp/dbget-bin/www_bget?hsa+5818">
        <graphics name="PVRL1, HVEC, ED4" fgcolor="#000000" bgcolor="#BFFFBF"
             type="rectangle" x="1313" y="631" width="45" height="17"/>
    </entry>
    <entry id="103" name="hsa:5818" type="gene"
        link="http://www.genome.jp/dbget-bin/www_bget?hsa+5818">
        <graphics name="PVRL1, HVEC, ED4" fgcolor="#000000" bgcolor="#BFFFBF"
             type="rectangle" x="1229" y="604" width="45" height="17"/>
    </entry>
    <entry id="104" name="hsa:25945" type="gene"
        link="http://www.genome.jp/dbget-bin/www_bget?hsa+25945">
        <graphics name="PVRL3" fgcolor="#000000" bgcolor="#BFFFBF"
             type="rectangle" x="848" y="146" width="45" height="17"/>
    </entry>
    <entry id="105" name="hsa:25945" type="gene"
        link="http://www.genome.jp/dbget-bin/www_bget?hsa+25945">
        <graphics name="PVRL3" fgcolor="#000000" bgcolor="#BFFFBF"
             type="rectangle" x="932" y="115" width="45" height="17"/>
    </entry>
    <entry id="106" name="hsa:5818" type="gene"
        link="http://www.genome.jp/dbget-bin/www_bget?hsa+5818">
        <graphics name="PVRL1, HVEC, ED4" fgcolor="#000000" bgcolor="#BFFFBF"
             type="rectangle" x="932" y="146" width="45" height="17"/>
    </entry>
    <entry id="107" name="hsa:5818" type="gene"
        link="http://www.genome.jp/dbget-bin/www_bget?hsa+5818">
        <graphics name="PVRL1, HVEC, ED4" fgcolor="#000000" bgcolor="#BFFFBF"
             type="rectangle" x="848" y="115" width="45" height="17"/>
    </entry>
    <entry id="108" name="hsa:5819" type="gene"
        link="http://www.genome.jp/dbget-bin/www_bget?hsa+5819">
        <graphics name="PVRL2, HVEB" fgcolor="#000000" bgcolor="#BFFFBF"
             type="rectangle" x="740" y="742" width="45" height="17"/>
    </entry>
    <entry id="109" name="hsa:5817" type="gene"
        link="http://www.genome.jp/dbget-bin/www_bget?hsa+5817">
        <graphics name="PVR, PVS" fgcolor="#000000" bgcolor="#BFFFBF"
             type="rectangle" x="740" y="716" width="45" height="17"/>
    </entry>
    <entry id="110" name="hsa:10666" type="gene"
        link="http://www.genome.jp/dbget-bin/www_bget?hsa+10666">
        <graphics name="CD226" fgcolor="#000000" bgcolor="#BFFFBF"
             type="rectangle" x="655" y="729" width="45" height="17"/>
    </entry>
    <entry id="111" name="hsa:6401" type="gene"
        link="http://www.genome.jp/dbget-bin/www_bget?hsa+6401">
        <graphics name="SELE, ELAM1, ELAM" fgcolor="#000000" bgcolor="#BFFFBF"
             type="rectangle" x="739" y="599" width="45" height="17"/>
    </entry>
    <entry id="112" name="hsa:2734" type="gene"
        link="http://www.genome.jp/dbget-bin/www_bget?hsa+2734">
        <graphics name="GLG1" fgcolor="#000000" bgcolor="#BFFFBF"
             type="rectangle" x="655" y="599" width="45" height="17"/>
    </entry>
    <entry id="113" name="hsa:6403" type="gene"
        link="http://www.genome.jp/dbget-bin/www_bget?hsa+6403">
        <graphics name="SELP, GRMP" fgcolor="#000000" bgcolor="#BFFFBF"
             type="rectangle" x="739" y="560" width="45" height="17"/>
    </entry>
    <entry id="114" name="hsa:6404" type="gene"
        link="http://www.genome.jp/dbget-bin/www_bget?hsa+6404">
        <graphics name="SELPLG" fgcolor="#000000" bgcolor="#BFFFBF"
             type="rectangle" x="655" y="560" width="45" height="17"/>
    </entry>
    <entry id="115" name="hsa:947" type="gene"
        link="http://www.genome.jp/dbget-bin/www_bget?hsa+947">
        <graphics name="CD34" fgcolor="#000000" bgcolor="#BFFFBF"
             type="rectangle" x="740" y="523" width="45" height="17"/>
    </entry>
    <entry id="116" name="ko:K06815" type="ortholog">
        <graphics name="K06815" fgcolor="#000000" bgcolor="#FFFFFF"
             type="rectangle" x="740" y="494" width="45" height="17"/>
    </entry>
    <entry id="117" name="hsa:6402" type="gene"
        link="http://www.genome.jp/dbget-bin/www_bget?hsa+6402">
        <graphics name="SELL, LYAM1, LNHR" fgcolor="#000000" bgcolor="#BFFFBF"
             type="rectangle" x="656" y="494" width="45" height="17"/>
    </entry>
    <entry id="118" name="hsa:8174" type="gene"
        link="http://www.genome.jp/dbget-bin/www_bget?hsa+8174">
        <graphics name="MADCAM1" fgcolor="#000000" bgcolor="#BFFFBF"
             type="rectangle" x="741" y="465" width="45" height="17"/>
    </entry>
    <entry id="119" name="hsa:7412" type="gene"
        link="http://www.genome.jp/dbget-bin/www_bget?hsa+7412">
        <graphics name="VCAM1" fgcolor="#000000" bgcolor="#BFFFBF"
             type="rectangle" x="740" y="377" width="45" height="17"/>
    </entry>
    <entry id="120" name="hsa:3695" type="gene"
        link="http://www.genome.jp/dbget-bin/www_bget?hsa+3695">
        <graphics name="ITGB7" fgcolor="#000000" bgcolor="#BFFFBF"
             type="rectangle" x="656" y="434" width="45" height="17"/>
    </entry>
    <entry id="121" name="hsa:3680" type="gene"
        link="http://www.genome.jp/dbget-bin/www_bget?hsa+3680">
        <graphics name="ITGA9" fgcolor="#000000" bgcolor="#BFFFBF"
             type="rectangle" x="656" y="368" width="45" height="17"/>
    </entry>
    <entry id="122" name="hsa:3688" type="gene"
        link="http://www.genome.jp/dbget-bin/www_bget?hsa+3688">
        <graphics name="ITGB1, FNRB, MSK12, MDF2" fgcolor="#000000" bgcolor="#BFFFBF"
             type="rectangle" x="656" y="385" width="45" height="17"/>
    </entry>
    <entry id="123" name="hsa:3688" type="gene"
        link="http://www.genome.jp/dbget-bin/www_bget?hsa+3688">
        <graphics name="ITGB1, FNRB, MSK12, MDF2" fgcolor="#000000" bgcolor="#BFFFBF"
             type="rectangle" x="656" y="337" width="45" height="17"/>
    </entry>
    <entry id="124" name="hsa:3676" type="gene"
        link="http://www.genome.jp/dbget-bin/www_bget?hsa+3676">
        <graphics name="ITGA4" fgcolor="#000000" bgcolor="#BFFFBF"
             type="rectangle" x="656" y="417" width="45" height="17"/>
    </entry>
    <entry id="125" name="hsa:3676" type="gene"
        link="http://www.genome.jp/dbget-bin/www_bget?hsa+3676">
        <graphics name="ITGA4" fgcolor="#000000" bgcolor="#BFFFBF"
             type="rectangle" x="656" y="320" width="45" height="17"/>
    </entry>
    <entry id="126" name="hsa:4267" type="gene"
        link="http://www.genome.jp/dbget-bin/www_bget?hsa+4267">
        <graphics name="CD99" fgcolor="#000000" bgcolor="#BFFFBF"
             type="rectangle" x="739" y="677" width="45" height="17"/>
    </entry>
    <entry id="127" name="hsa:4267" type="gene"
        link="http://www.genome.jp/dbget-bin/www_bget?hsa+4267">
        <graphics name="CD99" fgcolor="#000000" bgcolor="#BFFFBF"
             type="rectangle" x="655" y="677" width="45" height="17"/>
    </entry>
    <entry id="128" name="hsa:5175" type="gene"
        link="http://www.genome.jp/dbget-bin/www_bget?hsa+5175">
        <graphics name="PECAM1" fgcolor="#000000" bgcolor="#BFFFBF"
             type="rectangle" x="739" y="638" width="45" height="17"/>
    </entry>
    <entry id="129" name="hsa:5175" type="gene"
        link="http://www.genome.jp/dbget-bin/www_bget?hsa+5175">
        <graphics name="PECAM1" fgcolor="#000000" bgcolor="#BFFFBF"
             type="rectangle" x="655" y="638" width="45" height="17"/>
    </entry>
    <entry id="130" name="hsa:965" type="gene"
        link="http://www.genome.jp/dbget-bin/www_bget?hsa+965">
        <graphics name="CD58, LFA3" fgcolor="#000000" bgcolor="#BFFFBF"
             type="rectangle" x="739" y="781" width="45" height="17"/>
    </entry>
    <entry id="131" name="hsa:914" type="gene"
        link="http://www.genome.jp/dbget-bin/www_bget?hsa+914">
        <graphics name="CD2, SRBC" fgcolor="#000000" bgcolor="#BFFFBF"
             type="rectangle" x="655" y="781" width="45" height="17"/>
    </entry>
    <entry id="132" name="hsa:3385" type="gene"
        link="http://www.genome.jp/dbget-bin/www_bget?hsa+3385">
        <graphics name="ICAM3" fgcolor="#000000" bgcolor="#BFFFBF"
             type="rectangle" x="740" y="159" width="45" height="17"/>
    </entry>
    <entry id="133" name="hsa:3383" type="gene"
        link="http://www.genome.jp/dbget-bin/www_bget?hsa+3383">
        <graphics name="ICAM1" fgcolor="#000000" bgcolor="#BFFFBF"
             type="rectangle" x="740" y="199" width="45" height="17"/>
    </entry>
    <entry id="134" name="hsa:3384" type="gene"
        link="http://www.genome.jp/dbget-bin/www_bget?hsa+3384">
        <graphics name="ICAM2" fgcolor="#000000" bgcolor="#BFFFBF"
             type="rectangle" x="740" y="249" width="45" height="17"/>
    </entry>
    <entry id="135" name="hsa:58494" type="gene"
        link="http://www.genome.jp/dbget-bin/www_bget?hsa+58494">
        <graphics name="JAM2, C21orf43" fgcolor="#000000" bgcolor="#BFFFBF"
             type="rectangle" x="740" y="328" width="45" height="17"/>
    </entry>
    <entry id="136" name="hsa:83700" type="gene"
        link="http://www.genome.jp/dbget-bin/www_bget?hsa+83700">
        <graphics name="JAM3" fgcolor="#000000" bgcolor="#BFFFBF"
             type="rectangle" x="740" y="288" width="45" height="17"/>
    </entry>
    <entry id="137" name="hsa:83700" type="gene"
        link="http://www.genome.jp/dbget-bin/www_bget?hsa+83700">
        <graphics name="JAM3" fgcolor="#000000" bgcolor="#BFFFBF"
             type="rectangle" x="656" y="288" width="45" height="17"/>
    </entry>
    <entry id="138" name="hsa:3689" type="gene"
        link="http://www.genome.jp/dbget-bin/www_bget?hsa+3689">
        <graphics name="ITGB2, CD18, MFI7" fgcolor="#000000" bgcolor="#BFFFBF"
             type="rectangle" x="656" y="257" width="45" height="17"/>
    </entry>
    <entry id="139" name="hsa:3684" type="gene"
        link="http://www.genome.jp/dbget-bin/www_bget?hsa+3684">
        <graphics name="ITGAM, CR3A, CD11B" fgcolor="#000000" bgcolor="#BFFFBF"
             type="rectangle" x="656" y="240" width="45" height="17"/>
    </entry>
    <entry id="140" name="hsa:3689" type="gene"
        link="http://www.genome.jp/dbget-bin/www_bget?hsa+3689">
        <graphics name="ITGB2, CD18, MFI7" fgcolor="#000000" bgcolor="#BFFFBF"
             type="rectangle" x="656" y="209" width="45" height="17"/>
    </entry>
    <entry id="141" name="hsa:3683" type="gene"
        link="http://www.genome.jp/dbget-bin/www_bget?hsa+3683">
        <graphics name="ITGAL" fgcolor="#000000" bgcolor="#BFFFBF"
             type="rectangle" x="656" y="192" width="45" height="17"/>
    </entry>
    <entry id="142" name="hsa:50848" type="gene"
        link="http://www.genome.jp/dbget-bin/www_bget?hsa+50848">
        <graphics name="F11R, JAM1" fgcolor="#000000" bgcolor="#BFFFBF"
             type="rectangle" x="740" y="122" width="45" height="17"/>
    </entry>
    <entry id="143" name="hsa:50848" type="gene"
        link="http://www.genome.jp/dbget-bin/www_bget?hsa+50848">
        <graphics name="F11R, JAM1" fgcolor="#000000" bgcolor="#BFFFBF"
             type="rectangle" x="656" y="122" width="45" height="17"/>
    </entry>
    <entry id="144" name="hsa:5175" type="gene"
        link="http://www.genome.jp/dbget-bin/www_bget?hsa+5175">
        <graphics name="PECAM1" fgcolor="#000000" bgcolor="#BFFFBF"
             type="rectangle" x="548" y="798" width="45" height="17"/>
    </entry>
    <entry id="145" name="hsa:959" type="gene"
        link="http://www.genome.jp/dbget-bin/www_bget?hsa+959">
        <graphics name="CD40LG" fgcolor="#000000" bgcolor="#BFFFBF"
             type="rectangle" x="464" y="768" width="45" height="17"/>
    </entry>
    <entry id="146" name="hsa:50848" type="gene"
        link="http://www.genome.jp/dbget-bin/www_bget?hsa+50848">
        <graphics name="F11R, JAM1" fgcolor="#000000" bgcolor="#BFFFBF"
             type="rectangle" x="548" y="738" width="45" height="17"/>
    </entry>
    <entry id="147" name="hsa:50848" type="gene"
        link="http://www.genome.jp/dbget-bin/www_bget?hsa+50848">
        <graphics name="F11R, JAM1" fgcolor="#000000" bgcolor="#BFFFBF"
             type="rectangle" x="464" y="738" width="45" height="17"/>
    </entry>
    <entry id="148" name="hsa:3384" type="gene"
        link="http://www.genome.jp/dbget-bin/www_bget?hsa+3384">
        <graphics name="ICAM2" fgcolor="#000000" bgcolor="#BFFFBF"
             type="rectangle" x="548" y="635" width="45" height="17"/>
    </entry>
    <entry id="149" name="hsa:959" type="gene"
        link="http://www.genome.jp/dbget-bin/www_bget?hsa+959">
        <graphics name="CD40LG" fgcolor="#000000" bgcolor="#BFFFBF"
             type="rectangle" x="548" y="599" width="45" height="17"/>
    </entry>
    <entry id="150" name="hsa:6403" type="gene"
        link="http://www.genome.jp/dbget-bin/www_bget?hsa+6403">
        <graphics name="SELP, GRMP" fgcolor="#000000" bgcolor="#BFFFBF"
             type="rectangle" x="548" y="571" width="45" height="17"/>
    </entry>
    <entry id="151" name="hsa:83700" type="gene"
        link="http://www.genome.jp/dbget-bin/www_bget?hsa+83700">
        <graphics name="JAM3" fgcolor="#000000" bgcolor="#BFFFBF"
             type="rectangle" x="548" y="536" width="45" height="17"/>
    </entry>
    <entry id="152" name="hsa:3689" type="gene"
        link="http://www.genome.jp/dbget-bin/www_bget?hsa+3689">
        <graphics name="ITGB2, CD18, MFI7" fgcolor="#000000" bgcolor="#BFFFBF"
             type="rectangle" x="464" y="544" width="45" height="17"/>
    </entry>
    <entry id="153" name="hsa:4267" type="gene"
        link="http://www.genome.jp/dbget-bin/www_bget?hsa+4267">
        <graphics name="CD99" fgcolor="#000000" bgcolor="#BFFFBF"
             type="rectangle" x="548" y="361" width="45" height="17"/>
    </entry>
    <entry id="154" name="hsa:5175" type="gene"
        link="http://www.genome.jp/dbget-bin/www_bget?hsa+5175">
        <graphics name="PECAM1" fgcolor="#000000" bgcolor="#BFFFBF"
             type="rectangle" x="548" y="329" width="45" height="17"/>
    </entry>
    <entry id="155" name="hsa:1003" type="gene"
        link="http://www.genome.jp/dbget-bin/www_bget?hsa+1003">
        <graphics name="CDH5" fgcolor="#000000" bgcolor="#BFFFBF"
             type="rectangle" x="548" y="298" width="45" height="17"/>
    </entry>
    <entry id="156" name="hsa:90952" type="gene"
        link="http://www.genome.jp/dbget-bin/www_bget?hsa+90952">
        <graphics name="ESAM" fgcolor="#000000" bgcolor="#BFFFBF"
             type="rectangle" x="548" y="267" width="45" height="17"/>
    </entry>
    <entry id="157" name="hsa:83700" type="gene"
        link="http://www.genome.jp/dbget-bin/www_bget?hsa+83700">
        <graphics name="JAM3" fgcolor="#000000" bgcolor="#BFFFBF"
             type="rectangle" x="548" y="236" width="45" height="17"/>
    </entry>
    <entry id="158" name="hsa:58494" type="gene"
        link="http://www.genome.jp/dbget-bin/www_bget?hsa+58494">
        <graphics name="JAM2, C21orf43" fgcolor="#000000" bgcolor="#BFFFBF"
             type="rectangle" x="548" y="205" width="45" height="17"/>
    </entry>
    <entry id="159" name="hsa:50848" type="gene"
        link="http://www.genome.jp/dbget-bin/www_bget?hsa+50848">
        <graphics name="F11R, JAM1" fgcolor="#000000" bgcolor="#BFFFBF"
             type="rectangle" x="548" y="173" width="45" height="17"/>
    </entry>
    <entry id="160" name="hsa:3689" type="gene"
        link="http://www.genome.jp/dbget-bin/www_bget?hsa+3689">
        <graphics name="ITGB2, CD18, MFI7" fgcolor="#000000" bgcolor="#BFFFBF"
             type="rectangle" x="272" y="767" width="45" height="17"/>
    </entry>
    <entry id="161" name="hsa:3683" type="gene"
        link="http://www.genome.jp/dbget-bin/www_bget?hsa+3683">
        <graphics name="ITGAL" fgcolor="#000000" bgcolor="#BFFFBF"
             type="rectangle" x="272" y="750" width="45" height="17"/>
    </entry>
    <entry id="162" name="hsa:3383 hsa:3384 hsa:3385" type="gene"
        link="http://www.genome.jp/dbget-bin/www_bget?hsa+3383+3384+3385">
        <graphics name="ICAM1..." fgcolor="#000000" bgcolor="#BFFFBF"
             type="rectangle" x="356" y="758" width="45" height="17"/>
    </entry>
    <entry id="163" name="hsa:3689" type="gene"
        link="http://www.genome.jp/dbget-bin/www_bget?hsa+3689">
        <graphics name="ITGB2, CD18, MFI7" fgcolor="#000000" bgcolor="#BFFFBF"
             type="rectangle" x="356" y="727" width="45" height="17"/>
    </entry>
    <entry id="164" name="hsa:3683" type="gene"
        link="http://www.genome.jp/dbget-bin/www_bget?hsa+3683">
        <graphics name="ITGAL" fgcolor="#000000" bgcolor="#BFFFBF"
             type="rectangle" x="356" y="710" width="45" height="17"/>
    </entry>
    <entry id="165" name="hsa:3383 hsa:3384 hsa:3385" type="gene"
        link="http://www.genome.jp/dbget-bin/www_bget?hsa+3383+3384+3385">
        <graphics name="ICAM1..." fgcolor="#000000" bgcolor="#BFFFBF"
             type="rectangle" x="272" y="718" width="45" height="17"/>
    </entry>
    <entry id="166" name="hsa:80380" type="gene"
        link="http://www.genome.jp/dbget-bin/www_bget?hsa+80380">
        <graphics name="PDCD1LG2" fgcolor="#000000" bgcolor="#BFFFBF"
             type="rectangle" x="356" y="682" width="45" height="17"/>
    </entry>
    <entry id="167" name="hsa:29126" type="gene"
        link="http://www.genome.jp/dbget-bin/www_bget?hsa+29126">
        <graphics name="CD274, PDCD1LG1" fgcolor="#000000" bgcolor="#BFFFBF"
             type="rectangle" x="356" y="657" width="45" height="17"/>
    </entry>
    <entry id="168" name="hsa:5133" type="gene"
        link="http://www.genome.jp/dbget-bin/www_bget?hsa+5133">
        <graphics name="PDCD1" fgcolor="#000000" bgcolor="#BFFFBF"
             type="rectangle" x="272" y="682" width="45" height="17"/>
    </entry>
    <entry id="169" name="hsa:959" type="gene"
        link="http://www.genome.jp/dbget-bin/www_bget?hsa+959">
        <graphics name="CD40LG" fgcolor="#000000" bgcolor="#BFFFBF"
             type="rectangle" x="272" y="628" width="45" height="17"/>
    </entry>
    <entry id="170" name="hsa:920" type="gene"
        link="http://www.genome.jp/dbget-bin/www_bget?hsa+920">
        <graphics name="CD4" fgcolor="#000000" bgcolor="#BFFFBF"
             type="rectangle" x="272" y="594" width="45" height="17"/>
    </entry>
    <entry id="171" name="hsa:3108 hsa:3109 hsa:3111 hsa:3112 hsa:3113 hsa:3115 hsa:3117 hsa:3118 hsa:3119 hsa:3122 hsa:3123 hsa:3125 hsa:3126 hsa:3127" type="gene"
        link="http://www.genome.jp/dbget-bin/www_bget?hsa+3108+3109+3111+3112+3113+3115+3117+3118+3119+3122+3123+3125+3126+3127">
        <graphics name="HLA-DMA..." fgcolor="#000000" bgcolor="#BFFFBF"
             type="rectangle" x="357" y="565" width="45" height="17"/>
    </entry>
    <entry id="172" name="hsa:942" type="gene"
        link="http://www.genome.jp/dbget-bin/www_bget?hsa+942">
        <graphics name="CD86, CD28LG2" fgcolor="#000000" bgcolor="#BFFFBF"
             type="rectangle" x="357" y="526" width="45" height="17"/>
    </entry>
    <entry id="173" name="hsa:941" type="gene"
        link="http://www.genome.jp/dbget-bin/www_bget?hsa+941">
        <graphics name="CD80, CD28LG, CD28LG1" fgcolor="#000000" bgcolor="#BFFFBF"
             type="rectangle" x="357" y="497" width="45" height="17"/>
    </entry>
    <entry id="174" name="hsa:940" type="gene"
        link="http://www.genome.jp/dbget-bin/www_bget?hsa+940">
        <graphics name="CD28" fgcolor="#000000" bgcolor="#BFFFBF"
             type="rectangle" x="272" y="497" width="45" height="17"/>
    </entry>
    <entry id="175" name="hsa:965" type="gene"
        link="http://www.genome.jp/dbget-bin/www_bget?hsa+965">
        <graphics name="CD58, LFA3" fgcolor="#000000" bgcolor="#BFFFBF"
             type="rectangle" x="357" y="468" width="45" height="17"/>
    </entry>
    <entry id="176" name="hsa:914" type="gene"
        link="http://www.genome.jp/dbget-bin/www_bget?hsa+914">
        <graphics name="CD2, SRBC" fgcolor="#000000" bgcolor="#BFFFBF"
             type="rectangle" x="272" y="468" width="45" height="17"/>
    </entry>
    <entry id="177" name="hsa:959" type="gene"
        link="http://www.genome.jp/dbget-bin/www_bget?hsa+959">
        <graphics name="CD40LG" fgcolor="#000000" bgcolor="#BFFFBF"
             type="rectangle" x="272" y="367" width="45" height="17"/>
    </entry>
    <entry id="178" name="hsa:3383 hsa:3384 hsa:3385" type="gene"
        link="http://www.genome.jp/dbget-bin/www_bget?hsa+3383+3384+3385">
        <graphics name="ICAM1..." fgcolor="#000000" bgcolor="#BFFFBF"
             type="rectangle" x="357" y="326" width="45" height="17"/>
    </entry>
    <entry id="179" name="hsa:3689" type="gene"
        link="http://www.genome.jp/dbget-bin/www_bget?hsa+3689">
        <graphics name="ITGB2, CD18, MFI7" fgcolor="#000000" bgcolor="#BFFFBF"
             type="rectangle" x="272" y="335" width="45" height="17"/>
    </entry>
    <entry id="180" name="hsa:3683" type="gene"
        link="http://www.genome.jp/dbget-bin/www_bget?hsa+3683">
        <graphics name="ITGAL" fgcolor="#000000" bgcolor="#BFFFBF"
             type="rectangle" x="272" y="318" width="45" height="17"/>
    </entry>
    <entry id="181" name="hsa:3105 hsa:3106 hsa:3107 hsa:3133 hsa:3134 hsa:3135 hsa:649853" type="gene"
        link="http://www.genome.jp/dbget-bin/www_bget?hsa+3105+3106+3107+3133+3134+3135+649853">
        <graphics name="HLA-A..." fgcolor="#000000" bgcolor="#BFFFBF"
             type="rectangle" x="357" y="256" width="45" height="17"/>
    </entry>
    <entry id="182" name="hsa:942" type="gene"
        link="http://www.genome.jp/dbget-bin/www_bget?hsa+942">
        <graphics name="CD86, CD28LG2" fgcolor="#000000" bgcolor="#BFFFBF"
             type="rectangle" x="357" y="222" width="45" height="17"/>
    </entry>
    <entry id="183" name="hsa:941" type="gene"
        link="http://www.genome.jp/dbget-bin/www_bget?hsa+941">
        <graphics name="CD80, CD28LG, CD28LG1" fgcolor="#000000" bgcolor="#BFFFBF"
             type="rectangle" x="357" y="193" width="45" height="17"/>
    </entry>
    <entry id="184" name="hsa:940" type="gene"
        link="http://www.genome.jp/dbget-bin/www_bget?hsa+940">
        <graphics name="CD28" fgcolor="#000000" bgcolor="#BFFFBF"
             type="rectangle" x="272" y="193" width="45" height="17"/>
    </entry>
    <entry id="185" name="hsa:965" type="gene"
        link="http://www.genome.jp/dbget-bin/www_bget?hsa+965">
        <graphics name="CD58, LFA3" fgcolor="#000000" bgcolor="#BFFFBF"
             type="rectangle" x="357" y="158" width="45" height="17"/>
    </entry>
    <entry id="186" name="hsa:914" type="gene"
        link="http://www.genome.jp/dbget-bin/www_bget?hsa+914">
        <graphics name="CD2, SRBC" fgcolor="#000000" bgcolor="#BFFFBF"
             type="rectangle" x="272" y="158" width="45" height="17"/>
    </entry>
    <entry id="187" name="hsa:3383 hsa:3384 hsa:3385" type="gene"
        link="http://www.genome.jp/dbget-bin/www_bget?hsa+3383+3384+3385">
        <graphics name="ICAM1..." fgcolor="#000000" bgcolor="#BFFFBF"
             type="rectangle" x="82" y="719" width="45" height="17"/>
    </entry>
    <entry id="188" name="hsa:3689" type="gene"
        link="http://www.genome.jp/dbget-bin/www_bget?hsa+3689">
        <graphics name="ITGB2, CD18, MFI7" fgcolor="#000000" bgcolor="#BFFFBF"
             type="rectangle" x="167" y="728" width="45" height="17"/>
    </entry>
    <entry id="189" name="hsa:3683" type="gene"
        link="http://www.genome.jp/dbget-bin/www_bget?hsa+3683">
        <graphics name="ITGAL" fgcolor="#000000" bgcolor="#BFFFBF"
             type="rectangle" x="167" y="711" width="45" height="17"/>
    </entry>
    <entry id="190" name="hsa:5175" type="gene"
        link="http://www.genome.jp/dbget-bin/www_bget?hsa+5175">
        <graphics name="PECAM1" fgcolor="#000000" bgcolor="#BFFFBF"
             type="rectangle" x="464" y="798" width="45" height="17"/>
    </entry>
    <entry id="191" name="hsa:6404" type="gene"
        link="http://www.genome.jp/dbget-bin/www_bget?hsa+6404">
        <graphics name="SELPLG" fgcolor="#000000" bgcolor="#BFFFBF"
             type="rectangle" x="464" y="571" width="45" height="17"/>
    </entry>
    <entry id="192" name="hsa:3684" type="gene"
        link="http://www.genome.jp/dbget-bin/www_bget?hsa+3684">
        <graphics name="ITGAM, CR3A, CD11B" fgcolor="#000000" bgcolor="#BFFFBF"
             type="rectangle" x="464" y="527" width="45" height="17"/>
    </entry>
    <entry id="193" name="hsa:4267" type="gene"
        link="http://www.genome.jp/dbget-bin/www_bget?hsa+4267">
        <graphics name="CD99" fgcolor="#000000" bgcolor="#BFFFBF"
             type="rectangle" x="464" y="361" width="45" height="17"/>
    </entry>
    <entry id="194" name="hsa:958" type="gene"
        link="http://www.genome.jp/dbget-bin/www_bget?hsa+958">
        <graphics name="CD40" fgcolor="#000000" bgcolor="#BFFFBF"
             type="rectangle" x="82" y="553" width="45" height="17"/>
    </entry>
    <entry id="195" name="hsa:3689" type="gene"
        link="http://www.genome.jp/dbget-bin/www_bget?hsa+3689">
        <graphics name="ITGB2, CD18, MFI7" fgcolor="#000000" bgcolor="#BFFFBF"
             type="rectangle" x="82" y="673" width="45" height="17"/>
    </entry>
    <entry id="196" name="hsa:58494" type="gene"
        link="http://www.genome.jp/dbget-bin/www_bget?hsa+58494">
        <graphics name="JAM2, C21orf43" fgcolor="#000000" bgcolor="#BFFFBF"
             type="rectangle" x="464" y="205" width="45" height="17"/>
    </entry>
    <entry id="197" name="hsa:90952" type="gene"
        link="http://www.genome.jp/dbget-bin/www_bget?hsa+90952">
        <graphics name="ESAM" fgcolor="#000000" bgcolor="#BFFFBF"
             type="rectangle" x="464" y="267" width="45" height="17"/>
    </entry>
    <entry id="198" name="hsa:50848" type="gene"
        link="http://www.genome.jp/dbget-bin/www_bget?hsa+50848">
        <graphics name="F11R, JAM1" fgcolor="#000000" bgcolor="#BFFFBF"
             type="rectangle" x="464" y="173" width="45" height="17"/>
    </entry>
    <entry id="199" name="hsa:4950" type="gene"
        link="http://www.genome.jp/dbget-bin/www_bget?hsa+4950">
        <graphics name="OCLN" fgcolor="#000000" bgcolor="#BFFFBF"
             type="rectangle" x="548" y="142" width="45" height="17"/>
    </entry>
    <entry id="200" name="hsa:4950" type="gene"
        link="http://www.genome.jp/dbget-bin/www_bget?hsa+4950">
        <graphics name="OCLN" fgcolor="#000000" bgcolor="#BFFFBF"
             type="rectangle" x="464" y="142" width="45" height="17"/>
    </entry>
    <entry id="201" name="hsa:10686 hsa:1364 hsa:1365 hsa:1366 hsa:137075 hsa:149461 hsa:23562 hsa:24146 hsa:26285 hsa:49861 hsa:5010 hsa:51208 hsa:53842 hsa:7122 hsa:9071 hsa:9073 hsa:9074 hsa:9075 hsa:9076 hsa:9080" type="gene"
        link="http://www.genome.jp/dbget-bin/www_bget?hsa+10686+1364+1365+1366+137075+149461+23562+24146+26285+49861+5010+51208+53842+7122+9071+9073+9074+9075+9076+9080">
        <graphics name="CLDN16..." fgcolor="#000000" bgcolor="#BFFFBF"
             type="rectangle" x="548" y="111" width="45" height="17"/>
    </entry>
    <entry id="202" name="hsa:10686 hsa:1364 hsa:1365 hsa:1366 hsa:137075 hsa:149461 hsa:23562 hsa:24146 hsa:26285 hsa:49861 hsa:5010 hsa:51208 hsa:53842 hsa:7122 hsa:9071 hsa:9073 hsa:9074 hsa:9075 hsa:9076 hsa:9080" type="gene"
        link="http://www.genome.jp/dbget-bin/www_bget?hsa+10686+1364+1365+1366+137075+149461+23562+24146+26285+49861+5010+51208+53842+7122+9071+9073+9074+9075+9076+9080">
        <graphics name="CLDN16..." fgcolor="#000000" bgcolor="#BFFFBF"
             type="rectangle" x="464" y="111" width="45" height="17"/>
    </entry>
    <entry id="203" name="path:hsa04530" type="map"
        link="http://www.genome.jp/kegg/pathway/hsa/hsa04530.html">
        <graphics name="Tight junction" fgcolor="#000000" bgcolor="#FFFFFF"
             type="roundrectangle" x="506" y="411" width="103" height="39"/>
    </entry>
    <entry id="204" name="path:hsa04610" type="map"
        link="http://www.genome.jp/kegg/pathway/hsa/hsa04610.html">
        <graphics name="Complement and coagulation cascades" fgcolor="#000000" bgcolor="#FFFFFF"
             type="roundrectangle" x="506" y="852" width="103" height="39"/>
    </entry>
    <entry id="205" name="path:hsa04530" type="map"
        link="http://www.genome.jp/kegg/pathway/hsa/hsa04530.html">
        <graphics name="Tight junction" fgcolor="#000000" bgcolor="#FFFFFF"
             type="roundrectangle" x="1271" y="297" width="103" height="39"/>
    </entry>
    <entry id="206" name="hsa:4950" type="gene"
        link="http://www.genome.jp/dbget-bin/www_bget?hsa+4950">
        <graphics name="OCLN" fgcolor="#000000" bgcolor="#BFFFBF"
             type="rectangle" x="1312" y="140" width="45" height="17"/>
    </entry>
    <entry id="207" name="hsa:50848" type="gene"
        link="http://www.genome.jp/dbget-bin/www_bget?hsa+50848">
        <graphics name="F11R, JAM1" fgcolor="#000000" bgcolor="#BFFFBF"
             type="rectangle" x="1312" y="168" width="45" height="17"/>
    </entry>
    <entry id="208" name="hsa:10686 hsa:1364 hsa:1365 hsa:1366 hsa:137075 hsa:149461 hsa:23562 hsa:24146 hsa:26285 hsa:49861 hsa:5010 hsa:51208 hsa:53842 hsa:7122 hsa:9071 hsa:9073 hsa:9074 hsa:9075 hsa:9076 hsa:9080" type="gene"
        link="http://www.genome.jp/dbget-bin/www_bget?hsa+10686+1364+1365+1366+137075+149461+23562+24146+26285+49861+5010+51208+53842+7122+9071+9073+9074+9075+9076+9080">
        <graphics name="CLDN16..." fgcolor="#000000" bgcolor="#BFFFBF"
             type="rectangle" x="1312" y="113" width="45" height="17"/>
    </entry>
    <entry id="209" name="hsa:3383 hsa:3384 hsa:3385" type="gene"
        link="http://www.genome.jp/dbget-bin/www_bget?hsa+3383+3384+3385">
        <graphics name="ICAM1..." fgcolor="#000000" bgcolor="#BFFFBF"
             type="rectangle" x="167" y="665" width="45" height="17"/>
    </entry>
    <entry id="210" name="hsa:920" type="gene"
        link="http://www.genome.jp/dbget-bin/www_bget?hsa+920">
        <graphics name="CD4" fgcolor="#000000" bgcolor="#BFFFBF"
             type="rectangle" x="166" y="307" width="45" height="17"/>
    </entry>
    <entry id="211" name="hsa:29851" type="gene"
        link="http://www.genome.jp/dbget-bin/www_bget?hsa+29851">
        <graphics name="ICOS" fgcolor="#000000" bgcolor="#BFFFBF"
             type="rectangle" x="167" y="519" width="45" height="17"/>
    </entry>
    <entry id="212" name="hsa:80381" type="gene"
        link="http://www.genome.jp/dbget-bin/www_bget?hsa+80381">
        <graphics name="CD276" fgcolor="#000000" bgcolor="#BFFFBF"
             type="rectangle" x="82" y="481" width="45" height="17"/>
    </entry>
    <entry id="213" name="hsa:959" type="gene"
        link="http://www.genome.jp/dbget-bin/www_bget?hsa+959">
        <graphics name="CD40LG" fgcolor="#000000" bgcolor="#BFFFBF"
             type="rectangle" x="166" y="553" width="45" height="17"/>
    </entry>
    <entry id="214" name="hsa:80380" type="gene"
        link="http://www.genome.jp/dbget-bin/www_bget?hsa+80380">
        <graphics name="PDCD1LG2" fgcolor="#000000" bgcolor="#BFFFBF"
             type="rectangle" x="82" y="453" width="45" height="17"/>
    </entry>
    <entry id="215" name="hsa:29126" type="gene"
        link="http://www.genome.jp/dbget-bin/www_bget?hsa+29126">
        <graphics name="CD274, PDCD1LG1" fgcolor="#000000" bgcolor="#BFFFBF"
             type="rectangle" x="82" y="425" width="45" height="17"/>
    </entry>
    <entry id="216" name="hsa:5175" type="gene"
        link="http://www.genome.jp/dbget-bin/www_bget?hsa+5175">
        <graphics name="PECAM1" fgcolor="#000000" bgcolor="#BFFFBF"
             type="rectangle" x="464" y="329" width="45" height="17"/>
    </entry>
    <entry id="217" name="hsa:5788" type="gene"
        link="http://www.genome.jp/dbget-bin/www_bget?hsa+5788">
        <graphics name="PTPRC" fgcolor="#000000" bgcolor="#BFFFBF"
             type="rectangle" x="272" y="798" width="45" height="17"/>
    </entry>
    <entry id="218" name="hsa:23308" type="gene"
        link="http://www.genome.jp/dbget-bin/www_bget?hsa+23308">
        <graphics name="ICOSLG, ICOSL" fgcolor="#000000" bgcolor="#BFFFBF"
             type="rectangle" x="82" y="519" width="45" height="17"/>
    </entry>
    <entry id="219" name="hsa:5133" type="gene"
        link="http://www.genome.jp/dbget-bin/www_bget?hsa+5133">
        <graphics name="PDCD1" fgcolor="#000000" bgcolor="#BFFFBF"
             type="rectangle" x="166" y="453" width="45" height="17"/>
    </entry>
    <entry id="220" name="hsa:1003" type="gene"
        link="http://www.genome.jp/dbget-bin/www_bget?hsa+1003">
        <graphics name="CDH5" fgcolor="#000000" bgcolor="#BFFFBF"
             type="rectangle" x="464" y="298" width="45" height="17"/>
    </entry>
    <entry id="221" name="hsa:3105 hsa:3106 hsa:3107 hsa:3133 hsa:3134 hsa:3135 hsa:649853" type="gene"
        link="http://www.genome.jp/dbget-bin/www_bget?hsa+3105+3106+3107+3133+3134+3135+649853">
        <graphics name="HLA-A..." fgcolor="#000000" bgcolor="#BFFFBF"
             type="rectangle" x="82" y="353" width="45" height="17"/>
    </entry>
    <entry id="222" name="hsa:3108 hsa:3109 hsa:3111 hsa:3112 hsa:3113 hsa:3115 hsa:3117 hsa:3118 hsa:3119 hsa:3122 hsa:3123 hsa:3125 hsa:3126 hsa:3127" type="gene"
        link="http://www.genome.jp/dbget-bin/www_bget?hsa+3108+3109+3111+3112+3113+3115+3117+3118+3119+3122+3123+3125+3126+3127">
        <graphics name="HLA-DMA..." fgcolor="#000000" bgcolor="#BFFFBF"
             type="rectangle" x="82" y="278" width="45" height="17"/>
    </entry>
    <entry id="223" name="path:hsa04520" type="map"
        link="http://www.genome.jp/kegg/pathway/hsa/hsa04520.html">
        <graphics name="Adherens junction" fgcolor="#000000" bgcolor="#FFFFFF"
             type="roundrectangle" x="1271" y="344" width="103" height="39"/>
    </entry>
    <entry id="224" name="hsa:10666" type="gene"
        link="http://www.genome.jp/dbget-bin/www_bget?hsa+10666">
        <graphics name="CD226" fgcolor="#000000" bgcolor="#BFFFBF"
             type="rectangle" x="167" y="639" width="45" height="17"/>
    </entry>
    <entry id="225" name="hsa:50848" type="gene"
        link="http://www.genome.jp/dbget-bin/www_bget?hsa+50848">
        <graphics name="F11R, JAM1" fgcolor="#000000" bgcolor="#BFFFBF"
             type="rectangle" x="1228" y="168" width="45" height="17"/>
    </entry>
    <entry id="226" name="hsa:941" type="gene"
        link="http://www.genome.jp/dbget-bin/www_bget?hsa+941">
        <graphics name="CD80, CD28LG, CD28LG1" fgcolor="#000000" bgcolor="#BFFFBF"
             type="rectangle" x="82" y="193" width="45" height="17"/>
    </entry>
    <entry id="227" name="hsa:83700" type="gene"
        link="http://www.genome.jp/dbget-bin/www_bget?hsa+83700">
        <graphics name="JAM3" fgcolor="#000000" bgcolor="#BFFFBF"
             type="rectangle" x="464" y="236" width="45" height="17"/>
    </entry>
    <entry id="228" name="hsa:3683" type="gene"
        link="http://www.genome.jp/dbget-bin/www_bget?hsa+3683">
        <graphics name="ITGAL" fgcolor="#000000" bgcolor="#BFFFBF"
             type="rectangle" x="82" y="656" width="45" height="17"/>
    </entry>
    <entry id="229" name="hsa:925 hsa:926" type="gene"
        link="http://www.genome.jp/dbget-bin/www_bget?hsa+925+926">
        <graphics name="CD8A..." fgcolor="#000000" bgcolor="#BFFFBF"
             type="rectangle" x="166" y="382" width="45" height="17"/>
    </entry>
    <entry id="230" name="hsa:933" type="gene"
        link="http://www.genome.jp/dbget-bin/www_bget?hsa+933">
        <graphics name="CD22" fgcolor="#000000" bgcolor="#BFFFBF"
             type="rectangle" x="357" y="798" width="45" height="17"/>
    </entry>
    <entry id="231" name="hsa:10686 hsa:1364 hsa:1365 hsa:1366 hsa:137075 hsa:149461 hsa:23562 hsa:24146 hsa:26285 hsa:49861 hsa:5010 hsa:51208 hsa:53842 hsa:7122 hsa:9071 hsa:9073 hsa:9074 hsa:9075 hsa:9076 hsa:9080" type="gene"
        link="http://www.genome.jp/dbget-bin/www_bget?hsa+10686+1364+1365+1366+137075+149461+23562+24146+26285+49861+5010+51208+53842+7122+9071+9073+9074+9075+9076+9080">
        <graphics name="CLDN16..." fgcolor="#000000" bgcolor="#BFFFBF"
             type="rectangle" x="1228" y="113" width="45" height="17"/>
    </entry>
    <entry id="232" name="hsa:1493" type="gene"
        link="http://www.genome.jp/dbget-bin/www_bget?hsa+1493">
        <graphics name="CTLA4" fgcolor="#000000" bgcolor="#BFFFBF"
             type="rectangle" x="166" y="222" width="45" height="17"/>
    </entry>
    <entry id="233" name="hsa:940" type="gene"
        link="http://www.genome.jp/dbget-bin/www_bget?hsa+940">
        <graphics name="CD28" fgcolor="#000000" bgcolor="#BFFFBF"
             type="rectangle" x="166" y="193" width="45" height="17"/>
    </entry>
    <entry id="234" name="hsa:942" type="gene"
        link="http://www.genome.jp/dbget-bin/www_bget?hsa+942">
        <graphics name="CD86, CD28LG2" fgcolor="#000000" bgcolor="#BFFFBF"
             type="rectangle" x="82" y="222" width="45" height="17"/>
    </entry>
    <entry id="235" name="hsa:4950" type="gene"
        link="http://www.genome.jp/dbget-bin/www_bget?hsa+4950">
        <graphics name="OCLN" fgcolor="#000000" bgcolor="#BFFFBF"
             type="rectangle" x="1228" y="140" width="45" height="17"/>
    </entry>
    <entry id="236" name="hsa:965" type="gene"
        link="http://www.genome.jp/dbget-bin/www_bget?hsa+965">
        <graphics name="CD58, LFA3" fgcolor="#000000" bgcolor="#BFFFBF"
             type="rectangle" x="82" y="158" width="45" height="17"/>
    </entry>
    <entry id="237" name="hsa:914" type="gene"
        link="http://www.genome.jp/dbget-bin/www_bget?hsa+914">
        <graphics name="CD2, SRBC" fgcolor="#000000" bgcolor="#BFFFBF"
             type="rectangle" x="166" y="158" width="45" height="17"/>
    </entry>
    <entry id="238" name="path:hsa04514" type="map"
        link="http://www.genome.jp/dbget-bin/get_linkdb?pathway+hsa04514">
        <graphics name="TITLE:Cell adhesion molecules (CAMs)" fgcolor="#000000" bgcolor="#FFFFFF"
             type="roundrectangle" x="174" y="40" width="233" height="25"/>
    </entry>
    <entry id="239" name="undefined" type="group">
        <graphics fgcolor="#000000" bgcolor="#FFFFFF"
             type="rectangle" x="82" y="665" width="65" height="54"/>
        <component id="195"/>
        <component id="228"/>
    </entry>
    <entry id="240" name="undefined" type="group">
        <graphics fgcolor="#000000" bgcolor="#FFFFFF"
             type="rectangle" x="356" y="719" width="65" height="54"/>
        <component id="163"/>
        <component id="164"/>
    </entry>
    <entry id="241" name="undefined" type="group">
        <graphics fgcolor="#000000" bgcolor="#FFFFFF"
             type="rectangle" x="272" y="759" width="65" height="54"/>
        <component id="160"/>
        <component id="161"/>
    </entry>
    <entry id="242" name="undefined" type="group">
        <graphics fgcolor="#000000" bgcolor="#FFFFFF"
             type="rectangle" x="464" y="536" width="65" height="54"/>
        <component id="152"/>
        <component id="192"/>
    </entry>
    <entry id="243" name="undefined" type="group">
        <graphics fgcolor="#000000" bgcolor="#FFFFFF"
             type="rectangle" x="464" y="635" width="65" height="54"/>
        <component id="13"/>
        <component id="14"/>
    </entry>
    <entry id="244" name="undefined" type="group">
        <graphics fgcolor="#000000" bgcolor="#FFFFFF"
             type="rectangle" x="656" y="201" width="65" height="54"/>
        <component id="140"/>
        <component id="141"/>
    </entry>
    <entry id="245" name="undefined" type="group">
        <graphics fgcolor="#000000" bgcolor="#FFFFFF"
             type="rectangle" x="656" y="249" width="65" height="54"/>
        <component id="138"/>
        <component id="139"/>
    </entry>
    <entry id="246" name="undefined" type="group">
        <graphics fgcolor="#000000" bgcolor="#FFFFFF"
             type="rectangle" x="656" y="329" width="65" height="54"/>
        <component id="123"/>
        <component id="125"/>
    </entry>
    <entry id="247" name="undefined" type="group">
        <graphics fgcolor="#000000" bgcolor="#FFFFFF"
             type="rectangle" x="656" y="377" width="65" height="54"/>
        <component id="121"/>
        <component id="122"/>
    </entry>
    <entry id="248" name="undefined" type="group">
        <graphics fgcolor="#000000" bgcolor="#FFFFFF"
             type="rectangle" x="656" y="426" width="65" height="54"/>
        <component id="120"/>
        <component id="124"/>
    </entry>
    <entry id="249" name="undefined" type="group">
        <graphics fgcolor="#000000" bgcolor="#FFFFFF"
             type="rectangle" x="932" y="406" width="65" height="54"/>
        <component id="69"/>
        <component id="70"/>
    </entry>
    <entry id="250" name="undefined" type="group">
        <graphics fgcolor="#000000" bgcolor="#FFFFFF"
             type="rectangle" x="932" y="454" width="65" height="54"/>
        <component id="11"/>
        <component id="12"/>
    </entry>
    <entry id="251" name="undefined" type="group">
        <graphics fgcolor="#000000" bgcolor="#FFFFFF"
             type="rectangle" x="1122" y="195" width="65" height="54"/>
        <component id="48"/>
        <component id="59"/>
    </entry>
    <entry id="252" name="undefined" type="group">
        <graphics fgcolor="#000000" bgcolor="#FFFFFF"
             type="rectangle" x="1122" y="264" width="65" height="54"/>
        <component id="47"/>
        <component id="53"/>
    </entry>
    <entry id="253" name="undefined" type="group">
        <graphics fgcolor="#000000" bgcolor="#FFFFFF"
             type="rectangle" x="1122" y="626" width="65" height="54"/>
        <component id="46"/>
        <component id="60"/>
    </entry>
    <entry id="254" name="undefined" type="group">
        <graphics fgcolor="#000000" bgcolor="#FFFFFF"
             type="rectangle" x="1122" y="691" width="65" height="54"/>
        <component id="45"/>
        <component id="55"/>
    </entry>
    <entry id="255" name="undefined" type="group">
        <graphics fgcolor="#000000" bgcolor="#FFFFFF"
             type="rectangle" x="1312" y="502" width="65" height="54"/>
        <component id="26"/>
        <component id="27"/>
    </entry>
    <entry id="256" name="undefined" type="group">
        <graphics fgcolor="#000000" bgcolor="#FFFFFF"
             type="rectangle" x="167" y="720" width="65" height="54"/>
        <component id="188"/>
        <component id="189"/>
    </entry>
    <entry id="257" name="undefined" type="group">
        <graphics fgcolor="#000000" bgcolor="#FFFFFF"
             type="rectangle" x="272" y="327" width="65" height="54"/>
        <component id="179"/>
        <component id="180"/>
    </entry>
    <entry id="258" name="ko:K10784 ko:K10785" type="ortholog">
        <graphics name="K10784..." fgcolor="#000000" bgcolor="#FFFFFF"
             type="rectangle" x="272" y="257" width="45" height="17"/>
    </entry>
    <entry id="259" name="ko:K10784 ko:K10785" type="ortholog">
        <graphics name="K10784..." fgcolor="#000000" bgcolor="#FFFFFF"
             type="rectangle" x="272" y="566" width="45" height="17"/>
    </entry>
    <entry id="260" name="ko:K10784 ko:K10785" type="ortholog">
        <graphics name="K10784..." fgcolor="#000000" bgcolor="#FFFFFF"
             type="rectangle" x="166" y="354" width="45" height="17"/>
    </entry>
    <entry id="261" name="ko:K10784 ko:K10785" type="ortholog">
        <graphics name="K10784..." fgcolor="#000000" bgcolor="#FFFFFF"
             type="rectangle" x="166" y="279" width="45" height="17"/>
    </entry>
    <relation entry1="236" entry2="237" type="PPrel">
        <subtype name="activation" value="-->"/>
    </relation>
    <relation entry1="226" entry2="233" type="PPrel">
        <subtype name="activation" value="-->"/>
    </relation>
    <relation entry1="226" entry2="232" type="PPrel">
        <subtype name="activation" value="-->"/>
    </relation>
    <relation entry1="234" entry2="233" type="PPrel">
        <subtype name="activation" value="-->"/>
    </relation>
    <relation entry1="234" entry2="232" type="PPrel">
        <subtype name="activation" value="-->"/>
    </relation>
    <relation entry1="222" entry2="210" type="PPrel">
        <subtype name="activation" value="-->"/>
    </relation>
    <relation entry1="221" entry2="229" type="PPrel">
        <subtype name="activation" value="-->"/>
    </relation>
    <relation entry1="215" entry2="219" type="PPrel">
        <subtype name="activation" value="-->"/>
    </relation>
    <relation entry1="214" entry2="219" type="PPrel">
        <subtype name="activation" value="-->"/>
    </relation>
    <relation entry1="218" entry2="211" type="PPrel">
        <subtype name="activation" value="-->"/>
    </relation>
    <relation entry1="213" entry2="194" type="PPrel">
        <subtype name="activation" value="-->"/>
    </relation>
    <relation entry1="239" entry2="224" type="PPrel">
        <subtype name="activation" value="-->"/>
    </relation>
    <relation entry1="239" entry2="209" type="PPrel">
        <subtype name="activation" value="-->"/>
    </relation>
    <relation entry1="187" entry2="256" type="PPrel">
        <subtype name="activation" value="-->"/>
    </relation>
    <relation entry1="185" entry2="186" type="PPrel">
        <subtype name="activation" value="-->"/>
    </relation>
    <relation entry1="183" entry2="184" type="PPrel">
        <subtype name="activation" value="-->"/>
    </relation>
    <relation entry1="182" entry2="184" type="PPrel">
        <subtype name="activation" value="-->"/>
    </relation>
    <relation entry1="181" entry2="10" type="PPrel">
        <subtype name="activation" value="-->"/>
    </relation>
    <relation entry1="178" entry2="257" type="PPrel">
        <subtype name="activation" value="-->"/>
    </relation>
    <relation entry1="174" entry2="173" type="PPrel">
        <subtype name="activation" value="-->"/>
    </relation>
    <relation entry1="172" entry2="174" type="PPrel">
        <subtype name="activation" value="-->"/>
    </relation>
    <relation entry1="171" entry2="170" type="PPrel">
        <subtype name="activation" value="-->"/>
    </relation>
    <relation entry1="169" entry2="17" type="PPrel">
        <subtype name="activation" value="-->"/>
    </relation>
    <relation entry1="167" entry2="168" type="PPrel">
        <subtype name="activation" value="-->"/>
    </relation>
    <relation entry1="166" entry2="168" type="PPrel">
        <subtype name="activation" value="-->"/>
    </relation>
    <relation entry1="244" entry2="133" type="PPrel">
        <subtype name="activation" value="-->"/>
    </relation>
    <relation entry1="245" entry2="133" type="PPrel">
        <subtype name="activation" value="-->"/>
    </relation>
    <relation entry1="246" entry2="119" type="PPrel">
        <subtype name="activation" value="-->"/>
    </relation>
    <relation entry1="247" entry2="119" type="PPrel">
        <subtype name="activation" value="-->"/>
    </relation>
    <relation entry1="114" entry2="113" type="PPrel">
        <subtype name="activation" value="-->"/>
    </relation>
    <relation entry1="114" entry2="111" type="PPrel">
        <subtype name="activation" value="-->"/>
    </relation>
    <relation entry1="129" entry2="128" type="PPrel">
        <subtype name="activation" value="-->"/>
    </relation>
    <relation entry1="109" entry2="110" type="PPrel">
        <subtype name="activation" value="-->"/>
    </relation>
    <relation entry1="108" entry2="110" type="PPrel">
        <subtype name="activation" value="-->"/>
    </relation>
    <relation entry1="97" entry2="96" type="PPrel">
        <subtype name="activation" value="-->"/>
    </relation>
    <relation entry1="68" entry2="67" type="PPrel">
        <subtype name="activation" value="-->"/>
    </relation>
    <relation entry1="63" entry2="66" type="PPrel">
        <subtype name="activation" value="-->"/>
    </relation>
    <relation entry1="88" entry2="89" type="PPrel">
        <subtype name="activation" value="-->"/>
    </relation>
    <relation entry1="90" entry2="91" type="PPrel">
        <subtype name="activation" value="-->"/>
    </relation>
    <relation entry1="86" entry2="87" type="PPrel">
        <subtype name="activation" value="-->"/>
    </relation>
    <relation entry1="99" entry2="98" type="PPrel">
        <subtype name="activation" value="-->"/>
    </relation>
    <relation entry1="32" entry2="31" type="PPrel">
        <subtype name="activation" value="-->"/>
    </relation>
    <relation entry1="85" entry2="84" type="PPrel">
        <subtype name="activation" value="-->"/>
    </relation>
    <relation entry1="23" entry2="22" type="PPrel">
        <subtype name="activation" value="-->"/>
    </relation>
    <relation entry1="4" entry2="5" type="PPrel">
        <subtype name="binding/association" value="---"/>
    </relation>
    <relation entry1="8" entry2="9" type="PPrel">
        <subtype name="binding/association" value="---"/>
    </relation>
    <relation entry1="6" entry2="7" type="PPrel">
        <subtype name="binding/association" value="---"/>
    </relation>
    <relation entry1="18" entry2="177" type="PPrel">
        <subtype name="binding/association" value="---"/>
    </relation>
    <relation entry1="175" entry2="176" type="PPrel">
        <subtype name="binding/association" value="---"/>
    </relation>
    <relation entry1="165" entry2="240" type="PPrel">
        <subtype name="binding/association" value="---"/>
    </relation>
    <relation entry1="162" entry2="241" type="PPrel">
        <subtype name="binding/association" value="---"/>
    </relation>
    <relation entry1="217" entry2="230" type="PPrel">
        <subtype name="binding/association" value="---"/>
    </relation>
    <relation entry1="201" entry2="202" type="PPrel">
        <subtype name="binding/association" value="---"/>
    </relation>
    <relation entry1="199" entry2="200" type="PPrel">
        <subtype name="binding/association" value="---"/>
    </relation>
    <relation entry1="159" entry2="198" type="PPrel">
        <subtype name="binding/association" value="---"/>
    </relation>
    <relation entry1="158" entry2="196" type="PPrel">
        <subtype name="binding/association" value="---"/>
    </relation>
    <relation entry1="157" entry2="196" type="PPrel">
        <subtype name="binding/association" value="---"/>
    </relation>
    <relation entry1="158" entry2="227" type="PPrel">
        <subtype name="binding/association" value="---"/>
    </relation>
    <relation entry1="157" entry2="227" type="PPrel">
        <subtype name="binding/association" value="---"/>
    </relation>
    <relation entry1="156" entry2="197" type="PPrel">
        <subtype name="binding/association" value="---"/>
    </relation>
    <relation entry1="155" entry2="220" type="PPrel">
        <subtype name="binding/association" value="---"/>
    </relation>
    <relation entry1="154" entry2="216" type="PPrel">
        <subtype name="binding/association" value="---"/>
    </relation>
    <relation entry1="153" entry2="193" type="PPrel">
        <subtype name="binding/association" value="---"/>
    </relation>
    <relation entry1="151" entry2="242" type="PPrel">
        <subtype name="binding/association" value="---"/>
    </relation>
    <relation entry1="150" entry2="191" type="PPrel">
        <subtype name="binding/association" value="---"/>
    </relation>
    <relation entry1="16" entry2="149" type="PPrel">
        <subtype name="binding/association" value="---"/>
    </relation>
    <relation entry1="148" entry2="243" type="PPrel">
        <subtype name="binding/association" value="---"/>
    </relation>
    <relation entry1="146" entry2="147" type="PPrel">
        <subtype name="binding/association" value="---"/>
    </relation>
    <relation entry1="15" entry2="145" type="PPrel">
        <subtype name="binding/association" value="---"/>
    </relation>
    <relation entry1="144" entry2="190" type="PPrel">
        <subtype name="binding/association" value="---"/>
    </relation>
    <relation entry1="142" entry2="143" type="PPrel">
        <subtype name="binding/association" value="---"/>
    </relation>
    <relation entry1="142" entry2="244" type="PPrel">
        <subtype name="binding/association" value="---"/>
    </relation>
    <relation entry1="132" entry2="244" type="PPrel">
        <subtype name="binding/association" value="---"/>
    </relation>
    <relation entry1="134" entry2="244" type="PPrel">
        <subtype name="binding/association" value="---"/>
    </relation>
    <relation entry1="134" entry2="245" type="PPrel">
        <subtype name="binding/association" value="---"/>
    </relation>
    <relation entry1="136" entry2="245" type="PPrel">
        <subtype name="binding/association" value="---"/>
    </relation>
    <relation entry1="136" entry2="137" type="PPrel">
        <subtype name="binding/association" value="---"/>
    </relation>
    <relation entry1="135" entry2="137" type="PPrel">
        <subtype name="binding/association" value="---"/>
    </relation>
    <relation entry1="135" entry2="246" type="PPrel">
        <subtype name="binding/association" value="---"/>
    </relation>
    <relation entry1="119" entry2="248" type="PPrel">
        <subtype name="binding/association" value="---"/>
    </relation>
    <relation entry1="118" entry2="248" type="PPrel">
        <subtype name="binding/association" value="---"/>
    </relation>
    <relation entry1="117" entry2="118" type="PPrel">
        <subtype name="binding/association" value="---"/>
    </relation>
    <relation entry1="115" entry2="117" type="PPrel">
        <subtype name="binding/association" value="---"/>
    </relation>
    <relation entry1="111" entry2="112" type="PPrel">
        <subtype name="binding/association" value="---"/>
    </relation>
    <relation entry1="126" entry2="127" type="PPrel">
        <subtype name="binding/association" value="---"/>
    </relation>
    <relation entry1="130" entry2="131" type="PPrel">
        <subtype name="binding/association" value="---"/>
    </relation>
    <relation entry1="105" entry2="107" type="PPrel">
        <subtype name="binding/association" value="---"/>
    </relation>
    <relation entry1="104" entry2="106" type="PPrel">
        <subtype name="binding/association" value="---"/>
    </relation>
    <relation entry1="94" entry2="95" type="PPrel">
        <subtype name="binding/association" value="---"/>
    </relation>
    <relation entry1="92" entry2="95" type="PPrel">
        <subtype name="binding/association" value="---"/>
    </relation>
    <relation entry1="93" entry2="94" type="PPrel">
        <subtype name="binding/association" value="---"/>
    </relation>
    <relation entry1="92" entry2="93" type="PPrel">
        <subtype name="binding/association" value="---"/>
    </relation>
    <relation entry1="80" entry2="81" type="PPrel">
        <subtype name="binding/association" value="---"/>
    </relation>
    <relation entry1="74" entry2="75" type="PPrel">
        <subtype name="binding/association" value="---"/>
    </relation>
    <relation entry1="76" entry2="77" type="PPrel">
        <subtype name="binding/association" value="---"/>
    </relation>
    <relation entry1="51" entry2="52" type="PPrel">
        <subtype name="binding/association" value="---"/>
    </relation>
    <relation entry1="57" entry2="58" type="PPrel">
        <subtype name="binding/association" value="---"/>
    </relation>
    <relation entry1="57" entry2="91" type="PPrel">
        <subtype name="binding/association" value="---"/>
    </relation>
    <relation entry1="49" entry2="251" type="PPrel">
        <subtype name="binding/association" value="---"/>
    </relation>
    <relation entry1="54" entry2="252" type="PPrel">
        <subtype name="binding/association" value="---"/>
    </relation>
    <relation entry1="40" entry2="41" type="PPrel">
        <subtype name="binding/association" value="---"/>
    </relation>
    <relation entry1="38" entry2="39" type="PPrel">
        <subtype name="binding/association" value="---"/>
    </relation>
    <relation entry1="36" entry2="37" type="PPrel">
        <subtype name="binding/association" value="---"/>
    </relation>
    <relation entry1="43" entry2="253" type="PPrel">
        <subtype name="binding/association" value="---"/>
    </relation>
    <relation entry1="56" entry2="254" type="PPrel">
        <subtype name="binding/association" value="---"/>
    </relation>
    <relation entry1="33" entry2="34" type="PPrel">
        <subtype name="binding/association" value="---"/>
    </relation>
    <relation entry1="208" entry2="231" type="PPrel">
        <subtype name="binding/association" value="---"/>
    </relation>
    <relation entry1="206" entry2="235" type="PPrel">
        <subtype name="binding/association" value="---"/>
    </relation>
    <relation entry1="207" entry2="225" type="PPrel">
        <subtype name="binding/association" value="---"/>
    </relation>
    <relation entry1="78" entry2="79" type="PPrel">
        <subtype name="binding/association" value="---"/>
    </relation>
    <relation entry1="29" entry2="30" type="PPrel">
        <subtype name="binding/association" value="---"/>
    </relation>
    <relation entry1="82" entry2="83" type="PPrel">
        <subtype name="binding/association" value="---"/>
    </relation>
    <relation entry1="28" entry2="42" type="PPrel">
        <subtype name="binding/association" value="---"/>
    </relation>
    <relation entry1="101" entry2="103" type="PPrel">
        <subtype name="binding/association" value="---"/>
    </relation>
    <relation entry1="100" entry2="102" type="PPrel">
        <subtype name="binding/association" value="---"/>
    </relation>
    <relation entry1="24" entry2="25" type="PPrel">
        <subtype name="binding/association" value="---"/>
    </relation>
    <relation entry1="20" entry2="21" type="PPrel">
        <subtype name="binding/association" value="---"/>
    </relation>
</pathway>
