<?xml version="1.0"?>
<!DOCTYPE pathway SYSTEM "http://www.genome.jp/kegg/xml/KGML_v0.6.1_.dtd">
<!-- Creation date: Jul 30 2008 19:30:24 +0900 (JST) -->
<pathway name="path:hsa03420" org="hsa" number="03420"
         title="Nucleotide excision repair"
         image="http://www.genome.jp/kegg/pathway/hsa/hsa03420.gif"
         link="http://www.genome.jp/dbget-bin/show_pathway?hsa03420">
    <entry id="1" name="hsa:2968" type="gene"
        link="http://www.genome.jp/dbget-bin/www_bget?hsa+2968">
        <graphics name="GTF2H4" fgcolor="#000000" bgcolor="#BFFFBF"
             type="rectangle" x="797" y="1032" width="46" height="17"/>
    </entry>
    <entry id="2" name="hsa:2967" type="gene"
        link="http://www.genome.jp/dbget-bin/www_bget?hsa+2967">
        <graphics name="GTF2H3" fgcolor="#000000" bgcolor="#BFFFBF"
             type="rectangle" x="797" y="1015" width="46" height="17"/>
    </entry>
    <entry id="3" name="hsa:2966" type="gene"
        link="http://www.genome.jp/dbget-bin/www_bget?hsa+2966">
        <graphics name="GTF2H2" fgcolor="#000000" bgcolor="#BFFFBF"
             type="rectangle" x="797" y="998" width="46" height="17"/>
    </entry>
    <entry id="4" name="hsa:2965" type="gene"
        link="http://www.genome.jp/dbget-bin/www_bget?hsa+2965">
        <graphics name="GTF2H1" fgcolor="#000000" bgcolor="#BFFFBF"
             type="rectangle" x="797" y="981" width="46" height="17"/>
    </entry>
    <entry id="5" name="hsa:2068" type="gene"
        link="http://www.genome.jp/dbget-bin/www_bget?hsa+2068">
        <graphics name="ERCC2, XPD" fgcolor="#000000" bgcolor="#BFFFBF"
             type="rectangle" x="751" y="998" width="46" height="17"/>
    </entry>
    <entry id="6" name="hsa:404672" type="gene"
        link="http://www.genome.jp/dbget-bin/www_bget?hsa+404672">
        <graphics name="GTF2H5, C6orf175, TTD" fgcolor="#000000" bgcolor="#BFFFBF"
             type="rectangle" x="751" y="1015" width="46" height="17"/>
    </entry>
    <entry id="7" name="hsa:2071" type="gene"
        link="http://www.genome.jp/dbget-bin/www_bget?hsa+2071">
        <graphics name="ERCC3" fgcolor="#000000" bgcolor="#BFFFBF"
             type="rectangle" x="751" y="981" width="46" height="17"/>
    </entry>
    <entry id="8" name="hsa:902" type="gene"
        link="http://www.genome.jp/dbget-bin/www_bget?hsa+902">
        <graphics name="CCNH" fgcolor="#000000" bgcolor="#BFFFBF"
             type="rectangle" x="705" y="1015" width="46" height="17"/>
    </entry>
    <entry id="9" name="hsa:4331" type="gene"
        link="http://www.genome.jp/dbget-bin/www_bget?hsa+4331">
        <graphics name="MNAT1" fgcolor="#000000" bgcolor="#BFFFBF"
             type="rectangle" x="705" y="998" width="46" height="17"/>
    </entry>
    <entry id="10" name="hsa:1022" type="gene"
        link="http://www.genome.jp/dbget-bin/www_bget?hsa+1022">
        <graphics name="CDK7" fgcolor="#000000" bgcolor="#BFFFBF"
             type="rectangle" x="705" y="981" width="46" height="17"/>
    </entry>
    <entry id="11" name="hsa:1642" type="gene"
        link="http://www.genome.jp/dbget-bin/www_bget?hsa+1642">
        <graphics name="DDB1" fgcolor="#000000" bgcolor="#BFFFBF"
             type="rectangle" x="1222" y="322" width="46" height="17"/>
    </entry>
    <entry id="12" name="hsa:8450 hsa:8451" type="gene"
        link="http://www.genome.jp/dbget-bin/www_bget?hsa+8450+8451">
        <graphics name="CUL4B..." fgcolor="#000000" bgcolor="#BFFFBF"
             type="rectangle" x="1222" y="305" width="46" height="17"/>
    </entry>
    <entry id="13" name="hsa:9978" type="gene"
        link="http://www.genome.jp/dbget-bin/www_bget?hsa+9978">
        <graphics name="RBX1" fgcolor="#000000" bgcolor="#BFFFBF"
             type="rectangle" x="1222" y="288" width="46" height="17"/>
    </entry>
    <entry id="14" name="path:hsa03020" type="map"
        link="http://www.genome.jp/kegg/pathway/hsa/hsa03020.html">
        <graphics name="RNA polymerase" fgcolor="#000000" bgcolor="#FFFFFF"
             type="roundrectangle" x="1414" y="291" width="90" height="24"/>
    </entry>
    <entry id="15" name="path:hsa03020" type="map"
        link="http://www.genome.jp/kegg/pathway/hsa/hsa03020.html">
        <graphics name="RNA polymerase" fgcolor="#000000" bgcolor="#FFFFFF"
             type="roundrectangle" x="654" y="215" width="90" height="24"/>
    </entry>
    <entry id="16" name="ko:K03702" type="ortholog">
        <graphics name="K03702" fgcolor="#000000" bgcolor="#FFFFFF"
             type="rectangle" x="148" y="304" width="46" height="17"/>
    </entry>
    <entry id="17" name="ko:K03701" type="ortholog">
        <graphics name="K03701" fgcolor="#000000" bgcolor="#FFFFFF"
             type="rectangle" x="148" y="287" width="46" height="17"/>
    </entry>
    <entry id="18" name="undefined:" type="undefined">
        <graphics name="6.5.1.1..." fgcolor="#000000" bgcolor="#FFFFFF"
             type="rectangle" x="316" y="978" width="45" height="17"/>
    </entry>
    <entry id="19" name="undefined:" type="undefined">
        <graphics name="2.7.7.7" fgcolor="#000000" bgcolor="#FFFFFF"
             type="rectangle" x="317" y="837" width="46" height="17"/>
    </entry>
    <entry id="20" name="hsa:4331" type="gene"
        link="http://www.genome.jp/dbget-bin/www_bget?hsa+4331">
        <graphics name="MNAT1" fgcolor="#000000" bgcolor="#BFFFBF"
             type="rectangle" x="952" y="503" width="46" height="17"/>
    </entry>
    <entry id="21" name="ko:K03701" type="ortholog">
        <graphics name="K03701" fgcolor="#000000" bgcolor="#FFFFFF"
             type="rectangle" x="516" y="345" width="46" height="17"/>
    </entry>
    <entry id="22" name="hsa:3978" type="gene"
        link="http://www.genome.jp/dbget-bin/www_bget?hsa+3978">
        <graphics name="LIG1" fgcolor="#000000" bgcolor="#BFFFBF"
             type="rectangle" x="1083" y="979" width="46" height="17"/>
    </entry>
    <entry id="23" name="hsa:5981 hsa:5982 hsa:5983 hsa:5984 hsa:5985" type="gene"
        link="http://www.genome.jp/dbget-bin/www_bget?hsa+5981+5982+5983+5984+5985">
        <graphics name="RFC1..." fgcolor="#000000" bgcolor="#BFFFBF"
             type="rectangle" x="1083" y="842" width="46" height="17"/>
    </entry>
    <entry id="24" name="hsa:5111" type="gene"
        link="http://www.genome.jp/dbget-bin/www_bget?hsa+5111">
        <graphics name="PCNA" fgcolor="#000000" bgcolor="#BFFFBF"
             type="rectangle" x="1083" y="825" width="46" height="17"/>
    </entry>
    <entry id="25" name="undefined:" type="undefined">
        <graphics name="3.6.1.-" fgcolor="#000000" bgcolor="#FFFFFF"
             type="rectangle" x="317" y="811" width="46" height="17"/>
    </entry>
    <entry id="26" name="hsa:54107 hsa:5426 hsa:5427 hsa:56655" type="gene"
        link="http://www.genome.jp/dbget-bin/www_bget?hsa+54107+5426+5427+56655">
        <graphics name="POLE3..." fgcolor="#000000" bgcolor="#BFFFBF"
             type="rectangle" x="1027" y="853" width="46" height="17"/>
    </entry>
    <entry id="27" name="hsa:2072" type="gene"
        link="http://www.genome.jp/dbget-bin/www_bget?hsa+2072">
        <graphics name="ERCC4" fgcolor="#000000" bgcolor="#BFFFBF"
             type="rectangle" x="1082" y="646" width="46" height="17"/>
    </entry>
    <entry id="28" name="hsa:2073" type="gene"
        link="http://www.genome.jp/dbget-bin/www_bget?hsa+2073">
        <graphics name="ERCC5" fgcolor="#000000" bgcolor="#BFFFBF"
             type="rectangle" x="1184" y="486" width="45" height="17"/>
    </entry>
    <entry id="29" name="hsa:10714 hsa:5424 hsa:5425 hsa:57804" type="gene"
        link="http://www.genome.jp/dbget-bin/www_bget?hsa+10714+5424+5425+57804">
        <graphics name="POLD3..." fgcolor="#000000" bgcolor="#BFFFBF"
             type="rectangle" x="1027" y="825" width="46" height="17"/>
    </entry>
    <entry id="30" name="hsa:29935 hsa:6117 hsa:6118 hsa:6119" type="gene"
        link="http://www.genome.jp/dbget-bin/www_bget?hsa+29935+6117+6118+6119">
        <graphics name="RPA4..." fgcolor="#000000" bgcolor="#BFFFBF"
             type="rectangle" x="1242" y="503" width="46" height="17"/>
    </entry>
    <entry id="31" name="hsa:2968" type="gene"
        link="http://www.genome.jp/dbget-bin/www_bget?hsa+2968">
        <graphics name="GTF2H4" fgcolor="#000000" bgcolor="#BFFFBF"
             type="rectangle" x="1044" y="537" width="46" height="17"/>
    </entry>
    <entry id="32" name="hsa:2067" type="gene"
        link="http://www.genome.jp/dbget-bin/www_bget?hsa+2067">
        <graphics name="ERCC1" fgcolor="#000000" bgcolor="#BFFFBF"
             type="rectangle" x="1082" y="663" width="46" height="17"/>
    </entry>
    <entry id="33" name="hsa:7507" type="gene"
        link="http://www.genome.jp/dbget-bin/www_bget?hsa+7507">
        <graphics name="XPA" fgcolor="#000000" bgcolor="#BFFFBF"
             type="rectangle" x="1242" y="486" width="46" height="17"/>
    </entry>
    <entry id="34" name="hsa:2967" type="gene"
        link="http://www.genome.jp/dbget-bin/www_bget?hsa+2967">
        <graphics name="GTF2H3" fgcolor="#000000" bgcolor="#BFFFBF"
             type="rectangle" x="1044" y="520" width="46" height="17"/>
    </entry>
    <entry id="35" name="hsa:2966" type="gene"
        link="http://www.genome.jp/dbget-bin/www_bget?hsa+2966">
        <graphics name="GTF2H2" fgcolor="#000000" bgcolor="#BFFFBF"
             type="rectangle" x="1044" y="503" width="46" height="17"/>
    </entry>
    <entry id="36" name="hsa:404672" type="gene"
        link="http://www.genome.jp/dbget-bin/www_bget?hsa+404672">
        <graphics name="GTF2H5, C6orf175, TTD" fgcolor="#000000" bgcolor="#BFFFBF"
             type="rectangle" x="998" y="520" width="46" height="17"/>
    </entry>
    <entry id="37" name="ko:K03702" type="ortholog">
        <graphics name="K03702" fgcolor="#000000" bgcolor="#FFFFFF"
             type="rectangle" x="516" y="362" width="46" height="17"/>
    </entry>
    <entry id="38" name="hsa:1643" type="gene"
        link="http://www.genome.jp/dbget-bin/www_bget?hsa+1643">
        <graphics name="DDB2" fgcolor="#000000" bgcolor="#BFFFBF"
             type="rectangle" x="941" y="339" width="45" height="17"/>
    </entry>
    <entry id="39" name="hsa:1642" type="gene"
        link="http://www.genome.jp/dbget-bin/www_bget?hsa+1642">
        <graphics name="DDB1" fgcolor="#000000" bgcolor="#BFFFBF"
             type="rectangle" x="941" y="322" width="45" height="17"/>
    </entry>
    <entry id="40" name="hsa:8450 hsa:8451" type="gene"
        link="http://www.genome.jp/dbget-bin/www_bget?hsa+8450+8451">
        <graphics name="CUL4B..." fgcolor="#000000" bgcolor="#BFFFBF"
             type="rectangle" x="941" y="305" width="45" height="17"/>
    </entry>
    <entry id="41" name="hsa:9978" type="gene"
        link="http://www.genome.jp/dbget-bin/www_bget?hsa+9978">
        <graphics name="RBX1" fgcolor="#000000" bgcolor="#BFFFBF"
             type="rectangle" x="941" y="288" width="45" height="17"/>
    </entry>
    <entry id="42" name="undefined:" type="undefined">
        <graphics name="3.6.1.-" fgcolor="#000000" bgcolor="#FFFFFF"
             type="rectangle" x="516" y="231" width="45" height="17"/>
    </entry>
    <entry id="43" name="path:hsa04120" type="map"
        link="http://www.genome.jp/kegg/pathway/hsa/hsa04120.html">
        <graphics name="Ubiquitin mediated proteolysis" fgcolor="#000000" bgcolor="#FFFFFF"
             type="roundrectangle" x="1126" y="356" width="130" height="37"/>
    </entry>
    <entry id="44" name="hsa:2071" type="gene"
        link="http://www.genome.jp/dbget-bin/www_bget?hsa+2071">
        <graphics name="ERCC3" fgcolor="#000000" bgcolor="#BFFFBF"
             type="rectangle" x="998" y="486" width="46" height="17"/>
    </entry>
    <entry id="45" name="hsa:1069" type="gene"
        link="http://www.genome.jp/dbget-bin/www_bget?hsa+1069">
        <graphics name="CETN2, CALT" fgcolor="#000000" bgcolor="#BFFFBF"
             type="rectangle" x="1043" y="322" width="45" height="17"/>
    </entry>
    <entry id="46" name="hsa:2965" type="gene"
        link="http://www.genome.jp/dbget-bin/www_bget?hsa+2965">
        <graphics name="GTF2H1" fgcolor="#000000" bgcolor="#BFFFBF"
             type="rectangle" x="1044" y="486" width="46" height="17"/>
    </entry>
    <entry id="47" name="hsa:5887" type="gene"
        link="http://www.genome.jp/dbget-bin/www_bget?hsa+5887">
        <graphics name="RAD23B" fgcolor="#000000" bgcolor="#BFFFBF"
             type="rectangle" x="1043" y="305" width="45" height="17"/>
    </entry>
    <entry id="48" name="hsa:1161" type="gene"
        link="http://www.genome.jp/dbget-bin/www_bget?hsa+1161">
        <graphics name="ERCC8, CKN1" fgcolor="#000000" bgcolor="#BFFFBF"
             type="rectangle" x="1222" y="339" width="46" height="17"/>
    </entry>
    <entry id="49" name="hsa:2068" type="gene"
        link="http://www.genome.jp/dbget-bin/www_bget?hsa+2068">
        <graphics name="ERCC2, XPD" fgcolor="#000000" bgcolor="#BFFFBF"
             type="rectangle" x="998" y="503" width="46" height="17"/>
    </entry>
    <entry id="50" name="hsa:2074" type="gene"
        link="http://www.genome.jp/dbget-bin/www_bget?hsa+2074">
        <graphics name="ERCC6" fgcolor="#000000" bgcolor="#BFFFBF"
             type="rectangle" x="1281" y="289" width="46" height="17"/>
    </entry>
    <entry id="51" name="hsa:7508" type="gene"
        link="http://www.genome.jp/dbget-bin/www_bget?hsa+7508">
        <graphics name="XPC" fgcolor="#000000" bgcolor="#BFFFBF"
             type="rectangle" x="1043" y="288" width="45" height="17"/>
    </entry>
    <entry id="52" name="hsa:902" type="gene"
        link="http://www.genome.jp/dbget-bin/www_bget?hsa+902">
        <graphics name="CCNH" fgcolor="#000000" bgcolor="#BFFFBF"
             type="rectangle" x="952" y="520" width="46" height="17"/>
    </entry>
    <entry id="53" name="ko:K03703" type="ortholog">
        <graphics name="K03703" fgcolor="#000000" bgcolor="#FFFFFF"
             type="rectangle" x="317" y="657" width="46" height="17"/>
    </entry>
    <entry id="54" name="hsa:1022" type="gene"
        link="http://www.genome.jp/dbget-bin/www_bget?hsa+1022">
        <graphics name="CDK7" fgcolor="#000000" bgcolor="#BFFFBF"
             type="rectangle" x="952" y="486" width="46" height="17"/>
    </entry>
    <entry id="55" name="path:hsa03420" type="map"
        link="http://www.genome.jp/dbget-bin/get_linkdb?pathway+hsa03420">
        <graphics name="TITLE:Nucleotide excision repair" fgcolor="#000000" bgcolor="#FFFFFF"
             type="roundrectangle" x="169" y="51" width="219" height="26"/>
    </entry>
    <entry id="56" name="undefined" type="group">
        <graphics fgcolor="#000000" bgcolor="#FFFFFF"
             type="rectangle" x="941" y="314" width="65" height="88"/>
        <component id="38"/>
        <component id="39"/>
        <component id="40"/>
        <component id="41"/>
    </entry>
    <entry id="57" name="undefined" type="group">
        <graphics fgcolor="#000000" bgcolor="#FFFFFF"
             type="rectangle" x="1043" y="305" width="65" height="71"/>
        <component id="45"/>
        <component id="47"/>
        <component id="51"/>
    </entry>
    <entry id="58" name="undefined" type="group">
        <graphics fgcolor="#000000" bgcolor="#FFFFFF"
             type="rectangle" x="1222" y="314" width="66" height="88"/>
        <component id="11"/>
        <component id="12"/>
        <component id="13"/>
        <component id="48"/>
    </entry>
    <entry id="59" name="undefined" type="group">
        <graphics fgcolor="#000000" bgcolor="#FFFFFF"
             type="rectangle" x="998" y="512" width="158" height="88"/>
        <component id="20"/>
        <component id="31"/>
        <component id="34"/>
        <component id="35"/>
        <component id="36"/>
        <component id="44"/>
        <component id="46"/>
        <component id="49"/>
        <component id="52"/>
        <component id="54"/>
    </entry>
    <entry id="60" name="undefined" type="group">
        <graphics fgcolor="#000000" bgcolor="#FFFFFF"
             type="rectangle" x="1082" y="655" width="66" height="54"/>
        <component id="27"/>
        <component id="32"/>
    </entry>
    <entry id="61" name="undefined" type="group">
        <graphics fgcolor="#000000" bgcolor="#FFFFFF"
             type="rectangle" x="1242" y="495" width="66" height="54"/>
        <component id="30"/>
        <component id="33"/>
    </entry>
    <entry id="62" name="undefined" type="group">
        <graphics fgcolor="#000000" bgcolor="#FFFFFF"
             type="rectangle" x="1083" y="834" width="66" height="54"/>
        <component id="23"/>
        <component id="24"/>
    </entry>
    <entry id="63" name="undefined" type="group">
        <graphics fgcolor="#000000" bgcolor="#FFFFFF"
             type="rectangle" x="751" y="1007" width="158" height="88"/>
        <component id="1"/>
        <component id="2"/>
        <component id="3"/>
        <component id="4"/>
        <component id="5"/>
        <component id="6"/>
        <component id="7"/>
        <component id="8"/>
        <component id="9"/>
        <component id="10"/>
    </entry>
    <entry id="64" name="undefined" type="group">
        <graphics fgcolor="#000000" bgcolor="#FFFFFF"
             type="rectangle" x="148" y="296" width="66" height="54"/>
        <component id="16"/>
        <component id="17"/>
    </entry>
    <entry id="65" name="undefined" type="group">
        <graphics fgcolor="#000000" bgcolor="#FFFFFF"
             type="rectangle" x="516" y="354" width="66" height="54"/>
        <component id="21"/>
        <component id="37"/>
    </entry>
</pathway>
