<?xml version="1.0"?>
<!DOCTYPE pathway SYSTEM "http://www.genome.jp/kegg/xml/KGML_v0.6.1_.dtd">
<!-- Creation date: Aug 08 2008 02:31:33 +0900 (JST) -->
<pathway name="path:hsa00740" org="hsa" number="00740"
         title="Riboflavin metabolism"
         image="http://www.genome.jp/kegg/pathway/hsa/hsa00740.gif"
         link="http://www.genome.jp/dbget-bin/show_pathway?hsa00740">
    <entry id="1" name="cpd:C15556" type="compound"
        link="http://www.genome.jp/dbget-bin/www_bget?compound+C15556">
        <graphics name="C15556" fgcolor="#000000" bgcolor="#FFFFFF"
             type="circle" x="498" y="132" width="8" height="8"/>
    </entry>
    <entry id="2" name="cpd:C00199" type="compound"
        link="http://www.genome.jp/dbget-bin/www_bget?compound+C00199">
        <graphics name="C00199" fgcolor="#000000" bgcolor="#FFFFFF"
             type="circle" x="383" y="131" width="8" height="8"/>
    </entry>
    <entry id="3" name="ko:K02858" type="ortholog">
        <graphics name="K02858" fgcolor="#000000" bgcolor="#FFFFFF"
             type="rectangle" x="435" y="131" width="45" height="17"/>
    </entry>
    <entry id="4" name="hsa:29085 hsa:64077 hsa:8776 hsa:8898 hsa:9107" type="gene" reaction="rn:R07280"
        link="http://www.genome.jp/dbget-bin/www_bget?hsa+29085+64077+8776+8898+9107">
        <graphics name="PHPT1..." fgcolor="#000000" bgcolor="#BFFFBF"
             type="rectangle" x="430" y="204" width="45" height="17"/>
    </entry>
    <entry id="5" name="path:hsa00030" type="map"
        link="http://www.genome.jp/kegg/pathway/hsa/hsa00030.html">
        <graphics name="Pentose phosphate pathway" fgcolor="#000000" bgcolor="#FFFFFF"
             type="roundrectangle" x="383" y="69" width="148" height="25"/>
    </entry>
    <entry id="6" name="path:hsa00740" type="map"
        link="http://www.genome.jp/dbget-bin/get_linkdb?pathway+hsa00740">
        <graphics name="TITLE:Riboflavin metabolism" fgcolor="#000000" bgcolor="#FFFFFF"
             type="roundrectangle" x="149" y="53" width="204" height="27"/>
    </entry>
    <entry id="7" name="path:hsa00040" type="map"
        link="http://www.genome.jp/kegg/pathway/hsa/hsa00040.html">
        <graphics name="Pentose and glucuronate interconversions" fgcolor="#000000" bgcolor="#FFFFFF"
             type="roundrectangle" x="331" y="302" width="142" height="34"/>
    </entry>
    <entry id="8" name="path:hsa00230" type="map"
        link="http://www.genome.jp/kegg/pathway/hsa/hsa00230.html">
        <graphics name="Purine metabolism" fgcolor="#000000" bgcolor="#FFFFFF"
             type="roundrectangle" x="89" y="143" width="110" height="25"/>
    </entry>
    <entry id="9" name="hsa:5167 hsa:5169" type="gene" reaction="rn:R00160"
        link="http://www.genome.jp/dbget-bin/www_bget?hsa+5167+5169">
        <graphics name="ENPP1..." fgcolor="#000000" bgcolor="#BFFFBF"
             type="rectangle" x="717" y="258" width="45" height="17"/>
    </entry>
    <entry id="10" name="hsa:51205 hsa:52 hsa:53 hsa:54 hsa:55 hsa:93650" type="gene" reaction="rn:R00548"
        link="http://www.genome.jp/dbget-bin/www_bget?hsa+51205+52+53+54+55+93650">
        <graphics name="ACP6..." fgcolor="#000000" bgcolor="#BFFFBF"
             type="rectangle" x="628" y="312" width="45" height="17"/>
    </entry>
    <entry id="11" name="hsa:55312" type="gene" reaction="rn:R00549"
        link="http://www.genome.jp/dbget-bin/www_bget?hsa+55312">
        <graphics name="RFK" fgcolor="#000000" bgcolor="#BFFFBF"
             type="rectangle" x="628" y="293" width="45" height="17"/>
    </entry>
    <entry id="12" name="undefined:" type="undefined">
        <graphics name="3.5.99.1" fgcolor="#000000" bgcolor="#FFFFFF"
             type="rectangle" x="537" y="302" width="45" height="17"/>
    </entry>
    <entry id="13" name="ko:K00794" type="ortholog">
        <graphics name="K00794" fgcolor="#000000" bgcolor="#FFFFFF"
             type="rectangle" x="533" y="205" width="45" height="17"/>
    </entry>
    <entry id="14" name="hsa:7299" type="gene" reaction="rn:R02363"
        link="http://www.genome.jp/dbget-bin/www_bget?hsa+7299">
        <graphics name="TYR" fgcolor="#000000" bgcolor="#BFFFBF"
             type="rectangle" x="625" y="154" width="45" height="17"/>
    </entry>
    <entry id="15" name="undefined:" type="undefined">
        <graphics name="2.5.1.9" fgcolor="#000000" bgcolor="#FFFFFF"
             type="rectangle" x="577" y="243" width="45" height="17"/>
    </entry>
    <entry id="16" name="undefined:" type="undefined">
        <graphics name="1.1.1.193" fgcolor="#000000" bgcolor="#FFFFFF"
             type="rectangle" x="330" y="204" width="45" height="17"/>
    </entry>
    <entry id="17" name="undefined:" type="undefined">
        <graphics name="3.5.4.26" fgcolor="#000000" bgcolor="#FFFFFF"
             type="rectangle" x="231" y="205" width="45" height="17"/>
    </entry>
    <entry id="18" name="undefined:" type="undefined">
        <graphics name="3.5.4.25" fgcolor="#000000" bgcolor="#FFFFFF"
             type="rectangle" x="133" y="204" width="45" height="17"/>
    </entry>
    <entry id="19" name="hsa:80308" type="gene" reaction="rn:R00161"
        link="http://www.genome.jp/dbget-bin/www_bget?hsa+80308">
        <graphics name="FLAD1" fgcolor="#000000" bgcolor="#BFFFBF"
             type="rectangle" x="717" y="301" width="45" height="17"/>
    </entry>
    <entry id="20" name="undefined:" type="undefined">
        <graphics name="3.6.1.18" fgcolor="#000000" bgcolor="#FFFFFF"
             type="rectangle" x="717" y="279" width="45" height="17"/>
    </entry>
    <entry id="21" name="undefined:" type="undefined">
        <graphics name="2.4.2.21" fgcolor="#000000" bgcolor="#FFFFFF"
             type="rectangle" x="532" y="379" width="45" height="17"/>
    </entry>
    <entry id="22" name="hsa:29085 hsa:64077 hsa:8776 hsa:8898 hsa:9107" type="gene" reaction="rn:R04594"
        link="http://www.genome.jp/dbget-bin/www_bget?hsa+29085+64077+8776+8898+9107">
        <graphics name="PHPT1..." fgcolor="#000000" bgcolor="#BFFFBF"
             type="rectangle" x="434" y="379" width="45" height="17"/>
    </entry>
    <entry id="23" name="cpd:C00044" type="compound"
        link="http://www.genome.jp/dbget-bin/www_bget?compound+C00044">
        <graphics name="C00044" fgcolor="#000000" bgcolor="#FFFFFF"
             type="circle" x="89" y="205" width="8" height="8"/>
    </entry>
    <entry id="24" name="cpd:C01304" type="compound"
        link="http://www.genome.jp/dbget-bin/www_bget?compound+C01304">
        <graphics name="C01304" fgcolor="#000000" bgcolor="#FFFFFF"
             type="circle" x="187" y="205" width="8" height="8"/>
    </entry>
    <entry id="25" name="cpd:C01268" type="compound"
        link="http://www.genome.jp/dbget-bin/www_bget?compound+C01268">
        <graphics name="C01268" fgcolor="#000000" bgcolor="#FFFFFF"
             type="circle" x="285" y="205" width="8" height="8"/>
    </entry>
    <entry id="26" name="cpd:C04454" type="compound"
        link="http://www.genome.jp/dbget-bin/www_bget?compound+C04454">
        <graphics name="C04454" fgcolor="#000000" bgcolor="#FFFFFF"
             type="circle" x="383" y="205" width="8" height="8"/>
    </entry>
    <entry id="27" name="cpd:C04332" type="compound"
        link="http://www.genome.jp/dbget-bin/www_bget?compound+C04332">
        <graphics name="C04332" fgcolor="#000000" bgcolor="#FFFFFF"
             type="circle" x="578" y="205" width="8" height="8"/>
    </entry>
    <entry id="28" name="cpd:C05995" type="compound"
        link="http://www.genome.jp/dbget-bin/www_bget?compound+C05995">
        <graphics name="C05995" fgcolor="#000000" bgcolor="#FFFFFF"
             type="circle" x="686" y="205" width="8" height="8"/>
    </entry>
    <entry id="29" name="cpd:C00472" type="compound"
        link="http://www.genome.jp/dbget-bin/www_bget?compound+C00472">
        <graphics name="C00472" fgcolor="#000000" bgcolor="#FFFFFF"
             type="circle" x="590" y="179" width="8" height="8"/>
    </entry>
    <entry id="30" name="cpd:C00001" type="compound"
        link="http://www.genome.jp/dbget-bin/www_bget?compound+C00001">
        <graphics name="C00001" fgcolor="#000000" bgcolor="#FFFFFF"
             type="circle" x="590" y="130" width="8" height="8"/>
    </entry>
    <entry id="31" name="cpd:C00007" type="compound"
        link="http://www.genome.jp/dbget-bin/www_bget?compound+C00007">
        <graphics name="C00007" fgcolor="#000000" bgcolor="#FFFFFF"
             type="circle" x="660" y="131" width="8" height="8"/>
    </entry>
    <entry id="32" name="cpd:C00530" type="compound"
        link="http://www.genome.jp/dbget-bin/www_bget?compound+C00530">
        <graphics name="C00530" fgcolor="#000000" bgcolor="#FFFFFF"
             type="circle" x="660" y="179" width="8" height="8"/>
    </entry>
    <entry id="33" name="cpd:C04732" type="compound"
        link="http://www.genome.jp/dbget-bin/www_bget?compound+C04732">
        <graphics name="C04732" fgcolor="#000000" bgcolor="#FFFFFF"
             type="circle" x="480" y="205" width="8" height="8"/>
    </entry>
    <entry id="34" name="cpd:C00255" type="compound"
        link="http://www.genome.jp/dbget-bin/www_bget?compound+C00255">
        <graphics name="C00255" fgcolor="#000000" bgcolor="#FFFFFF"
             type="circle" x="578" y="302" width="8" height="8"/>
    </entry>
    <entry id="35" name="cpd:C00474" type="compound"
        link="http://www.genome.jp/dbget-bin/www_bget?compound+C00474">
        <graphics name="C00474" fgcolor="#000000" bgcolor="#FFFFFF"
             type="circle" x="479" y="302" width="8" height="8"/>
    </entry>
    <entry id="36" name="cpd:C01727" type="compound"
        link="http://www.genome.jp/dbget-bin/www_bget?compound+C01727">
        <graphics name="C01727" fgcolor="#000000" bgcolor="#FFFFFF"
             type="circle" x="498" y="335" width="8" height="8"/>
    </entry>
    <entry id="37" name="cpd:C00061" type="compound"
        link="http://www.genome.jp/dbget-bin/www_bget?compound+C00061">
        <graphics name="C00061" fgcolor="#000000" bgcolor="#FFFFFF"
             type="circle" x="673" y="302" width="8" height="8"/>
    </entry>
    <entry id="38" name="cpd:C00016" type="compound"
        link="http://www.genome.jp/dbget-bin/www_bget?compound+C00016">
        <graphics name="C00016" fgcolor="#000000" bgcolor="#FFFFFF"
             type="circle" x="765" y="302" width="8" height="8"/>
    </entry>
    <entry id="39" name="cpd:C03114" type="compound"
        link="http://www.genome.jp/dbget-bin/www_bget?compound+C03114">
        <graphics name="C03114" fgcolor="#000000" bgcolor="#FFFFFF"
             type="circle" x="578" y="379" width="8" height="8"/>
    </entry>
    <entry id="40" name="cpd:C04778" type="compound"
        link="http://www.genome.jp/dbget-bin/www_bget?compound+C04778">
        <graphics name="C04778" fgcolor="#000000" bgcolor="#FFFFFF"
             type="circle" x="479" y="379" width="8" height="8"/>
    </entry>
    <entry id="41" name="cpd:C05775" type="compound"
        link="http://www.genome.jp/dbget-bin/www_bget?compound+C05775">
        <graphics name="C05775" fgcolor="#000000" bgcolor="#FFFFFF"
             type="circle" x="381" y="379" width="8" height="8"/>
    </entry>
    <entry id="42" name="hsa:5226" type="gene" map="5"
        link="http://www.genome.jp/dbget-bin/show_pathway?hsa00030+hsa:5226"/>
    <entry id="43" name="hsa:6120" type="gene" map="5"
        link="http://www.genome.jp/dbget-bin/show_pathway?hsa00030+hsa:6120"/>
    <entry id="44" name="hsa:22934" type="gene" map="5"
        link="http://www.genome.jp/dbget-bin/show_pathway?hsa00030+hsa:22934"/>
    <entry id="47" name="hsa:5313 hsa:5315" type="gene" map="8"
        link="http://www.genome.jp/dbget-bin/show_pathway?hsa00230+hsa:5313+hsa:5315"/>
    <entry id="48" name="hsa:10201 hsa:29922 hsa:4830 hsa:4831 hsa:4833" type="gene" map="8"
        link="http://www.genome.jp/dbget-bin/show_pathway?hsa00230+hsa:10201+hsa:29922+hsa:4830+hsa:4831+hsa:4833"/>
    <entry id="50" name="hsa:318" type="gene" map="8"
        link="http://www.genome.jp/dbget-bin/show_pathway?hsa00230+hsa:318"/>
    <entry id="51" name="hsa:318" type="gene" map="8"
        link="http://www.genome.jp/dbget-bin/show_pathway?hsa00230+hsa:318"/>
    <entry id="52" name="hsa:124583 hsa:377841 hsa:953 hsa:956" type="gene" map="8"
        link="http://www.genome.jp/dbget-bin/show_pathway?hsa00230+hsa:124583+hsa:377841+hsa:953+hsa:956"/>
    <entry id="53" name="hsa:2977 hsa:2982 hsa:2983 hsa:2984 hsa:2986 hsa:3000 hsa:4881 hsa:4882" type="gene" map="8"
        link="http://www.genome.jp/dbget-bin/show_pathway?hsa00230+hsa:2977+hsa:2982+hsa:2983+hsa:2984+hsa:2986+hsa:3000+hsa:4881+hsa:4882"/>
    <relation entry1="11" entry2="19" type="ECrel">
        <subtype name="compound" value="37"/>
    </relation>
    <relation entry1="9" entry2="11" type="ECrel">
        <subtype name="compound" value="37"/>
    </relation>
    <relation entry1="10" entry2="19" type="ECrel">
        <subtype name="compound" value="37"/>
    </relation>
    <relation entry1="9" entry2="10" type="ECrel">
        <subtype name="compound" value="37"/>
    </relation>
    <reaction name="rn:R07280" type="irreversible">
        <substrate name="cpd:C04454"/>
        <product name="cpd:C04732"/>
    </reaction>
    <reaction name="rn:R00160" type="irreversible">
        <substrate name="cpd:C00016"/>
        <product name="cpd:C00061"/>
    </reaction>
    <reaction name="rn:R00548" type="irreversible">
        <substrate name="cpd:C00061"/>
        <product name="cpd:C00255"/>
    </reaction>
    <reaction name="rn:R00549" type="irreversible">
        <substrate name="cpd:C00255"/>
        <product name="cpd:C00061"/>
    </reaction>
    <reaction name="rn:R02363" type="irreversible">
        <substrate name="cpd:C00007"/>
        <substrate name="cpd:C00530"/>
        <product name="cpd:C00472"/>
        <product name="cpd:C00001"/>
    </reaction>
    <reaction name="rn:R00161" type="irreversible">
        <substrate name="cpd:C00061"/>
        <product name="cpd:C00016"/>
    </reaction>
    <reaction name="rn:R04594" type="irreversible">
        <substrate name="cpd:C04778"/>
        <product name="cpd:C05775"/>
    </reaction>
</pathway>
