<?xml version="1.0"?>
<!DOCTYPE pathway SYSTEM "http://www.genome.jp/kegg/xml/KGML_v0.6.1_.dtd">
<!-- Creation date: Oct 26 2008 07:58:27 +0900 (JST) -->
<pathway name="path:hsa00533" org="hsa" number="00533"
         title="Keratan sulfate biosynthesis"
         image="http://www.genome.jp/kegg/pathway/hsa/hsa00533.gif"
         link="http://www.genome.jp/dbget-bin/show_pathway?hsa00533">
    <entry id="1" name="path:hsa00512" type="map"
        link="http://www.genome.jp/kegg/pathway/hsa/hsa00512.html">
        <graphics name="O-Glycan biosynthesis" fgcolor="#000000" bgcolor="#FFFFFF"
             type="roundrectangle" x="151" y="463" width="135" height="25"/>
    </entry>
    <entry id="2" name="hsa:10678 hsa:11041" type="gene"
        link="http://www.genome.jp/dbget-bin/www_bget?hsa+10678+11041">
        <graphics name="B3GNT2, B3GNT1..." fgcolor="#000000" bgcolor="#BFFFBF"
             type="rectangle" x="455" y="594" width="45" height="17"/>
    </entry>
    <entry id="3" name="hsa:2683 hsa:8703 hsa:8704" type="gene"
        link="http://www.genome.jp/dbget-bin/www_bget?hsa+2683+8703+8704">
        <graphics name="B4GALT1, GGTB2..." fgcolor="#000000" bgcolor="#BFFFBF"
             type="rectangle" x="443" y="713" width="45" height="18"/>
    </entry>
    <entry id="4" name="hsa:2683 hsa:8703 hsa:8704" type="gene"
        link="http://www.genome.jp/dbget-bin/www_bget?hsa+2683+8703+8704">
        <graphics name="B4GALT1, GGTB2..." fgcolor="#000000" bgcolor="#BFFFBF"
             type="rectangle" x="563" y="594" width="45" height="17"/>
    </entry>
    <entry id="5" name="hsa:2530" type="gene"
        link="http://www.genome.jp/dbget-bin/www_bget?hsa+2530">
        <graphics name="FUT8" fgcolor="#000000" bgcolor="#BFFFBF"
             type="rectangle" x="822" y="245" width="46" height="17"/>
    </entry>
    <entry id="6" name="hsa:2683 hsa:8703 hsa:8704" type="gene"
        link="http://www.genome.jp/dbget-bin/www_bget?hsa+2683+8703+8704">
        <graphics name="B4GALT1, GGTB2..." fgcolor="#000000" bgcolor="#BFFFBF"
             type="rectangle" x="505" y="364" width="45" height="17"/>
    </entry>
    <entry id="7" name="hsa:10678 hsa:11041" type="gene"
        link="http://www.genome.jp/dbget-bin/www_bget?hsa+10678+11041">
        <graphics name="B3GNT2, B3GNT1..." fgcolor="#000000" bgcolor="#BFFFBF"
             type="rectangle" x="395" y="245" width="45" height="17"/>
    </entry>
    <entry id="8" name="hsa:2683 hsa:8703 hsa:8704" type="gene"
        link="http://www.genome.jp/dbget-bin/www_bget?hsa+2683+8703+8704">
        <graphics name="B4GALT1, GGTB2..." fgcolor="#000000" bgcolor="#BFFFBF"
             type="rectangle" x="502" y="245" width="45" height="17"/>
    </entry>
    <entry id="9" name="path:hsa00510" type="map"
        link="http://www.genome.jp/kegg/pathway/hsa/hsa00510.html">
        <graphics name="N-Glycan biosynthesis" fgcolor="#000000" bgcolor="#FFFFFF"
             type="roundrectangle" x="151" y="121" width="135" height="25"/>
    </entry>
    <entry id="10" name="path:hsa00533" type="map"
        link="http://www.genome.jp/dbget-bin/get_linkdb?pathway+hsa00533">
        <graphics name="TITLE:Keratan sulfate biosynthesis" fgcolor="#000000" bgcolor="#FFFFFF"
             type="roundrectangle" x="170" y="50" width="262" height="27"/>
    </entry>
    <entry id="11" name="hsa:2683 hsa:8703 hsa:8704" type="gene"
        link="http://www.genome.jp/dbget-bin/www_bget?hsa+2683+8703+8704">
        <graphics name="B4GALT1, GGTB2..." fgcolor="#000000" bgcolor="#BFFFBF"
             type="rectangle" x="384" y="364" width="45" height="17"/>
    </entry>
    <entry id="12" name="hsa:93010" type="gene"
        link="http://www.genome.jp/dbget-bin/www_bget?hsa+93010">
        <graphics name="B3GNT7" fgcolor="#000000" bgcolor="#BFFFBF"
             type="rectangle" x="264" y="594" width="45" height="17"/>
    </entry>
    <entry id="13" name="hsa:8702" type="gene"
        link="http://www.genome.jp/dbget-bin/www_bget?hsa+8702">
        <graphics name="B4GALT4" fgcolor="#000000" bgcolor="#BFFFBF"
             type="rectangle" x="241" y="713" width="45" height="18"/>
    </entry>
    <entry id="14" name="hsa:8702" type="gene"
        link="http://www.genome.jp/dbget-bin/www_bget?hsa+8702">
        <graphics name="B4GALT4" fgcolor="#000000" bgcolor="#BFFFBF"
             type="rectangle" x="173" y="364" width="45" height="17"/>
    </entry>
    <entry id="15" name="hsa:93010" type="gene"
        link="http://www.genome.jp/dbget-bin/www_bget?hsa+93010">
        <graphics name="B3GNT7" fgcolor="#000000" bgcolor="#BFFFBF"
             type="rectangle" x="193" y="245" width="45" height="17"/>
    </entry>
    <entry id="16" name="hsa:8534" type="gene"
        link="http://www.genome.jp/dbget-bin/www_bget?hsa+8534">
        <graphics name="CHST1" fgcolor="#000000" bgcolor="#BFFFBF"
             type="rectangle" x="113" y="594" width="46" height="17"/>
    </entry>
    <entry id="17" name="hsa:10164" type="gene"
        link="http://www.genome.jp/dbget-bin/www_bget?hsa+10164">
        <graphics name="CHST4" fgcolor="#000000" bgcolor="#BFFFBF"
             type="rectangle" x="213" y="594" width="45" height="17"/>
    </entry>
    <entry id="18" name="hsa:6487" type="gene"
        link="http://www.genome.jp/dbget-bin/www_bget?hsa+6487">
        <graphics name="ST3GAL3, SIAT6" fgcolor="#000000" bgcolor="#BFFFBF"
             type="rectangle" x="455" y="364" width="46" height="17"/>
    </entry>
    <entry id="19" name="hsa:9435" type="gene"
        link="http://www.genome.jp/dbget-bin/www_bget?hsa+9435">
        <graphics name="CHST2" fgcolor="#000000" bgcolor="#BFFFBF"
             type="rectangle" x="164" y="594" width="46" height="17"/>
    </entry>
    <entry id="20" name="hsa:6482 hsa:6483 hsa:6484" type="gene"
        link="http://www.genome.jp/dbget-bin/www_bget?hsa+6482+6483+6484">
        <graphics name="ST3GAL1, SIAT4A..." fgcolor="#000000" bgcolor="#BFFFBF"
             type="rectangle" x="586" y="713" width="45" height="17"/>
    </entry>
    <entry id="21" name="hsa:4166" type="gene"
        link="http://www.genome.jp/dbget-bin/www_bget?hsa+4166">
        <graphics name="CHST6, MCDC1" fgcolor="#000000" bgcolor="#BFFFBF"
             type="rectangle" x="115" y="245" width="45" height="17"/>
    </entry>
    <entry id="22" name="hsa:8534" type="gene"
        link="http://www.genome.jp/dbget-bin/www_bget?hsa+8534">
        <graphics name="CHST1" fgcolor="#000000" bgcolor="#BFFFBF"
             type="rectangle" x="52" y="245" width="45" height="17"/>
    </entry>
</pathway>
