<?xml version="1.0"?>
<!DOCTYPE pathway SYSTEM "http://www.genome.jp/kegg/xml/KGML_v0.6.1_.dtd">
<!-- Creation date: Jul 30 2008 19:30:25 +0900 (JST) -->
<pathway name="path:hsa05332" org="hsa" number="05332"
         title="Graft-versus-host disease"
         image="http://www.genome.jp/kegg/pathway/hsa/hsa05332.gif"
         link="http://www.genome.jp/dbget-bin/show_pathway?hsa05332">
    <entry id="1" name="path:hsa04660" type="map"
        link="http://www.genome.jp/kegg/pathway/hsa/hsa04660.html">
        <graphics name="T cell receptor signaling pathway" fgcolor="#000000" bgcolor="#FFFFFF"
             type="roundrectangle" x="588" y="133" width="113" height="34"/>
    </entry>
    <entry id="2" name="hsa:3108 hsa:3109 hsa:3111 hsa:3112 hsa:3113 hsa:3115 hsa:3117 hsa:3118 hsa:3119 hsa:3122 hsa:3123 hsa:3125 hsa:3126 hsa:3127" type="gene"
        link="http://www.genome.jp/dbget-bin/www_bget?hsa+3108+3109+3111+3112+3113+3115+3117+3118+3119+3122+3123+3125+3126+3127">
        <graphics name="HLA-DMA..." fgcolor="#000000" bgcolor="#BFFFBF"
             type="rectangle" x="460" y="202" width="46" height="17"/>
    </entry>
    <entry id="3" name="ko:K10784 ko:K10785" type="ortholog">
        <graphics name="K10784..." fgcolor="#000000" bgcolor="#FFFFFF"
             type="rectangle" x="541" y="202" width="46" height="17"/>
    </entry>
    <entry id="5" name="path:hsa04612" type="map"
        link="http://www.genome.jp/kegg/pathway/hsa/hsa04612.html">
        <graphics name="Antigen processing and presentation" fgcolor="#000000" bgcolor="#FFFFFF"
             type="roundrectangle" x="413" y="133" width="112" height="34"/>
    </entry>
    <entry id="6" name="path:hsa04514" type="map"
        link="http://www.genome.jp/kegg/pathway/hsa/hsa04514.html">
        <graphics name="Cell adhesion molecules (CAMs)" fgcolor="#000000" bgcolor="#FFFFFF"
             type="roundrectangle" x="496" y="315" width="113" height="34"/>
    </entry>
    <entry id="7" name="path:hsa05332" type="map"
        link="http://www.genome.jp/dbget-bin/get_linkdb?pathway+hsa05332">
        <graphics name="TITLE:Graft-versus-host disease" fgcolor="#000000" bgcolor="#FFFFFF"
             type="roundrectangle" x="177" y="67" width="235" height="25"/>
    </entry>
    <entry id="8" name="hsa:355" type="gene"
        link="http://www.genome.jp/dbget-bin/www_bget?hsa+355">
        <graphics name="FAS" fgcolor="#000000" bgcolor="#BFFFBF"
             type="rectangle" x="1043" y="132" width="46" height="17"/>
    </entry>
    <entry id="9" name="hsa:356" type="gene"
        link="http://www.genome.jp/dbget-bin/www_bget?hsa+356">
        <graphics name="FASLG" fgcolor="#000000" bgcolor="#BFFFBF"
             type="rectangle" x="966" y="132" width="46" height="17"/>
    </entry>
    <entry id="10" name="ko:K10784 ko:K10785" type="ortholog">
        <graphics name="K10784..." fgcolor="#000000" bgcolor="#FFFFFF"
             type="rectangle" x="966" y="104" width="46" height="17"/>
    </entry>
    <entry id="11" name="hsa:3105 hsa:3106 hsa:3107 hsa:3133 hsa:3134 hsa:3135 hsa:649853" type="gene"
        link="http://www.genome.jp/dbget-bin/www_bget?hsa+3105+3106+3107+3133+3134+3135+649853">
        <graphics name="HLA-A..." fgcolor="#000000" bgcolor="#BFFFBF"
             type="rectangle" x="1043" y="104" width="46" height="17"/>
    </entry>
    <entry id="12" name="hsa:5551" type="gene"
        link="http://www.genome.jp/dbget-bin/www_bget?hsa+5551">
        <graphics name="PRF1" fgcolor="#000000" bgcolor="#BFFFBF"
             type="rectangle" x="1003" y="174" width="46" height="17"/>
    </entry>
    <entry id="14" name="hsa:3002" type="gene"
        link="http://www.genome.jp/dbget-bin/www_bget?hsa+3002">
        <graphics name="GZMB" fgcolor="#000000" bgcolor="#BFFFBF"
             type="rectangle" x="1003" y="199" width="46" height="17"/>
    </entry>
    <entry id="15" name="path:hsa04210" type="map"
        link="http://www.genome.jp/kegg/pathway/hsa/hsa04210.html">
        <graphics name="Apoptosis" fgcolor="#000000" bgcolor="#FFFFFF"
             type="roundrectangle" x="1096" y="209" width="112" height="25"/>
    </entry>
    <entry id="16" name="path:hsa04650" type="map"
        link="http://www.genome.jp/kegg/pathway/hsa/hsa04650.html">
        <graphics name="Natural killer cell mediated cytotoxicity" fgcolor="#000000" bgcolor="#FFFFFF"
             type="roundrectangle" x="912" y="377" width="112" height="34"/>
    </entry>
    <entry id="17" name="hsa:940" type="gene"
        link="http://www.genome.jp/dbget-bin/www_bget?hsa+940">
        <graphics name="CD28" fgcolor="#000000" bgcolor="#BFFFBF"
             type="rectangle" x="541" y="225" width="46" height="17"/>
    </entry>
    <entry id="18" name="hsa:3458" type="gene"
        link="http://www.genome.jp/dbget-bin/www_bget?hsa+3458">
        <graphics name="IFNG" fgcolor="#000000" bgcolor="#BFFFBF"
             type="rectangle" x="814" y="274" width="46" height="17"/>
    </entry>
    <entry id="19" name="hsa:7124" type="gene"
        link="http://www.genome.jp/dbget-bin/www_bget?hsa+7124">
        <graphics name="TNF, TNFA" fgcolor="#000000" bgcolor="#BFFFBF"
             type="rectangle" x="999" y="480" width="46" height="17"/>
    </entry>
    <entry id="20" name="cpd:C00533" type="compound"
        link="http://www.genome.jp/dbget-bin/www_bget?compound+C00533">
        <graphics name="C00533" fgcolor="#000000" bgcolor="#FFFFFF"
             type="circle" x="998" y="527" width="8" height="8"/>
    </entry>
    <entry id="21" name="hsa:941 hsa:942" type="gene"
        link="http://www.genome.jp/dbget-bin/www_bget?hsa+941+942">
        <graphics name="CD80, CD28LG, CD28LG1..." fgcolor="#000000" bgcolor="#BFFFBF"
             type="rectangle" x="460" y="225" width="46" height="17"/>
    </entry>
    <entry id="22" name="hsa:355" type="gene"
        link="http://www.genome.jp/dbget-bin/www_bget?hsa+355">
        <graphics name="FAS" fgcolor="#000000" bgcolor="#BFFFBF"
             type="rectangle" x="1043" y="296" width="46" height="17"/>
    </entry>
    <entry id="23" name="hsa:356" type="gene"
        link="http://www.genome.jp/dbget-bin/www_bget?hsa+356">
        <graphics name="FASLG" fgcolor="#000000" bgcolor="#BFFFBF"
             type="rectangle" x="966" y="296" width="46" height="17"/>
    </entry>
    <entry id="24" name="hsa:3002" type="gene"
        link="http://www.genome.jp/dbget-bin/www_bget?hsa+3002">
        <graphics name="GZMB" fgcolor="#000000" bgcolor="#BFFFBF"
             type="rectangle" x="1003" y="361" width="46" height="17"/>
    </entry>
    <entry id="25" name="hsa:5551" type="gene"
        link="http://www.genome.jp/dbget-bin/www_bget?hsa+5551">
        <graphics name="PRF1" fgcolor="#000000" bgcolor="#BFFFBF"
             type="rectangle" x="1003" y="335" width="46" height="17"/>
    </entry>
    <entry id="26" name="hsa:3558" type="gene"
        link="http://www.genome.jp/dbget-bin/www_bget?hsa+3558">
        <graphics name="IL2" fgcolor="#000000" bgcolor="#BFFFBF"
             type="rectangle" x="813" y="153" width="46" height="17"/>
    </entry>
    <entry id="27" name="cpd:C00338" type="compound"
        link="http://www.genome.jp/dbget-bin/www_bget?compound+C00338">
        <graphics name="C00338" fgcolor="#000000" bgcolor="#FFFFFF"
             type="circle" x="578" y="548" width="8" height="8"/>
    </entry>
    <entry id="28" name="hsa:3569" type="gene"
        link="http://www.genome.jp/dbget-bin/www_bget?hsa+3569">
        <graphics name="IL6" fgcolor="#000000" bgcolor="#BFFFBF"
             type="rectangle" x="369" y="322" width="46" height="17"/>
    </entry>
    <entry id="29" name="hsa:3552 hsa:3553" type="gene"
        link="http://www.genome.jp/dbget-bin/www_bget?hsa+3552+3553">
        <graphics name="IL1A, IL1..." fgcolor="#000000" bgcolor="#BFFFBF"
             type="rectangle" x="369" y="343" width="46" height="17"/>
    </entry>
    <entry id="30" name="hsa:3458" type="gene"
        link="http://www.genome.jp/dbget-bin/www_bget?hsa+3458">
        <graphics name="IFNG" fgcolor="#000000" bgcolor="#BFFFBF"
             type="rectangle" x="778" y="407" width="46" height="17"/>
    </entry>
    <entry id="31" name="hsa:3552 hsa:3553" type="gene"
        link="http://www.genome.jp/dbget-bin/www_bget?hsa+3552+3553">
        <graphics name="IL1A, IL1..." fgcolor="#000000" bgcolor="#BFFFBF"
             type="rectangle" x="999" y="503" width="46" height="17"/>
    </entry>
    <entry id="32" name="hsa:7124" type="gene"
        link="http://www.genome.jp/dbget-bin/www_bget?hsa+7124">
        <graphics name="TNF, TNFA" fgcolor="#000000" bgcolor="#BFFFBF"
             type="rectangle" x="369" y="366" width="46" height="17"/>
    </entry>
    <entry id="33" name="path:hsa04620" type="map"
        link="http://www.genome.jp/kegg/pathway/hsa/hsa04620.html">
        <graphics name="Toll-like receptor signaling pathway" fgcolor="#000000" bgcolor="#FFFFFF"
             type="roundrectangle" x="788" y="568" width="113" height="34"/>
    </entry>
    <entry id="34" name="hsa:3105 hsa:3106 hsa:3107 hsa:3133 hsa:3134 hsa:3135 hsa:649853" type="gene"
        link="http://www.genome.jp/dbget-bin/www_bget?hsa+3105+3106+3107+3133+3134+3135+649853">
        <graphics name="HLA-A..." fgcolor="#000000" bgcolor="#BFFFBF"
             type="rectangle" x="1043" y="267" width="46" height="17"/>
    </entry>
    <entry id="35" name="hsa:3802 hsa:3803 hsa:3804 hsa:3811 hsa:3812 hsa:3821 hsa:3824 hsa:57292" type="gene"
        link="http://www.genome.jp/dbget-bin/www_bget?hsa+3802+3803+3804+3811+3812+3821+3824+57292">
        <graphics name="KIR2DL1..." fgcolor="#000000" bgcolor="#BFFFBF"
             type="rectangle" x="966" y="267" width="46" height="17"/>
    </entry>
    <entry id="36" name="path:hsa04060" type="map"
        link="http://www.genome.jp/kegg/pathway/hsa/hsa04060.html">
        <graphics name="Cytokine-cytokine receptor interaction" fgcolor="#000000" bgcolor="#FFFFFF"
             type="roundrectangle" x="591" y="444" width="113" height="34"/>
    </entry>
    <relation entry1="9" entry2="8" type="PPrel">
        <subtype name="activation" value="-->"/>
    </relation>
    <relation entry1="21" entry2="17" type="PPrel">
        <subtype name="activation" value="-->"/>
    </relation>
    <relation entry1="23" entry2="22" type="PPrel">
        <subtype name="activation" value="-->"/>
    </relation>
    <relation entry1="34" entry2="35" type="PPrel">
        <subtype name="missing" value="-/>"/>
    </relation>
</pathway>
