<?xml version="1.0"?>
<!DOCTYPE pathway SYSTEM "http://www.genome.jp/kegg/xml/KGML_v0.6.1_.dtd">
<!-- Creation date: Jul 30 2008 19:30:25 +0900 (JST) -->
<pathway name="path:hsa04940" org="hsa" number="04940"
         title="Type I diabetes mellitus"
         image="http://www.genome.jp/kegg/pathway/hsa/hsa04940.gif"
         link="http://www.genome.jp/dbget-bin/show_pathway?hsa04940">
    <entry id="1" name="hsa:940" type="gene"
        link="http://www.genome.jp/dbget-bin/www_bget?hsa+940">
        <graphics name="CD28" fgcolor="#000000" bgcolor="#BFFFBF"
             type="rectangle" x="566" y="222" width="45" height="17"/>
    </entry>
    <entry id="2" name="path:hsa04210" type="map"
        link="http://www.genome.jp/kegg/pathway/hsa/hsa04210.html">
        <graphics name="Apoptosis" fgcolor="#000000" bgcolor="#FFFFFF"
             type="roundrectangle" x="137" y="491" width="71" height="25"/>
    </entry>
    <entry id="3" name="hsa:3592 hsa:3593" type="gene"
        link="http://www.genome.jp/dbget-bin/www_bget?hsa+3592+3593">
        <graphics name="IL12A, NKSF1..." fgcolor="#000000" bgcolor="#BFFFBF"
             type="rectangle" x="512" y="263" width="45" height="17"/>
    </entry>
    <entry id="4" name="hsa:1363" type="gene"
        link="http://www.genome.jp/dbget-bin/www_bget?hsa+1363">
        <graphics name="CPE" fgcolor="#000000" bgcolor="#BFFFBF"
             type="rectangle" x="164" y="231" width="45" height="17"/>
    </entry>
    <entry id="5" name="hsa:941 hsa:942" type="gene"
        link="http://www.genome.jp/dbget-bin/www_bget?hsa+941+942">
        <graphics name="CD80, CD28LG, CD28LG1..." fgcolor="#000000" bgcolor="#BFFFBF"
             type="rectangle" x="458" y="222" width="45" height="17"/>
    </entry>
    <entry id="6" name="hsa:5798 hsa:5799" type="gene"
        link="http://www.genome.jp/dbget-bin/www_bget?hsa+5798+5799">
        <graphics name="PTPRN..." fgcolor="#000000" bgcolor="#BFFFBF"
             type="rectangle" x="164" y="211" width="45" height="17"/>
    </entry>
    <entry id="7" name="hsa:2571 hsa:2572" type="gene"
        link="http://www.genome.jp/dbget-bin/www_bget?hsa+2571+2572">
        <graphics name="GAD1, GAD..." fgcolor="#000000" bgcolor="#BFFFBF"
             type="rectangle" x="164" y="190" width="45" height="17"/>
    </entry>
    <entry id="8" name="hsa:3382" type="gene"
        link="http://www.genome.jp/dbget-bin/www_bget?hsa+3382">
        <graphics name="ICA1" fgcolor="#000000" bgcolor="#BFFFBF"
             type="rectangle" x="164" y="271" width="45" height="17"/>
    </entry>
    <entry id="9" name="hsa:3558" type="gene"
        link="http://www.genome.jp/dbget-bin/www_bget?hsa+3558">
        <graphics name="IL2" fgcolor="#000000" bgcolor="#BFFFBF"
             type="rectangle" x="540" y="342" width="45" height="17"/>
    </entry>
    <entry id="13" name="path:hsa04660" type="map"
        link="http://www.genome.jp/kegg/pathway/hsa/hsa04660.html">
        <graphics name="T cell receptor signaling pathway" fgcolor="#000000" bgcolor="#FFFFFF"
             type="roundrectangle" x="641" y="211" width="99" height="38"/>
    </entry>
    <entry id="14" name="hsa:3630" type="gene"
        link="http://www.genome.jp/dbget-bin/www_bget?hsa+3630">
        <graphics name="INS" fgcolor="#000000" bgcolor="#BFFFBF"
             type="rectangle" x="164" y="170" width="45" height="17"/>
    </entry>
    <entry id="15" name="hsa:356" type="gene"
        link="http://www.genome.jp/dbget-bin/www_bget?hsa+356">
        <graphics name="FASLG" fgcolor="#000000" bgcolor="#BFFFBF"
             type="rectangle" x="315" y="410" width="45" height="17"/>
    </entry>
    <entry id="16" name="hsa:3002" type="gene"
        link="http://www.genome.jp/dbget-bin/www_bget?hsa+3002">
        <graphics name="GZMB" fgcolor="#000000" bgcolor="#BFFFBF"
             type="rectangle" x="261" y="462" width="45" height="17"/>
    </entry>
    <entry id="17" name="hsa:3108 hsa:3109 hsa:3111 hsa:3112 hsa:3113 hsa:3115 hsa:3117 hsa:3118 hsa:3119 hsa:3122 hsa:3123 hsa:3125 hsa:3126 hsa:3127" type="gene"
        link="http://www.genome.jp/dbget-bin/www_bget?hsa+3108+3109+3111+3112+3113+3115+3117+3118+3119+3122+3123+3125+3126+3127">
        <graphics name="HLA-DMA..." fgcolor="#000000" bgcolor="#BFFFBF"
             type="rectangle" x="458" y="199" width="45" height="17"/>
    </entry>
    <entry id="18" name="hsa:3105 hsa:3106 hsa:3107 hsa:3133 hsa:3134 hsa:3135 hsa:649853" type="gene"
        link="http://www.genome.jp/dbget-bin/www_bget?hsa+3105+3106+3107+3133+3134+3135+649853">
        <graphics name="HLA-A..." fgcolor="#000000" bgcolor="#BFFFBF"
             type="rectangle" x="207" y="387" width="45" height="17"/>
    </entry>
    <entry id="19" name="hsa:355" type="gene"
        link="http://www.genome.jp/dbget-bin/www_bget?hsa+355">
        <graphics name="FAS" fgcolor="#000000" bgcolor="#BFFFBF"
             type="rectangle" x="207" y="410" width="45" height="17"/>
    </entry>
    <entry id="20" name="hsa:3458" type="gene"
        link="http://www.genome.jp/dbget-bin/www_bget?hsa+3458">
        <graphics name="IFNG" fgcolor="#000000" bgcolor="#BFFFBF"
             type="rectangle" x="261" y="484" width="45" height="17"/>
    </entry>
    <entry id="21" name="hsa:3458" type="gene"
        link="http://www.genome.jp/dbget-bin/www_bget?hsa+3458">
        <graphics name="IFNG" fgcolor="#000000" bgcolor="#BFFFBF"
             type="rectangle" x="597" y="342" width="45" height="17"/>
    </entry>
    <entry id="22" name="hsa:5551" type="gene"
        link="http://www.genome.jp/dbget-bin/www_bget?hsa+5551">
        <graphics name="PRF1" fgcolor="#000000" bgcolor="#BFFFBF"
             type="rectangle" x="261" y="443" width="45" height="17"/>
    </entry>
    <entry id="23" name="hsa:3552 hsa:3553" type="gene"
        link="http://www.genome.jp/dbget-bin/www_bget?hsa+3552+3553">
        <graphics name="IL1A, IL1..." fgcolor="#000000" bgcolor="#BFFFBF"
             type="rectangle" x="261" y="544" width="45" height="17"/>
    </entry>
    <entry id="24" name="hsa:7124" type="gene"
        link="http://www.genome.jp/dbget-bin/www_bget?hsa+7124">
        <graphics name="TNF, TNFA" fgcolor="#000000" bgcolor="#BFFFBF"
             type="rectangle" x="261" y="525" width="45" height="17"/>
    </entry>
    <entry id="25" name="hsa:4049" type="gene"
        link="http://www.genome.jp/dbget-bin/www_bget?hsa+4049">
        <graphics name="LTA" fgcolor="#000000" bgcolor="#BFFFBF"
             type="rectangle" x="261" y="503" width="45" height="17"/>
    </entry>
    <entry id="26" name="path:hsa04940" type="map"
        link="http://www.genome.jp/dbget-bin/get_linkdb?pathway+hsa04940">
        <graphics name="TITLE:Type I diabetes mellitus" fgcolor="#000000" bgcolor="#FFFFFF"
             type="roundrectangle" x="166" y="41" width="218" height="24"/>
    </entry>
    <entry id="27" name="cpd:C00704 cpd:C00027 cpd:C00533" type="compound"
        link="http://www.genome.jp/dbget-bin/www_bget?compound+C00704+C00027+C00533">
        <graphics name="C00704..." fgcolor="#000000" bgcolor="#FFFFFF"
             type="circle" x="263" y="563" width="8" height="8"/>
    </entry>
    <entry id="28" name="hsa:3329" type="gene"
        link="http://www.genome.jp/dbget-bin/www_bget?hsa+3329">
        <graphics name="HSPD1, SPG13" fgcolor="#000000" bgcolor="#BFFFBF"
             type="rectangle" x="164" y="251" width="45" height="17"/>
    </entry>
    <entry id="29" name="ko:K10784 ko:K10785" type="ortholog">
        <graphics name="K10784..." fgcolor="#000000" bgcolor="#FFFFFF"
             type="rectangle" x="315" y="387" width="45" height="17"/>
    </entry>
    <entry id="30" name="ko:K10784 ko:K10785" type="ortholog">
        <graphics name="K10784..." fgcolor="#000000" bgcolor="#FFFFFF"
             type="rectangle" x="566" y="199" width="45" height="17"/>
    </entry>
    <relation entry1="5" entry2="1" type="PPrel">
        <subtype name="activation" value="-->"/>
    </relation>
    <relation entry1="15" entry2="19" type="PPrel">
        <subtype name="activation" value="-->"/>
    </relation>
</pathway>
