<?xml version="1.0"?>
<!DOCTYPE pathway SYSTEM "http://www.genome.jp/kegg/xml/KGML_v0.6.1_.dtd">
<!-- Creation date: Aug 20 2008 10:31:03 +0900 (JST) -->
<pathway name="path:hsa04916" org="hsa" number="04916"
         title="Melanogenesis"
         image="http://www.genome.jp/kegg/pathway/hsa/hsa04916.gif"
         link="http://www.genome.jp/dbget-bin/show_pathway?hsa04916">
    <entry id="1" name="hsa:1855 hsa:1856 hsa:1857" type="gene"
        link="http://www.genome.jp/dbget-bin/www_bget?hsa+1855+1856+1857">
        <graphics name="DVL1..." fgcolor="#000000" bgcolor="#BFFFBF"
             type="rectangle" x="347" y="257" width="45" height="17"/>
    </entry>
    <entry id="2" name="path:hsa05218" type="map"
        link="http://www.genome.jp/kegg/pathway/hsa/hsa05218.html">
        <graphics name="Melanoma" fgcolor="#000000" bgcolor="#FFFFFF"
             type="roundrectangle" x="694" y="347" width="111" height="41"/>
    </entry>
    <entry id="3" name="hsa:1638" type="gene"
        link="http://www.genome.jp/dbget-bin/www_bget?hsa+1638">
        <graphics name="DCT, TYRP2" fgcolor="#000000" bgcolor="#BFFFBF"
             type="rectangle" x="520" y="573" width="45" height="17"/>
    </entry>
    <entry id="4" name="hsa:7306" type="gene"
        link="http://www.genome.jp/dbget-bin/www_bget?hsa+7306">
        <graphics name="TYRP1, TYRP, CAS2" fgcolor="#000000" bgcolor="#BFFFBF"
             type="rectangle" x="463" y="573" width="46" height="17"/>
    </entry>
    <entry id="5" name="hsa:7299" type="gene"
        link="http://www.genome.jp/dbget-bin/www_bget?hsa+7299">
        <graphics name="TYR" fgcolor="#000000" bgcolor="#BFFFBF"
             type="rectangle" x="405" y="573" width="45" height="17"/>
    </entry>
    <entry id="6" name="hsa:4286" type="gene"
        link="http://www.genome.jp/dbget-bin/www_bget?hsa+4286">
        <graphics name="MITF" fgcolor="#000000" bgcolor="#BFFFBF"
             type="rectangle" x="542" y="310" width="45" height="17"/>
    </entry>
    <entry id="7" name="hsa:1638" type="gene"
        link="http://www.genome.jp/dbget-bin/www_bget?hsa+1638">
        <graphics name="DCT, TYRP2" fgcolor="#000000" bgcolor="#BFFFBF"
             type="rectangle" x="812" y="407" width="45" height="17"/>
    </entry>
    <entry id="8" name="hsa:7306" type="gene"
        link="http://www.genome.jp/dbget-bin/www_bget?hsa+7306">
        <graphics name="TYRP1, TYRP, CAS2" fgcolor="#000000" bgcolor="#BFFFBF"
             type="rectangle" x="812" y="385" width="45" height="17"/>
    </entry>
    <entry id="9" name="hsa:7299" type="gene"
        link="http://www.genome.jp/dbget-bin/www_bget?hsa+7299">
        <graphics name="TYR" fgcolor="#000000" bgcolor="#BFFFBF"
             type="rectangle" x="812" y="362" width="45" height="17"/>
    </entry>
    <entry id="10" name="hsa:5566 hsa:5567 hsa:5568 hsa:5613 hsa:5616" type="gene"
        link="http://www.genome.jp/dbget-bin/www_bget?hsa+5566+5567+5568+5613+5616">
        <graphics name="PRKACA..." fgcolor="#000000" bgcolor="#BFFFBF"
             type="rectangle" x="499" y="459" width="45" height="17"/>
    </entry>
    <entry id="11" name="hsa:815 hsa:816 hsa:817 hsa:818" type="gene"
        link="http://www.genome.jp/dbget-bin/www_bget?hsa+815+816+817+818">
        <graphics name="CAMK2A, CAMKA..." fgcolor="#000000" bgcolor="#BFFFBF"
             type="rectangle" x="581" y="412" width="45" height="17"/>
    </entry>
    <entry id="12" name="hsa:163688 hsa:51806 hsa:801 hsa:805 hsa:808 hsa:810" type="gene"
        link="http://www.genome.jp/dbget-bin/www_bget?hsa+163688+51806+801+805+808+810">
        <graphics name="CALML6..." fgcolor="#000000" bgcolor="#BFFFBF"
             type="rectangle" x="508" y="412" width="45" height="17"/>
    </entry>
    <entry id="13" name="hsa:2770 hsa:2771 hsa:2773 hsa:2775" type="gene"
        link="http://www.genome.jp/dbget-bin/www_bget?hsa+2770+2771+2773+2775">
        <graphics name="GNAI1..." fgcolor="#000000" bgcolor="#BFFFBF"
             type="rectangle" x="223" y="434" width="45" height="17"/>
    </entry>
    <entry id="14" name="hsa:1910" type="gene"
        link="http://www.genome.jp/dbget-bin/www_bget?hsa+1910">
        <graphics name="EDNRB" fgcolor="#000000" bgcolor="#BFFFBF"
             type="rectangle" x="149" y="434" width="45" height="17"/>
    </entry>
    <entry id="15" name="hsa:3815" type="gene"
        link="http://www.genome.jp/dbget-bin/www_bget?hsa+3815">
        <graphics name="KIT" fgcolor="#000000" bgcolor="#BFFFBF"
             type="rectangle" x="149" y="345" width="45" height="17"/>
    </entry>
    <entry id="16" name="hsa:4286" type="gene"
        link="http://www.genome.jp/dbget-bin/www_bget?hsa+4286">
        <graphics name="MITF" fgcolor="#000000" bgcolor="#BFFFBF"
             type="rectangle" x="812" y="217" width="45" height="17"/>
    </entry>
    <entry id="17" name="cpd:C05606" type="compound"
        link="http://www.genome.jp/dbget-bin/www_bget?compound+C05606">
        <graphics name="C05606" fgcolor="#000000" bgcolor="#FFFFFF"
             type="circle" x="562" y="640" width="8" height="8"/>
    </entry>
    <entry id="18" name="cpd:C00082" type="compound"
        link="http://www.genome.jp/dbget-bin/www_bget?compound+C00082">
        <graphics name="C00082" fgcolor="#000000" bgcolor="#FFFFFF"
             type="circle" x="367" y="640" width="8" height="8"/>
    </entry>
    <entry id="19" name="hsa:4254" type="gene"
        link="http://www.genome.jp/dbget-bin/www_bget?hsa+4254">
        <graphics name="KITLG" fgcolor="#000000" bgcolor="#BFFFBF"
             type="rectangle" x="76" y="345" width="45" height="17"/>
    </entry>
    <entry id="20" name="cpd:C00076" type="compound"
        link="http://www.genome.jp/dbget-bin/www_bget?compound+C00076">
        <graphics name="C00076" fgcolor="#000000" bgcolor="#FFFFFF"
             type="circle" x="454" y="412" width="8" height="8"/>
    </entry>
    <entry id="21" name="cpd:C01245" type="compound"
        link="http://www.genome.jp/dbget-bin/www_bget?compound+C01245">
        <graphics name="C01245" fgcolor="#000000" bgcolor="#FFFFFF"
             type="circle" x="353" y="412" width="8" height="8"/>
    </entry>
    <entry id="22" name="cpd:C00165" type="compound"
        link="http://www.genome.jp/dbget-bin/www_bget?compound+C00165">
        <graphics name="C00165" fgcolor="#000000" bgcolor="#FFFFFF"
             type="circle" x="353" y="459" width="8" height="8"/>
    </entry>
    <entry id="23" name="path:hsa00350" type="map"
        link="http://www.genome.jp/kegg/pathway/hsa/hsa00350.html">
        <graphics name="Tyrosine metabolism" fgcolor="#000000" bgcolor="#FFFFFF"
             type="roundrectangle" x="463" y="639" width="111" height="41"/>
    </entry>
    <entry id="24" name="path:hsa04310" type="map"
        link="http://www.genome.jp/kegg/pathway/hsa/hsa04310.html">
        <graphics name="Wnt signaling pathway" fgcolor="#000000" bgcolor="#FFFFFF"
             type="roundrectangle" x="331" y="217" width="111" height="41"/>
    </entry>
    <entry id="25" name="path:hsa04010" type="map"
        link="http://www.genome.jp/kegg/pathway/hsa/hsa04010.html">
        <graphics name="MAPK signaling pathway" fgcolor="#000000" bgcolor="#FFFFFF"
             type="roundrectangle" x="330" y="307" width="111" height="41"/>
    </entry>
    <entry id="26" name="hsa:11211 hsa:2535 hsa:7855 hsa:7976 hsa:8321 hsa:8322 hsa:8323 hsa:8324 hsa:8325 hsa:8326" type="gene"
        link="http://www.genome.jp/dbget-bin/www_bget?hsa+11211+2535+7855+7976+8321+8322+8323+8324+8325+8326">
        <graphics name="FZD10..." fgcolor="#000000" bgcolor="#BFFFBF"
             type="rectangle" x="149" y="257" width="45" height="17"/>
    </entry>
    <entry id="27" name="hsa:23236 hsa:5330 hsa:5331 hsa:5332" type="gene"
        link="http://www.genome.jp/dbget-bin/www_bget?hsa+23236+5330+5331+5332">
        <graphics name="PLCB1..." fgcolor="#000000" bgcolor="#BFFFBF"
             type="rectangle" x="295" y="434" width="45" height="17"/>
    </entry>
    <entry id="28" name="hsa:434" type="gene"
        link="http://www.genome.jp/dbget-bin/www_bget?hsa+434">
        <graphics name="ASIP, AGTIL" fgcolor="#000000" bgcolor="#BFFFBF"
             type="rectangle" x="76" y="149" width="45" height="17"/>
    </entry>
    <entry id="29" name="cpd:C01312" type="compound"
        link="http://www.genome.jp/dbget-bin/www_bget?compound+C01312">
        <graphics name="C01312" fgcolor="#000000" bgcolor="#FFFFFF"
             type="circle" x="232" y="171" width="8" height="8"/>
    </entry>
    <entry id="30" name="hsa:1387 hsa:2033" type="gene"
        link="http://www.genome.jp/dbget-bin/www_bget?hsa+1387+2033">
        <graphics name="CREBBP, RSTS..." fgcolor="#000000" bgcolor="#BFFFBF"
             type="rectangle" x="691" y="189" width="45" height="17"/>
    </entry>
    <entry id="31" name="hsa:5566 hsa:5567 hsa:5568 hsa:5613 hsa:5616" type="gene"
        link="http://www.genome.jp/dbget-bin/www_bget?hsa+5566+5567+5568+5613+5616">
        <graphics name="PRKACA..." fgcolor="#000000" bgcolor="#BFFFBF"
             type="rectangle" x="300" y="171" width="45" height="17"/>
    </entry>
    <entry id="32" name="hsa:51176 hsa:6932 hsa:6934 hsa:83439" type="gene"
        link="http://www.genome.jp/dbget-bin/www_bget?hsa+51176+6932+6934+83439">
        <graphics name="LEF1..." fgcolor="#000000" bgcolor="#BFFFBF"
             type="rectangle" x="691" y="256" width="45" height="17"/>
    </entry>
    <entry id="33" name="hsa:2778" type="gene"
        link="http://www.genome.jp/dbget-bin/www_bget?hsa+2778">
        <graphics name="GNAS, GNAS1" fgcolor="#000000" bgcolor="#BFFFBF"
             type="rectangle" x="231" y="115" width="45" height="17"/>
    </entry>
    <entry id="34" name="hsa:5579" type="gene"
        link="http://www.genome.jp/dbget-bin/www_bget?hsa+5579">
        <graphics name="PRKCB1, PRKCB2, PKCB, PRKCB" fgcolor="#000000" bgcolor="#BFFFBF"
             type="rectangle" x="335" y="528" width="45" height="17"/>
    </entry>
    <entry id="35" name="hsa:10488 hsa:1385 hsa:148327 hsa:64764 hsa:84699 hsa:90993" type="gene"
        link="http://www.genome.jp/dbget-bin/www_bget?hsa+10488+1385+148327+64764+84699+90993">
        <graphics name="CREB3..." fgcolor="#000000" bgcolor="#BFFFBF"
             type="rectangle" x="691" y="172" width="45" height="17"/>
    </entry>
    <entry id="36" name="hsa:107 hsa:108 hsa:109 hsa:111 hsa:112 hsa:113 hsa:114 hsa:115 hsa:196883" type="gene"
        link="http://www.genome.jp/dbget-bin/www_bget?hsa+107+108+109+111+112+113+114+115+196883">
        <graphics name="ADCY1..." fgcolor="#000000" bgcolor="#BFFFBF"
             type="rectangle" x="149" y="170" width="45" height="17"/>
    </entry>
    <entry id="37" name="hsa:5578 hsa:5579 hsa:5582" type="gene"
        link="http://www.genome.jp/dbget-bin/www_bget?hsa+5578+5579+5582">
        <graphics name="PRKCA, PKCA..." fgcolor="#000000" bgcolor="#BFFFBF"
             type="rectangle" x="417" y="459" width="45" height="17"/>
    </entry>
    <entry id="38" name="hsa:2932" type="gene"
        link="http://www.genome.jp/dbget-bin/www_bget?hsa+2932">
        <graphics name="GSK3B" fgcolor="#000000" bgcolor="#BFFFBF"
             type="rectangle" x="446" y="257" width="45" height="17"/>
    </entry>
    <entry id="39" name="hsa:1499" type="gene"
        link="http://www.genome.jp/dbget-bin/www_bget?hsa+1499">
        <graphics name="CTNNB1, CTNNB" fgcolor="#000000" bgcolor="#BFFFBF"
             type="rectangle" x="545" y="256" width="45" height="17"/>
    </entry>
    <entry id="40" name="hsa:5443" type="gene"
        link="http://www.genome.jp/dbget-bin/www_bget?hsa+5443">
        <graphics name="POMC" fgcolor="#000000" bgcolor="#BFFFBF"
             type="rectangle" x="76" y="115" width="45" height="17"/>
    </entry>
    <entry id="41" name="hsa:2775 hsa:2776" type="gene"
        link="http://www.genome.jp/dbget-bin/www_bget?hsa+2775+2776">
        <graphics name="GNAO1..." fgcolor="#000000" bgcolor="#BFFFBF"
             type="rectangle" x="248" y="257" width="45" height="17"/>
    </entry>
    <entry id="42" name="hsa:4157" type="gene"
        link="http://www.genome.jp/dbget-bin/www_bget?hsa+4157">
        <graphics name="MC1R" fgcolor="#000000" bgcolor="#BFFFBF"
             type="rectangle" x="149" y="115" width="45" height="17"/>
    </entry>
    <entry id="43" name="hsa:51384 hsa:54361 hsa:7471 hsa:7472 hsa:7473 hsa:7474 hsa:7475 hsa:7476 hsa:7477 hsa:7478 hsa:7479 hsa:7480 hsa:7481 hsa:7482 hsa:7483 hsa:7484 hsa:80326 hsa:81029 hsa:89780" type="gene"
        link="http://www.genome.jp/dbget-bin/www_bget?hsa+51384+54361+7471+7472+7473+7474+7475+7476+7477+7478+7479+7480+7481+7482+7483+7484+80326+81029+89780">
        <graphics name="WNT16..." fgcolor="#000000" bgcolor="#BFFFBF"
             type="rectangle" x="76" y="257" width="45" height="17"/>
    </entry>
    <entry id="44" name="path:hsa04916" type="map"
        link="http://www.genome.jp/dbget-bin/get_linkdb?pathway+hsa04916">
        <graphics name="TITLE:Melanogenesis" fgcolor="#000000" bgcolor="#FFFFFF"
             type="roundrectangle" x="120" y="41" width="143" height="25"/>
    </entry>
    <entry id="45" name="hsa:5594 hsa:5595" type="gene"
        link="http://www.genome.jp/dbget-bin/www_bget?hsa+5594+5595">
        <graphics name="MAPK1, PRKM2, PRKM1..." fgcolor="#000000" bgcolor="#BFFFBF"
             type="rectangle" x="466" y="345" width="45" height="17"/>
    </entry>
    <entry id="46" name="hsa:5604 hsa:5605" type="gene"
        link="http://www.genome.jp/dbget-bin/www_bget?hsa+5604+5605">
        <graphics name="MAP2K1, PRKMK1..." fgcolor="#000000" bgcolor="#BFFFBF"
             type="rectangle" x="386" y="345" width="45" height="17"/>
    </entry>
    <entry id="47" name="hsa:5894" type="gene"
        link="http://www.genome.jp/dbget-bin/www_bget?hsa+5894">
        <graphics name="RAF1" fgcolor="#000000" bgcolor="#BFFFBF"
             type="rectangle" x="307" y="345" width="45" height="17"/>
    </entry>
    <entry id="48" name="hsa:3265 hsa:3845 hsa:4893" type="gene"
        link="http://www.genome.jp/dbget-bin/www_bget?hsa+3265+3845+4893">
        <graphics name="HRAS, HRAS1..." fgcolor="#000000" bgcolor="#BFFFBF"
             type="rectangle" x="228" y="345" width="46" height="17"/>
    </entry>
    <entry id="49" name="hsa:1906" type="gene"
        link="http://www.genome.jp/dbget-bin/www_bget?hsa+1906">
        <graphics name="EDN1" fgcolor="#000000" bgcolor="#BFFFBF"
             type="rectangle" x="76" y="434" width="45" height="17"/>
    </entry>
    <entry id="50" name="undefined" type="group">
        <graphics fgcolor="#000000" bgcolor="#FFFFFF"
             type="rectangle" x="691" y="181" width="65" height="54"/>
        <component id="30"/>
        <component id="35"/>
    </entry>
    <relation entry1="40" entry2="42" type="PPrel">
        <subtype name="activation" value="-->"/>
    </relation>
    <relation entry1="42" entry2="33" type="PPrel">
        <subtype name="activation" value="-->"/>
    </relation>
    <relation entry1="33" entry2="36" type="PPrel">
        <subtype name="activation" value="-->"/>
    </relation>
    <relation entry1="31" entry2="50" type="PPrel">
        <subtype name="activation" value="-->"/>
        <subtype name="phosphorylation" value="+p"/>
    </relation>
    <relation entry1="43" entry2="26" type="PPrel">
        <subtype name="activation" value="-->"/>
        <subtype name="phosphorylation" value="+p"/>
    </relation>
    <relation entry1="26" entry2="41" type="PPrel">
        <subtype name="activation" value="-->"/>
        <subtype name="phosphorylation" value="+p"/>
    </relation>
    <relation entry1="41" entry2="1" type="PPrel">
        <subtype name="activation" value="-->"/>
        <subtype name="phosphorylation" value="+p"/>
    </relation>
    <relation entry1="1" entry2="38" type="PPrel">
        <subtype name="inhibition" value="--|"/>
    </relation>
    <relation entry1="38" entry2="39" type="PPrel">
        <subtype name="inhibition" value="--|"/>
        <subtype name="phosphorylation" value="+p"/>
    </relation>
    <relation entry1="39" entry2="32" type="PPrel">
        <subtype name="activation" value="-->"/>
    </relation>
    <relation entry1="50" entry2="16" type="GErel">
        <subtype name="expression" value="-->"/>
    </relation>
    <relation entry1="32" entry2="16" type="GErel">
        <subtype name="expression" value="-->"/>
    </relation>
    <relation entry1="6" entry2="9" type="GErel">
        <subtype name="expression" value="-->"/>
    </relation>
    <relation entry1="6" entry2="8" type="GErel">
        <subtype name="expression" value="-->"/>
    </relation>
    <relation entry1="6" entry2="7" type="GErel">
        <subtype name="expression" value="-->"/>
    </relation>
    <relation entry1="19" entry2="15" type="PPrel">
        <subtype name="activation" value="-->"/>
    </relation>
    <relation entry1="15" entry2="48" type="PPrel">
        <subtype name="activation" value="-->"/>
    </relation>
    <relation entry1="48" entry2="47" type="PPrel">
        <subtype name="activation" value="-->"/>
    </relation>
    <relation entry1="47" entry2="46" type="PPrel">
        <subtype name="activation" value="-->"/>
        <subtype name="phosphorylation" value="+p"/>
    </relation>
    <relation entry1="46" entry2="45" type="PPrel">
        <subtype name="activation" value="-->"/>
        <subtype name="phosphorylation" value="+p"/>
    </relation>
    <relation entry1="45" entry2="6" type="PPrel">
        <subtype name="activation" value="-->"/>
        <subtype name="phosphorylation" value="+p"/>
    </relation>
    <relation entry1="49" entry2="14" type="PPrel">
        <subtype name="activation" value="-->"/>
    </relation>
    <relation entry1="14" entry2="13" type="PPrel">
        <subtype name="activation" value="-->"/>
    </relation>
    <relation entry1="13" entry2="27" type="PPrel">
        <subtype name="activation" value="-->"/>
    </relation>
    <relation entry1="12" entry2="11" type="PPrel">
        <subtype name="activation" value="-->"/>
    </relation>
    <relation entry1="37" entry2="10" type="PPrel">
        <subtype name="indirect" value="..>"/>
    </relation>
    <relation entry1="34" entry2="5" type="PPrel">
        <subtype name="activation" value="-->"/>
        <subtype name="phosphorylation" value="+p"/>
    </relation>
    <relation entry1="36" entry2="31" type="PPrel">
        <subtype name="compound" value="29"/>
    </relation>
    <relation entry1="27" entry2="12" type="PPrel">
        <subtype name="compound" value="20"/>
    </relation>
    <relation entry1="27" entry2="37" type="PPrel">
        <subtype name="compound" value="22"/>
    </relation>
    <relation entry1="28" entry2="42" type="PPrel">
        <subtype name="inhibition" value="--|"/>
    </relation>
</pathway>
