<?xml version="1.0"?>
<!DOCTYPE pathway SYSTEM "http://www.genome.jp/kegg/xml/KGML_v0.6.1_.dtd">
<!-- Creation date: Aug 21 2008 00:13:11 +0900 (JST) -->
<pathway name="path:hsa04120" org="hsa" number="04120"
         title="Ubiquitin mediated proteolysis"
         image="http://www.genome.jp/kegg/pathway/hsa/hsa04120.gif"
         link="http://www.genome.jp/dbget-bin/show_pathway?hsa04120">
    <entry id="1" name="hsa:10054" type="gene"
        link="http://www.genome.jp/dbget-bin/www_bget?hsa+10054">
        <graphics name="UBA2, SAE2" fgcolor="#000000" bgcolor="#BFFFBF"
             type="rectangle" x="246" y="357" width="46" height="17"/>
    </entry>
    <entry id="2" name="hsa:10055" type="gene"
        link="http://www.genome.jp/dbget-bin/www_bget?hsa+10055">
        <graphics name="SAE1" fgcolor="#000000" bgcolor="#BFFFBF"
             type="rectangle" x="191" y="357" width="45" height="17"/>
    </entry>
    <entry id="3" name="hsa:6921" type="gene"
        link="http://www.genome.jp/dbget-bin/www_bget?hsa+6921">
        <graphics name="TCEB1" fgcolor="#000000" bgcolor="#BFFFBF"
             type="rectangle" x="445" y="1018" width="45" height="17"/>
    </entry>
    <entry id="4" name="hsa:6923" type="gene"
        link="http://www.genome.jp/dbget-bin/www_bget?hsa+6923">
        <graphics name="TCEB2" fgcolor="#000000" bgcolor="#BFFFBF"
             type="rectangle" x="445" y="1001" width="45" height="17"/>
    </entry>
    <entry id="5" name="hsa:9978" type="gene"
        link="http://www.genome.jp/dbget-bin/www_bget?hsa+9978">
        <graphics name="RBX1" fgcolor="#000000" bgcolor="#BFFFBF"
             type="rectangle" x="356" y="1049" width="45" height="17"/>
    </entry>
    <entry id="6" name="hsa:9978" type="gene"
        link="http://www.genome.jp/dbget-bin/www_bget?hsa+9978">
        <graphics name="RBX1" fgcolor="#000000" bgcolor="#BFFFBF"
             type="rectangle" x="357" y="958" width="45" height="17"/>
    </entry>
    <entry id="7" name="hsa:9978" type="gene"
        link="http://www.genome.jp/dbget-bin/www_bget?hsa+9978">
        <graphics name="RBX1" fgcolor="#000000" bgcolor="#BFFFBF"
             type="rectangle" x="356" y="916" width="44" height="17"/>
    </entry>
    <entry id="8" name="hsa:9978" type="gene"
        link="http://www.genome.jp/dbget-bin/www_bget?hsa+9978">
        <graphics name="RBX1" fgcolor="#000000" bgcolor="#BFFFBF"
             type="rectangle" x="356" y="872" width="45" height="17"/>
    </entry>
    <entry id="9" name="hsa:23291 hsa:26232 hsa:26272 hsa:55294 hsa:6502 hsa:8945" type="gene"
        link="http://www.genome.jp/dbget-bin/www_bget?hsa+23291+26232+26272+55294+6502+8945">
        <graphics name="FBXW11, FBXW1B..." fgcolor="#000000" bgcolor="#BFFFBF"
             type="rectangle" x="491" y="828" width="45" height="17"/>
    </entry>
    <entry id="10" name="hsa:23221 hsa:55958 hsa:90293 hsa:9817" type="gene"
        link="http://www.genome.jp/dbget-bin/www_bget?hsa+23221+55958+90293+9817">
        <graphics name="RHOBTB2..." fgcolor="#000000" bgcolor="#BFFFBF"
             type="rectangle" x="493" y="916" width="45" height="17"/>
    </entry>
    <entry id="11" name="hsa:1161 hsa:1643 hsa:55070 hsa:64326" type="gene"
        link="http://www.genome.jp/dbget-bin/www_bget?hsa+1161+1643+55070+64326">
        <graphics name="ERCC8, CKN1..." fgcolor="#000000" bgcolor="#BFFFBF"
             type="rectangle" x="491" y="958" width="43" height="17"/>
    </entry>
    <entry id="12" name="hsa:8651 hsa:9021" type="gene"
        link="http://www.genome.jp/dbget-bin/www_bget?hsa+8651+9021">
        <graphics name="SOCS1..." fgcolor="#000000" bgcolor="#BFFFBF"
             type="rectangle" x="490" y="1001" width="45" height="17"/>
    </entry>
    <entry id="13" name="hsa:7428" type="gene"
        link="http://www.genome.jp/dbget-bin/www_bget?hsa+7428">
        <graphics name="VHL" fgcolor="#000000" bgcolor="#BFFFBF"
             type="rectangle" x="491" y="872" width="45" height="17"/>
    </entry>
    <entry id="14" name="undefined:" type="undefined">
        <graphics name="6.3.2.19" fgcolor="#000000" bgcolor="#FFFFFF"
             type="rectangle" x="301" y="699" width="44" height="17"/>
    </entry>
    <entry id="15" name="hsa:8916" type="gene"
        link="http://www.genome.jp/dbget-bin/www_bget?hsa+8916">
        <graphics name="HERC3" fgcolor="#000000" bgcolor="#BFFFBF"
             type="rectangle" x="247" y="699" width="45" height="17"/>
    </entry>
    <entry id="16" name="hsa:55284" type="gene"
        link="http://www.genome.jp/dbget-bin/www_bget?hsa+55284">
        <graphics name="UBE2W" fgcolor="#000000" bgcolor="#BFFFBF"
             type="rectangle" x="710" y="408" width="45" height="17"/>
    </entry>
    <entry id="17" name="hsa:140739" type="gene"
        link="http://www.genome.jp/dbget-bin/www_bget?hsa+140739">
        <graphics name="UBE2F" fgcolor="#000000" bgcolor="#BFFFBF"
             type="rectangle" x="711" y="356" width="46" height="17"/>
    </entry>
    <entry id="18" name="hsa:9039" type="gene"
        link="http://www.genome.jp/dbget-bin/www_bget?hsa+9039">
        <graphics name="UBA3, UBE1C" fgcolor="#000000" bgcolor="#BFFFBF"
             type="rectangle" x="300" y="357" width="46" height="17"/>
    </entry>
    <entry id="19" name="hsa:246184" type="gene"
        link="http://www.genome.jp/dbget-bin/www_bget?hsa+246184">
        <graphics name="CDC26, C9orf17" fgcolor="#000000" bgcolor="#BFFFBF"
             type="rectangle" x="964" y="896" width="45" height="17"/>
    </entry>
    <entry id="20" name="hsa:100131844 hsa:51529" type="gene"
        link="http://www.genome.jp/dbget-bin/www_bget?hsa+100131844+51529">
        <graphics name="LOC100131844..." fgcolor="#000000" bgcolor="#BFFFBF"
             type="rectangle" x="919" y="896" width="45" height="17"/>
    </entry>
    <entry id="21" name="ko:K03356" type="ortholog">
        <graphics name="K03356" fgcolor="#000000" bgcolor="#FFFFFF"
             type="rectangle" x="964" y="879" width="45" height="17"/>
    </entry>
    <entry id="22" name="hsa:8697" type="gene"
        link="http://www.genome.jp/dbget-bin/www_bget?hsa+8697">
        <graphics name="CDC23" fgcolor="#000000" bgcolor="#BFFFBF"
             type="rectangle" x="919" y="879" width="45" height="17"/>
    </entry>
    <entry id="23" name="hsa:8881" type="gene"
        link="http://www.genome.jp/dbget-bin/www_bget?hsa+8881">
        <graphics name="CDC16" fgcolor="#000000" bgcolor="#BFFFBF"
             type="rectangle" x="919" y="862" width="45" height="17"/>
    </entry>
    <entry id="24" name="hsa:51434" type="gene"
        link="http://www.genome.jp/dbget-bin/www_bget?hsa+51434">
        <graphics name="ANAPC7" fgcolor="#000000" bgcolor="#BFFFBF"
             type="rectangle" x="964" y="862" width="45" height="17"/>
    </entry>
    <entry id="25" name="hsa:51433" type="gene"
        link="http://www.genome.jp/dbget-bin/www_bget?hsa+51433">
        <graphics name="ANAPC5" fgcolor="#000000" bgcolor="#BFFFBF"
             type="rectangle" x="964" y="845" width="45" height="17"/>
    </entry>
    <entry id="26" name="hsa:29945" type="gene"
        link="http://www.genome.jp/dbget-bin/www_bget?hsa+29945">
        <graphics name="ANAPC4" fgcolor="#000000" bgcolor="#BFFFBF"
             type="rectangle" x="919" y="845" width="45" height="17"/>
    </entry>
    <entry id="27" name="hsa:996" type="gene"
        link="http://www.genome.jp/dbget-bin/www_bget?hsa+996">
        <graphics name="CDC27, D0S1430E, D17S978E" fgcolor="#000000" bgcolor="#BFFFBF"
             type="rectangle" x="964" y="828" width="45" height="17"/>
    </entry>
    <entry id="28" name="hsa:64682" type="gene"
        link="http://www.genome.jp/dbget-bin/www_bget?hsa+64682">
        <graphics name="ANAPC1" fgcolor="#000000" bgcolor="#BFFFBF"
             type="rectangle" x="919" y="828" width="45" height="17"/>
    </entry>
    <entry id="29" name="hsa:51343" type="gene"
        link="http://www.genome.jp/dbget-bin/www_bget?hsa+51343">
        <graphics name="FZR1" fgcolor="#000000" bgcolor="#BFFFBF"
             type="rectangle" x="874" y="845" width="45" height="17"/>
    </entry>
    <entry id="30" name="hsa:991" type="gene"
        link="http://www.genome.jp/dbget-bin/www_bget?hsa+991">
        <graphics name="CDC20" fgcolor="#000000" bgcolor="#BFFFBF"
             type="rectangle" x="874" y="828" width="45" height="17"/>
    </entry>
    <entry id="31" name="hsa:29882" type="gene"
        link="http://www.genome.jp/dbget-bin/www_bget?hsa+29882">
        <graphics name="ANAPC2" fgcolor="#000000" bgcolor="#BFFFBF"
             type="rectangle" x="784" y="828" width="45" height="17"/>
    </entry>
    <entry id="32" name="hsa:100131844 hsa:51529" type="gene"
        link="http://www.genome.jp/dbget-bin/www_bget?hsa+100131844+51529">
        <graphics name="LOC100131844..." fgcolor="#000000" bgcolor="#BFFFBF"
             type="rectangle" x="739" y="828" width="45" height="17"/>
    </entry>
    <entry id="33" name="hsa:26259" type="gene"
        link="http://www.genome.jp/dbget-bin/www_bget?hsa+26259">
        <graphics name="FBXW8, FBXO29" fgcolor="#000000" bgcolor="#BFFFBF"
             type="rectangle" x="491" y="1049" width="45" height="17"/>
    </entry>
    <entry id="34" name="hsa:6923" type="gene"
        link="http://www.genome.jp/dbget-bin/www_bget?hsa+6923">
        <graphics name="TCEB2" fgcolor="#000000" bgcolor="#BFFFBF"
             type="rectangle" x="446" y="872" width="45" height="17"/>
    </entry>
    <entry id="35" name="hsa:6921" type="gene"
        link="http://www.genome.jp/dbget-bin/www_bget?hsa+6921">
        <graphics name="TCEB1" fgcolor="#000000" bgcolor="#BFFFBF"
             type="rectangle" x="446" y="889" width="45" height="17"/>
    </entry>
    <entry id="36" name="hsa:8452" type="gene"
        link="http://www.genome.jp/dbget-bin/www_bget?hsa+8452">
        <graphics name="CUL3" fgcolor="#000000" bgcolor="#BFFFBF"
             type="rectangle" x="400" y="916" width="45" height="17"/>
    </entry>
    <entry id="37" name="hsa:8453" type="gene"
        link="http://www.genome.jp/dbget-bin/www_bget?hsa+8453">
        <graphics name="CUL2" fgcolor="#000000" bgcolor="#BFFFBF"
             type="rectangle" x="401" y="872" width="45" height="17"/>
    </entry>
    <entry id="38" name="hsa:6500" type="gene"
        link="http://www.genome.jp/dbget-bin/www_bget?hsa+6500">
        <graphics name="SKP1, SKP1A" fgcolor="#000000" bgcolor="#BFFFBF"
             type="rectangle" x="446" y="1049" width="45" height="17"/>
    </entry>
    <entry id="39" name="hsa:6500" type="gene"
        link="http://www.genome.jp/dbget-bin/www_bget?hsa+6500">
        <graphics name="SKP1, SKP1A" fgcolor="#000000" bgcolor="#BFFFBF"
             type="rectangle" x="446" y="828" width="45" height="17"/>
    </entry>
    <entry id="40" name="hsa:8454" type="gene"
        link="http://www.genome.jp/dbget-bin/www_bget?hsa+8454">
        <graphics name="CUL1" fgcolor="#000000" bgcolor="#BFFFBF"
             type="rectangle" x="401" y="828" width="45" height="17"/>
    </entry>
    <entry id="41" name="hsa:9978" type="gene"
        link="http://www.genome.jp/dbget-bin/www_bget?hsa+9978">
        <graphics name="RBX1" fgcolor="#000000" bgcolor="#BFFFBF"
             type="rectangle" x="356" y="828" width="45" height="17"/>
    </entry>
    <entry id="42" name="hsa:9820" type="gene"
        link="http://www.genome.jp/dbget-bin/www_bget?hsa+9820">
        <graphics name="CUL7, KIAA0076" fgcolor="#000000" bgcolor="#BFFFBF"
             type="rectangle" x="401" y="1049" width="45" height="17"/>
    </entry>
    <entry id="43" name="hsa:8065" type="gene"
        link="http://www.genome.jp/dbget-bin/www_bget?hsa+8065">
        <graphics name="CUL5" fgcolor="#000000" bgcolor="#BFFFBF"
             type="rectangle" x="400" y="1001" width="45" height="17"/>
    </entry>
    <entry id="44" name="hsa:9616" type="gene"
        link="http://www.genome.jp/dbget-bin/www_bget?hsa+9616">
        <graphics name="RNF7" fgcolor="#000000" bgcolor="#BFFFBF"
             type="rectangle" x="355" y="1001" width="45" height="17"/>
    </entry>
    <entry id="45" name="hsa:1642" type="gene"
        link="http://www.genome.jp/dbget-bin/www_bget?hsa+1642">
        <graphics name="DDB1" fgcolor="#000000" bgcolor="#BFFFBF"
             type="rectangle" x="447" y="958" width="45" height="17"/>
    </entry>
    <entry id="46" name="hsa:8450 hsa:8451" type="gene"
        link="http://www.genome.jp/dbget-bin/www_bget?hsa+8450+8451">
        <graphics name="CUL4B..." fgcolor="#000000" bgcolor="#BFFFBF"
             type="rectangle" x="402" y="958" width="45" height="17"/>
    </entry>
    <entry id="47" name="hsa:4591" type="gene"
        link="http://www.genome.jp/dbget-bin/www_bget?hsa+4591">
        <graphics name="TRIM37, MUL" fgcolor="#000000" bgcolor="#BFFFBF"
             type="rectangle" x="893" y="699" width="45" height="17"/>
    </entry>
    <entry id="48" name="hsa:22954" type="gene"
        link="http://www.genome.jp/dbget-bin/www_bget?hsa+22954">
        <graphics name="TRIM32, LGMD2H" fgcolor="#000000" bgcolor="#BFFFBF"
             type="rectangle" x="840" y="699" width="46" height="17"/>
    </entry>
    <entry id="49" name="hsa:4281" type="gene"
        link="http://www.genome.jp/dbget-bin/www_bget?hsa+4281">
        <graphics name="MID1" fgcolor="#000000" bgcolor="#BFFFBF"
             type="rectangle" x="789" y="699" width="46" height="17"/>
    </entry>
    <entry id="50" name="hsa:55120" type="gene"
        link="http://www.genome.jp/dbget-bin/www_bget?hsa+55120">
        <graphics name="FANCL, PHF9" fgcolor="#000000" bgcolor="#BFFFBF"
             type="rectangle" x="737" y="699" width="46" height="17"/>
    </entry>
    <entry id="51" name="hsa:672" type="gene"
        link="http://www.genome.jp/dbget-bin/www_bget?hsa+672">
        <graphics name="BRCA1" fgcolor="#000000" bgcolor="#BFFFBF"
             type="rectangle" x="684" y="699" width="45" height="17"/>
    </entry>
    <entry id="52" name="hsa:23295" type="gene"
        link="http://www.genome.jp/dbget-bin/www_bget?hsa+23295">
        <graphics name="MGRN1" fgcolor="#000000" bgcolor="#BFFFBF"
             type="rectangle" x="632" y="699" width="44" height="17"/>
    </entry>
    <entry id="53" name="hsa:326" type="gene"
        link="http://www.genome.jp/dbget-bin/www_bget?hsa+326">
        <graphics name="AIRE, APECED" fgcolor="#000000" bgcolor="#BFFFBF"
             type="rectangle" x="945" y="670" width="46" height="17"/>
    </entry>
    <entry id="54" name="hsa:378884" type="gene"
        link="http://www.genome.jp/dbget-bin/www_bget?hsa+378884">
        <graphics name="NHLRC1" fgcolor="#000000" bgcolor="#BFFFBF"
             type="rectangle" x="893" y="670" width="45" height="17"/>
    </entry>
    <entry id="55" name="hsa:84447" type="gene"
        link="http://www.genome.jp/dbget-bin/www_bget?hsa+84447">
        <graphics name="SYVN1" fgcolor="#000000" bgcolor="#BFFFBF"
             type="rectangle" x="840" y="670" width="44" height="17"/>
    </entry>
    <entry id="56" name="hsa:10401 hsa:51588 hsa:8554 hsa:9063" type="gene"
        link="http://www.genome.jp/dbget-bin/www_bget?hsa+10401+51588+8554+9063">
        <graphics name="PIAS3..." fgcolor="#000000" bgcolor="#BFFFBF"
             type="rectangle" x="789" y="670" width="46" height="17"/>
    </entry>
    <entry id="57" name="hsa:329 hsa:330 hsa:331" type="gene"
        link="http://www.genome.jp/dbget-bin/www_bget?hsa+329+330+331">
        <graphics name="BIRC2, API1..." fgcolor="#000000" bgcolor="#BFFFBF"
             type="rectangle" x="737" y="670" width="46" height="17"/>
    </entry>
    <entry id="58" name="hsa:25898" type="gene"
        link="http://www.genome.jp/dbget-bin/www_bget?hsa+25898">
        <graphics name="RCHY1, ZNF363" fgcolor="#000000" bgcolor="#BFFFBF"
             type="rectangle" x="684" y="670" width="44" height="17"/>
    </entry>
    <entry id="59" name="hsa:64326" type="gene"
        link="http://www.genome.jp/dbget-bin/www_bget?hsa+64326">
        <graphics name="RFWD2" fgcolor="#000000" bgcolor="#BFFFBF"
             type="rectangle" x="632" y="670" width="46" height="17"/>
    </entry>
    <entry id="60" name="hsa:4214" type="gene"
        link="http://www.genome.jp/dbget-bin/www_bget?hsa+4214">
        <graphics name="MAP3K1, MEKK1" fgcolor="#000000" bgcolor="#BFFFBF"
             type="rectangle" x="945" y="641" width="46" height="17"/>
    </entry>
    <entry id="61" name="hsa:7189" type="gene"
        link="http://www.genome.jp/dbget-bin/www_bget?hsa+7189">
        <graphics name="TRAF6" fgcolor="#000000" bgcolor="#BFFFBF"
             type="rectangle" x="893" y="641" width="45" height="17"/>
    </entry>
    <entry id="62" name="hsa:5371" type="gene"
        link="http://www.genome.jp/dbget-bin/www_bget?hsa+5371">
        <graphics name="PML" fgcolor="#000000" bgcolor="#BFFFBF"
             type="rectangle" x="840" y="641" width="46" height="17"/>
    </entry>
    <entry id="63" name="hsa:6477" type="gene"
        link="http://www.genome.jp/dbget-bin/www_bget?hsa+6477">
        <graphics name="SIAH1" fgcolor="#000000" bgcolor="#BFFFBF"
             type="rectangle" x="789" y="641" width="46" height="17"/>
    </entry>
    <entry id="64" name="hsa:5071" type="gene"
        link="http://www.genome.jp/dbget-bin/www_bget?hsa+5071">
        <graphics name="PARK2" fgcolor="#000000" bgcolor="#BFFFBF"
             type="rectangle" x="737" y="641" width="46" height="17"/>
    </entry>
    <entry id="65" name="hsa:23624 hsa:867 hsa:868" type="gene"
        link="http://www.genome.jp/dbget-bin/www_bget?hsa+23624+867+868">
        <graphics name="CBLC..." fgcolor="#000000" bgcolor="#BFFFBF"
             type="rectangle" x="684" y="641" width="45" height="17"/>
    </entry>
    <entry id="66" name="hsa:4193" type="gene"
        link="http://www.genome.jp/dbget-bin/www_bget?hsa+4193">
        <graphics name="MDM2" fgcolor="#000000" bgcolor="#BFFFBF"
             type="rectangle" x="631" y="641" width="45" height="17"/>
    </entry>
    <entry id="67" name="hsa:22888" type="gene"
        link="http://www.genome.jp/dbget-bin/www_bget?hsa+22888">
        <graphics name="UBOX5" fgcolor="#000000" bgcolor="#BFFFBF"
             type="rectangle" x="504" y="670" width="46" height="17"/>
    </entry>
    <entry id="68" name="hsa:27339" type="gene"
        link="http://www.genome.jp/dbget-bin/www_bget?hsa+27339">
        <graphics name="PRPF19, PRP19" fgcolor="#000000" bgcolor="#BFFFBF"
             type="rectangle" x="449" y="670" width="44" height="17"/>
    </entry>
    <entry id="69" name="hsa:7337" type="gene"
        link="http://www.genome.jp/dbget-bin/www_bget?hsa+7337">
        <graphics name="UBE3A, EPVE6AP, HPVE6A" fgcolor="#000000" bgcolor="#BFFFBF"
             type="rectangle" x="84" y="641" width="46" height="17"/>
    </entry>
    <entry id="70" name="hsa:148581" type="gene"
        link="http://www.genome.jp/dbget-bin/www_bget?hsa+148581">
        <graphics name="UBE2U" fgcolor="#000000" bgcolor="#BFFFBF"
             type="rectangle" x="654" y="407" width="45" height="17"/>
    </entry>
    <entry id="71" name="hsa:10477 hsa:51619 hsa:7321 hsa:7322 hsa:7323 hsa:7324 hsa:7325" type="gene"
        link="http://www.genome.jp/dbget-bin/www_bget?hsa+10477+51619+7321+7322+7323+7324+7325">
        <graphics name="UBE2E3..." fgcolor="#000000" bgcolor="#BFFFBF"
             type="rectangle" x="654" y="356" width="46" height="17"/>
    </entry>
    <entry id="72" name="hsa:389898 hsa:7334" type="gene"
        link="http://www.genome.jp/dbget-bin/www_bget?hsa+389898+7334">
        <graphics name="UBE2NL..." fgcolor="#000000" bgcolor="#BFFFBF"
             type="rectangle" x="826" y="382" width="45" height="17"/>
    </entry>
    <entry id="73" name="hsa:11059" type="gene"
        link="http://www.genome.jp/dbget-bin/www_bget?hsa+11059">
        <graphics name="WWP1" fgcolor="#000000" bgcolor="#BFFFBF"
             type="rectangle" x="83" y="670" width="44" height="17"/>
    </entry>
    <entry id="74" name="hsa:57154 hsa:64750" type="gene"
        link="http://www.genome.jp/dbget-bin/www_bget?hsa+57154+64750">
        <graphics name="SMURF1..." fgcolor="#000000" bgcolor="#BFFFBF"
             type="rectangle" x="246" y="641" width="46" height="17"/>
    </entry>
    <entry id="75" name="hsa:9690" type="gene"
        link="http://www.genome.jp/dbget-bin/www_bget?hsa+9690">
        <graphics name="UBE3C" fgcolor="#000000" bgcolor="#BFFFBF"
             type="rectangle" x="192" y="641" width="46" height="17"/>
    </entry>
    <entry id="76" name="hsa:51465" type="gene"
        link="http://www.genome.jp/dbget-bin/www_bget?hsa+51465">
        <graphics name="UBE2J1" fgcolor="#000000" bgcolor="#BFFFBF"
             type="rectangle" x="538" y="382" width="46" height="17"/>
    </entry>
    <entry id="77" name="hsa:89910" type="gene"
        link="http://www.genome.jp/dbget-bin/www_bget?hsa+89910">
        <graphics name="UBE3B" fgcolor="#000000" bgcolor="#BFFFBF"
             type="rectangle" x="138" y="641" width="46" height="17"/>
    </entry>
    <entry id="78" name="hsa:27338" type="gene"
        link="http://www.genome.jp/dbget-bin/www_bget?hsa+27338">
        <graphics name="UBE2S" fgcolor="#000000" bgcolor="#BFFFBF"
             type="rectangle" x="597" y="408" width="46" height="17"/>
    </entry>
    <entry id="79" name="hsa:11065" type="gene"
        link="http://www.genome.jp/dbget-bin/www_bget?hsa+11065">
        <graphics name="UBE2C" fgcolor="#000000" bgcolor="#BFFFBF"
             type="rectangle" x="595" y="356" width="45" height="17"/>
    </entry>
    <entry id="80" name="hsa:7319" type="gene"
        link="http://www.genome.jp/dbget-bin/www_bget?hsa+7319">
        <graphics name="UBE2A" fgcolor="#000000" bgcolor="#BFFFBF"
             type="rectangle" x="481" y="356" width="45" height="17"/>
    </entry>
    <entry id="81" name="hsa:83737" type="gene"
        link="http://www.genome.jp/dbget-bin/www_bget?hsa+83737">
        <graphics name="ITCH" fgcolor="#000000" bgcolor="#BFFFBF"
             type="rectangle" x="300" y="641" width="46" height="17"/>
    </entry>
    <entry id="82" name="hsa:3093" type="gene"
        link="http://www.genome.jp/dbget-bin/www_bget?hsa+3093">
        <graphics name="UBE2K, HIP2" fgcolor="#000000" bgcolor="#BFFFBF"
             type="rectangle" x="826" y="408" width="45" height="17"/>
    </entry>
    <entry id="83" name="hsa:118424" type="gene"
        link="http://www.genome.jp/dbget-bin/www_bget?hsa+118424">
        <graphics name="UBE2J2" fgcolor="#000000" bgcolor="#BFFFBF"
             type="rectangle" x="596" y="383" width="45" height="17"/>
    </entry>
    <entry id="84" name="hsa:9246" type="gene"
        link="http://www.genome.jp/dbget-bin/www_bget?hsa+9246">
        <graphics name="UBE2L6" fgcolor="#000000" bgcolor="#BFFFBF"
             type="rectangle" x="710" y="382" width="45" height="17"/>
    </entry>
    <entry id="85" name="hsa:7332" type="gene"
        link="http://www.genome.jp/dbget-bin/www_bget?hsa+7332">
        <graphics name="UBE2L3" fgcolor="#000000" bgcolor="#BFFFBF"
             type="rectangle" x="654" y="382" width="46" height="17"/>
    </entry>
    <entry id="86" name="hsa:7327" type="gene"
        link="http://www.genome.jp/dbget-bin/www_bget?hsa+7327">
        <graphics name="UBE2G2" fgcolor="#000000" bgcolor="#BFFFBF"
             type="rectangle" x="826" y="356" width="45" height="17"/>
    </entry>
    <entry id="87" name="hsa:7326" type="gene"
        link="http://www.genome.jp/dbget-bin/www_bget?hsa+7326">
        <graphics name="UBE2G1, UBE2G" fgcolor="#000000" bgcolor="#BFFFBF"
             type="rectangle" x="769" y="356" width="45" height="17"/>
    </entry>
    <entry id="88" name="hsa:55236 hsa:7317 hsa:7318" type="gene"
        link="http://www.genome.jp/dbget-bin/www_bget?hsa+55236+7317+7318">
        <graphics name="UBA6, UBE1L2..." fgcolor="#000000" bgcolor="#BFFFBF"
             type="rectangle" x="136" y="357" width="45" height="17"/>
    </entry>
    <entry id="89" name="path:hsa03050" type="map"
        link="http://www.genome.jp/kegg/pathway/hsa/hsa03050.html">
        <graphics name="Proteasome" fgcolor="#000000" bgcolor="#FFFFFF"
             type="roundrectangle" x="748" y="133" width="90" height="23"/>
    </entry>
    <entry id="90" name="hsa:23759" type="gene"
        link="http://www.genome.jp/dbget-bin/www_bget?hsa+23759">
        <graphics name="PPIL2" fgcolor="#000000" bgcolor="#BFFFBF"
             type="rectangle" x="393" y="670" width="45" height="17"/>
    </entry>
    <entry id="91" name="hsa:8924" type="gene"
        link="http://www.genome.jp/dbget-bin/www_bget?hsa+8924">
        <graphics name="HERC2" fgcolor="#000000" bgcolor="#BFFFBF"
             type="rectangle" x="192" y="699" width="44" height="17"/>
    </entry>
    <entry id="92" name="hsa:54926 hsa:997" type="gene"
        link="http://www.genome.jp/dbget-bin/www_bget?hsa+54926+997">
        <graphics name="UBE2R2..." fgcolor="#000000" bgcolor="#BFFFBF"
             type="rectangle" x="539" y="407" width="46" height="17"/>
    </entry>
    <entry id="93" name="hsa:10273" type="gene"
        link="http://www.genome.jp/dbget-bin/www_bget?hsa+10273">
        <graphics name="STUB1" fgcolor="#000000" bgcolor="#BFFFBF"
             type="rectangle" x="503" y="641" width="45" height="17"/>
    </entry>
    <entry id="94" name="hsa:8925" type="gene"
        link="http://www.genome.jp/dbget-bin/www_bget?hsa+8925">
        <graphics name="HERC1" fgcolor="#000000" bgcolor="#BFFFBF"
             type="rectangle" x="138" y="699" width="45" height="17"/>
    </entry>
    <entry id="95" name="hsa:11060" type="gene"
        link="http://www.genome.jp/dbget-bin/www_bget?hsa+11060">
        <graphics name="WWP2" fgcolor="#000000" bgcolor="#BFFFBF"
             type="rectangle" x="138" y="670" width="46" height="17"/>
    </entry>
    <entry id="96" name="hsa:10277" type="gene"
        link="http://www.genome.jp/dbget-bin/www_bget?hsa+10277">
        <graphics name="UBE4B" fgcolor="#000000" bgcolor="#BFFFBF"
             type="rectangle" x="449" y="641" width="46" height="17"/>
    </entry>
    <entry id="97" name="hsa:51366" type="gene"
        link="http://www.genome.jp/dbget-bin/www_bget?hsa+51366">
        <graphics name="UBR5, EDD1" fgcolor="#000000" bgcolor="#BFFFBF"
             type="rectangle" x="84" y="699" width="45" height="17"/>
    </entry>
    <entry id="98" name="hsa:9320" type="gene"
        link="http://www.genome.jp/dbget-bin/www_bget?hsa+9320">
        <graphics name="TRIP12" fgcolor="#000000" bgcolor="#BFFFBF"
             type="rectangle" x="192" y="670" width="45" height="17"/>
    </entry>
    <entry id="99" name="hsa:9354" type="gene"
        link="http://www.genome.jp/dbget-bin/www_bget?hsa+9354">
        <graphics name="UBE4A" fgcolor="#000000" bgcolor="#BFFFBF"
             type="rectangle" x="393" y="641" width="45" height="17"/>
    </entry>
    <entry id="100" name="hsa:10075" type="gene"
        link="http://www.genome.jp/dbget-bin/www_bget?hsa+10075">
        <graphics name="HUWE1" fgcolor="#000000" bgcolor="#BFFFBF"
             type="rectangle" x="301" y="670" width="44" height="17"/>
    </entry>
    <entry id="101" name="hsa:65264" type="gene"
        link="http://www.genome.jp/dbget-bin/www_bget?hsa+65264">
        <graphics name="UBE2Z" fgcolor="#000000" bgcolor="#BFFFBF"
             type="rectangle" x="769" y="408" width="45" height="17"/>
    </entry>
    <entry id="102" name="hsa:57448" type="gene"
        link="http://www.genome.jp/dbget-bin/www_bget?hsa+57448">
        <graphics name="BIRC6" fgcolor="#000000" bgcolor="#BFFFBF"
             type="rectangle" x="885" y="408" width="46" height="17"/>
    </entry>
    <entry id="103" name="hsa:23327 hsa:4734" type="gene"
        link="http://www.genome.jp/dbget-bin/www_bget?hsa+23327+4734">
        <graphics name="NEDD4L..." fgcolor="#000000" bgcolor="#BFFFBF"
             type="rectangle" x="247" y="670" width="45" height="17"/>
    </entry>
    <entry id="104" name="hsa:55585 hsa:92912" type="gene"
        link="http://www.genome.jp/dbget-bin/www_bget?hsa+55585+92912">
        <graphics name="UBE2Q1, UBE2Q..." fgcolor="#000000" bgcolor="#BFFFBF"
             type="rectangle" x="481" y="408" width="45" height="17"/>
    </entry>
    <entry id="105" name="hsa:63893" type="gene"
        link="http://www.genome.jp/dbget-bin/www_bget?hsa+63893">
        <graphics name="UBE2O" fgcolor="#000000" bgcolor="#BFFFBF"
             type="rectangle" x="885" y="382" width="45" height="17"/>
    </entry>
    <entry id="106" name="hsa:9040" type="gene"
        link="http://www.genome.jp/dbget-bin/www_bget?hsa+9040">
        <graphics name="UBE2M" fgcolor="#000000" bgcolor="#BFFFBF"
             type="rectangle" x="768" y="382" width="45" height="17"/>
    </entry>
    <entry id="107" name="hsa:7329" type="gene"
        link="http://www.genome.jp/dbget-bin/www_bget?hsa+7329">
        <graphics name="UBE2I" fgcolor="#000000" bgcolor="#BFFFBF"
             type="rectangle" x="481" y="383" width="45" height="17"/>
    </entry>
    <entry id="108" name="hsa:7328" type="gene"
        link="http://www.genome.jp/dbget-bin/www_bget?hsa+7328">
        <graphics name="UBE2H" fgcolor="#000000" bgcolor="#BFFFBF"
             type="rectangle" x="885" y="356" width="46" height="17"/>
    </entry>
    <entry id="109" name="hsa:7320" type="gene"
        link="http://www.genome.jp/dbget-bin/www_bget?hsa+7320">
        <graphics name="UBE2B" fgcolor="#000000" bgcolor="#BFFFBF"
             type="rectangle" x="538" y="356" width="45" height="17"/>
    </entry>
    <entry id="110" name="path:hsa04120" type="map"
        link="http://www.genome.jp/dbget-bin/get_linkdb?pathway+hsa04120">
        <graphics name="TITLE:Ubiquitin mediated proteolysis" fgcolor="#000000" bgcolor="#FFFFFF"
             type="roundrectangle" x="191" y="45" width="267" height="26"/>
    </entry>
    <entry id="111" name="undefined" type="group">
        <graphics fgcolor="#000000" bgcolor="#FFFFFF"
             type="rectangle" x="424" y="828" width="200" height="37"/>
        <component id="9"/>
        <component id="39"/>
        <component id="40"/>
        <component id="41"/>
    </entry>
    <entry id="112" name="undefined" type="group">
        <graphics fgcolor="#000000" bgcolor="#FFFFFF"
             type="rectangle" x="424" y="881" width="200" height="54"/>
        <component id="8"/>
        <component id="13"/>
        <component id="34"/>
        <component id="35"/>
        <component id="37"/>
    </entry>
    <entry id="113" name="undefined" type="group">
        <graphics fgcolor="#000000" bgcolor="#FFFFFF"
             type="rectangle" x="425" y="916" width="202" height="37"/>
        <component id="7"/>
        <component id="10"/>
        <component id="36"/>
    </entry>
    <entry id="114" name="undefined" type="group">
        <graphics fgcolor="#000000" bgcolor="#FFFFFF"
             type="rectangle" x="424" y="958" width="198" height="37"/>
        <component id="6"/>
        <component id="11"/>
        <component id="45"/>
        <component id="46"/>
    </entry>
    <entry id="115" name="undefined" type="group">
        <graphics fgcolor="#000000" bgcolor="#FFFFFF"
             type="rectangle" x="852" y="862" width="290" height="105"/>
        <component id="19"/>
        <component id="20"/>
        <component id="21"/>
        <component id="22"/>
        <component id="23"/>
        <component id="24"/>
        <component id="25"/>
        <component id="26"/>
        <component id="27"/>
        <component id="28"/>
        <component id="29"/>
        <component id="30"/>
        <component id="31"/>
        <component id="32"/>
    </entry>
</pathway>
