<?xml version="1.0"?>
<!DOCTYPE pathway SYSTEM "http://www.genome.jp/kegg/xml/KGML_v0.6.1_.dtd">
<!-- Creation date: Jul 30 2008 19:30:25 +0900 (JST) -->
<pathway name="path:hsa05110" org="hsa" number="05110"
         title="Vibrio cholerae infection"
         image="http://www.genome.jp/kegg/pathway/hsa/hsa05110.gif"
         link="http://www.genome.jp/dbget-bin/show_pathway?hsa05110">
    <entry id="1" name="hsa:4583" type="gene"
        link="http://www.genome.jp/dbget-bin/www_bget?hsa+4583">
        <graphics name="MUC2" fgcolor="#000000" bgcolor="#BFFFBF"
             type="rectangle" x="245" y="708" width="45" height="17"/>
    </entry>
    <entry id="2" name="ko:K10935" type="ortholog">
        <graphics name="K10935" fgcolor="#000000" bgcolor="#FFFFFF"
             type="rectangle" x="198" y="665" width="45" height="17"/>
    </entry>
    <entry id="3" name="ko:K10934" type="ortholog">
        <graphics name="K10934" fgcolor="#000000" bgcolor="#FFFFFF"
             type="rectangle" x="150" y="665" width="45" height="17"/>
    </entry>
    <entry id="4" name="ko:K10933" type="ortholog">
        <graphics name="K10933" fgcolor="#000000" bgcolor="#FFFFFF"
             type="rectangle" x="198" y="645" width="45" height="17"/>
    </entry>
    <entry id="5" name="ko:K10932" type="ortholog">
        <graphics name="K10932" fgcolor="#000000" bgcolor="#FFFFFF"
             type="rectangle" x="150" y="645" width="45" height="17"/>
    </entry>
    <entry id="6" name="ko:K10931" type="ortholog">
        <graphics name="K10931" fgcolor="#000000" bgcolor="#FFFFFF"
             type="rectangle" x="198" y="625" width="45" height="17"/>
    </entry>
    <entry id="7" name="ko:K10930" type="ortholog">
        <graphics name="K10930" fgcolor="#000000" bgcolor="#FFFFFF"
             type="rectangle" x="150" y="625" width="45" height="17"/>
    </entry>
    <entry id="8" name="undefined:" type="undefined">
        <graphics name="3.4.24.25" fgcolor="#000000" bgcolor="#FFFFFF"
             type="rectangle" x="150" y="708" width="45" height="17"/>
    </entry>
    <entry id="9" name="ko:K10952" type="ortholog">
        <graphics name="K10952" fgcolor="#000000" bgcolor="#FFFFFF"
             type="rectangle" x="150" y="482" width="45" height="17"/>
    </entry>
    <entry id="11" name="cpd:C00014" type="compound"
        link="http://www.genome.jp/dbget-bin/www_bget?compound+C00014">
        <graphics name="C00014" fgcolor="#000000" bgcolor="#FFFFFF"
             type="circle" x="496" y="180" width="8" height="8"/>
    </entry>
    <entry id="12" name="cpd:C00080" type="compound"
        link="http://www.genome.jp/dbget-bin/www_bget?compound+C00080">
        <graphics name="C00080" fgcolor="#000000" bgcolor="#FFFFFF"
             type="circle" x="524" y="152" width="8" height="8"/>
    </entry>
    <entry id="13" name="cpd:C00238" type="compound"
        link="http://www.genome.jp/dbget-bin/www_bget?compound+C00238">
        <graphics name="C00238" fgcolor="#000000" bgcolor="#FFFFFF"
             type="circle" x="806" y="352" width="8" height="8"/>
    </entry>
    <entry id="14" name="cpd:C00238" type="compound"
        link="http://www.genome.jp/dbget-bin/www_bget?compound+C00238">
        <graphics name="C00238" fgcolor="#000000" bgcolor="#FFFFFF"
             type="circle" x="798" y="389" width="8" height="8"/>
    </entry>
    <entry id="15" name="cpd:C01330" type="compound"
        link="http://www.genome.jp/dbget-bin/www_bget?compound+C01330">
        <graphics name="C01330" fgcolor="#000000" bgcolor="#FFFFFF"
             type="circle" x="798" y="402" width="8" height="8"/>
    </entry>
    <entry id="16" name="cpd:C00698" type="compound"
        link="http://www.genome.jp/dbget-bin/www_bget?compound+C00698">
        <graphics name="C00698" fgcolor="#000000" bgcolor="#FFFFFF"
             type="circle" x="798" y="415" width="8" height="8"/>
    </entry>
    <entry id="17" name="cpd:C00698" type="compound"
        link="http://www.genome.jp/dbget-bin/www_bget?compound+C00698">
        <graphics name="C00698" fgcolor="#000000" bgcolor="#FFFFFF"
             type="circle" x="248" y="440" width="8" height="8"/>
    </entry>
    <entry id="18" name="cpd:C04911" type="compound"
        link="http://www.genome.jp/dbget-bin/www_bget?compound+C04911">
        <graphics name="C04911" fgcolor="#000000" bgcolor="#FFFFFF"
             type="circle" x="306" y="323" width="8" height="8"/>
    </entry>
    <entry id="19" name="path:hsa04530" type="map"
        link="http://www.genome.jp/kegg/pathway/hsa/hsa04530.html">
        <graphics name="Tight junction" fgcolor="#000000" bgcolor="#FFFFFF"
             type="roundrectangle" x="633" y="680" width="98" height="26"/>
    </entry>
    <entry id="20" name="ko:K10954" type="ortholog">
        <graphics name="K10954" fgcolor="#000000" bgcolor="#FFFFFF"
             type="rectangle" x="403" y="573" width="45" height="17"/>
    </entry>
    <entry id="21" name="ko:K10953" type="ortholog">
        <graphics name="K10953" fgcolor="#000000" bgcolor="#FFFFFF"
             type="rectangle" x="403" y="526" width="45" height="17"/>
    </entry>
    <entry id="22" name="undefined:" type="undefined">
        <graphics name="2.4.2.36" fgcolor="#000000" bgcolor="#FFFFFF"
             type="rectangle" x="518" y="286" width="45" height="17"/>
    </entry>
    <entry id="23" name="undefined:" type="undefined">
        <graphics name="2.4.2.36" fgcolor="#000000" bgcolor="#FFFFFF"
             type="rectangle" x="443" y="286" width="45" height="17"/>
    </entry>
    <entry id="24" name="ko:K10929" type="ortholog">
        <graphics name="K10929" fgcolor="#000000" bgcolor="#FFFFFF"
             type="rectangle" x="443" y="323" width="45" height="17"/>
    </entry>
    <entry id="25" name="ko:K10948" type="ortholog">
        <graphics name="K10948" fgcolor="#000000" bgcolor="#FFFFFF"
             type="rectangle" x="443" y="151" width="45" height="17"/>
    </entry>
    <entry id="26" name="path:map05111" type="map"
        link="http://www.genome.jp/kegg/pathway/map/map05111.html">
        <graphics name="Vibrio cholerae pathogenic cycle" fgcolor="#000000" bgcolor="#FFFFFF"
             type="roundrectangle" x="95" y="117" width="119" height="36"/>
    </entry>
    <entry id="27" name="cpd:C00165" type="compound"
        link="http://www.genome.jp/dbget-bin/www_bget?compound+C00165">
        <graphics name="C00165" fgcolor="#000000" bgcolor="#FFFFFF"
             type="circle" x="464" y="635" width="8" height="8"/>
    </entry>
    <entry id="29" name="cpd:C01245" type="compound"
        link="http://www.genome.jp/dbget-bin/www_bget?compound+C01245">
        <graphics name="C01245" fgcolor="#000000" bgcolor="#FFFFFF"
             type="circle" x="464" y="599" width="8" height="8"/>
    </entry>
    <entry id="30" name="hsa:375" type="gene"
        link="http://www.genome.jp/dbget-bin/www_bget?hsa+375">
        <graphics name="ARF1" fgcolor="#000000" bgcolor="#BFFFBF"
             type="rectangle" x="597" y="244" width="45" height="17"/>
    </entry>
    <entry id="31" name="path:map03090" type="map"
        link="http://www.genome.jp/kegg/pathway/map/map03090.html">
        <graphics name="Type II secretion system" fgcolor="#000000" bgcolor="#FFFFFF"
             type="roundrectangle" x="246" y="250" width="149" height="30"/>
    </entry>
    <entry id="32" name="hsa:10312 hsa:127124 hsa:155066 hsa:23545 hsa:245972 hsa:245973 hsa:50617 hsa:51382 hsa:51606 hsa:523 hsa:525 hsa:526 hsa:527 hsa:528 hsa:529 hsa:533 hsa:534 hsa:535 hsa:537 hsa:8992 hsa:90423 hsa:9114 hsa:9296 hsa:9550" type="gene"
        link="http://www.genome.jp/dbget-bin/www_bget?hsa+10312+127124+155066+23545+245972+245973+50617+51382+51606+523+525+526+527+528+529+533+534+535+537+8992+90423+9114+9296+9550">
        <graphics name="TCIRG1..." fgcolor="#000000" bgcolor="#BFFFBF"
             type="rectangle" x="523" y="115" width="45" height="17"/>
    </entry>
    <entry id="33" name="ko:K10948" type="ortholog">
        <graphics name="K10948" fgcolor="#000000" bgcolor="#FFFFFF"
             type="rectangle" x="150" y="151" width="45" height="17"/>
    </entry>
    <entry id="34" name="hsa:30001" type="gene"
        link="http://www.genome.jp/dbget-bin/www_bget?hsa+30001">
        <graphics name="ERO1L" fgcolor="#000000" bgcolor="#BFFFBF"
             type="rectangle" x="541" y="222" width="45" height="17"/>
    </entry>
    <entry id="35" name="ko:K10929" type="ortholog">
        <graphics name="K10929" fgcolor="#000000" bgcolor="#FFFFFF"
             type="rectangle" x="150" y="323" width="45" height="17"/>
    </entry>
    <entry id="36" name="hsa:1080" type="gene"
        link="http://www.genome.jp/dbget-bin/www_bget?hsa+1080">
        <graphics name="CFTR, CF, ABCC7" fgcolor="#000000" bgcolor="#BFFFBF"
             type="rectangle" x="306" y="440" width="45" height="17"/>
    </entry>
    <entry id="37" name="undefined:" type="undefined">
        <graphics name="2.4.2.36" fgcolor="#000000" bgcolor="#FFFFFF"
             type="rectangle" x="150" y="306" width="45" height="17"/>
    </entry>
    <entry id="38" name="ko:K10954" type="ortholog">
        <graphics name="K10954" fgcolor="#000000" bgcolor="#FFFFFF"
             type="rectangle" x="150" y="573" width="45" height="17"/>
    </entry>
    <entry id="39" name="hsa:9414" type="gene"
        link="http://www.genome.jp/dbget-bin/www_bget?hsa+9414">
        <graphics name="TJP2" fgcolor="#000000" bgcolor="#BFFFBF"
             type="rectangle" x="658" y="647" width="45" height="17"/>
    </entry>
    <entry id="40" name="hsa:7082" type="gene"
        link="http://www.genome.jp/dbget-bin/www_bget?hsa+7082">
        <graphics name="TJP1" fgcolor="#000000" bgcolor="#BFFFBF"
             type="rectangle" x="609" y="647" width="45" height="17"/>
    </entry>
    <entry id="41" name="cpd:C00575" type="compound"
        link="http://www.genome.jp/dbget-bin/www_bget?compound+C00575">
        <graphics name="C00575" fgcolor="#000000" bgcolor="#FFFFFF"
             type="circle" x="632" y="375" width="8" height="8"/>
    </entry>
    <entry id="42" name="path:hsa00190" type="map"
        link="http://www.genome.jp/kegg/pathway/hsa/hsa00190.html">
        <graphics name="Oxidative phosphorylation" fgcolor="#000000" bgcolor="#FFFFFF"
             type="roundrectangle" x="632" y="115" width="153" height="26"/>
    </entry>
    <entry id="43" name="hsa:2778" type="gene"
        link="http://www.genome.jp/dbget-bin/www_bget?hsa+2778">
        <graphics name="GNAS, GNAS1" fgcolor="#000000" bgcolor="#BFFFBF"
             type="rectangle" x="667" y="286" width="45" height="17"/>
    </entry>
    <entry id="44" name="hsa:3784" type="gene"
        link="http://www.genome.jp/dbget-bin/www_bget?hsa+3784">
        <graphics name="KCNQ1, LQT, KCNA9" fgcolor="#000000" bgcolor="#BFFFBF"
             type="rectangle" x="745" y="352" width="45" height="17"/>
    </entry>
    <entry id="45" name="hsa:5578 hsa:5579 hsa:5582" type="gene"
        link="http://www.genome.jp/dbget-bin/www_bget?hsa+5578+5579+5582">
        <graphics name="PRKCA, PKCA..." fgcolor="#000000" bgcolor="#BFFFBF"
             type="rectangle" x="524" y="620" width="45" height="17"/>
    </entry>
    <entry id="46" name="hsa:6558" type="gene"
        link="http://www.genome.jp/dbget-bin/www_bget?hsa+6558">
        <graphics name="SLC12A2" fgcolor="#000000" bgcolor="#BFFFBF"
             type="rectangle" x="745" y="402" width="45" height="17"/>
    </entry>
    <entry id="47" name="hsa:5335 hsa:5336" type="gene"
        link="http://www.genome.jp/dbget-bin/www_bget?hsa+5335+5336">
        <graphics name="PLCG1, PLC1..." fgcolor="#000000" bgcolor="#BFFFBF"
             type="rectangle" x="403" y="620" width="45" height="17"/>
    </entry>
    <entry id="48" name="hsa:5566 hsa:5567 hsa:5568 hsa:5613 hsa:5616" type="gene"
        link="http://www.genome.jp/dbget-bin/www_bget?hsa+5566+5567+5568+5613+5616">
        <graphics name="PRKACA..." fgcolor="#000000" bgcolor="#BFFFBF"
             type="rectangle" x="516" y="394" width="45" height="17"/>
    </entry>
    <entry id="49" name="ko:K10953" type="ortholog">
        <graphics name="K10953" fgcolor="#000000" bgcolor="#FFFFFF"
             type="rectangle" x="150" y="526" width="45" height="17"/>
    </entry>
    <entry id="50" name="hsa:10952 hsa:23480 hsa:29927 hsa:55176" type="gene"
        link="http://www.genome.jp/dbget-bin/www_bget?hsa+10952+23480+29927+55176">
        <graphics name="SEC61B..." fgcolor="#000000" bgcolor="#BFFFBF"
             type="rectangle" x="584" y="286" width="45" height="17"/>
    </entry>
    <entry id="51" name="hsa:58 hsa:59 hsa:60 hsa:70 hsa:71 hsa:72" type="gene"
        link="http://www.genome.jp/dbget-bin/www_bget?hsa+58+59+60+70+71+72">
        <graphics name="ACTA1, ACTA..." fgcolor="#000000" bgcolor="#BFFFBF"
             type="rectangle" x="641" y="573" width="45" height="17"/>
    </entry>
    <entry id="52" name="hsa:9601" type="gene"
        link="http://www.genome.jp/dbget-bin/www_bget?hsa+9601">
        <graphics name="PDIA4" fgcolor="#000000" bgcolor="#BFFFBF"
             type="rectangle" x="481" y="244" width="45" height="17"/>
    </entry>
    <entry id="54" name="hsa:109 hsa:115" type="gene"
        link="http://www.genome.jp/dbget-bin/www_bget?hsa+109+115">
        <graphics name="ADCY3..." fgcolor="#000000" bgcolor="#BFFFBF"
             type="rectangle" x="745" y="286" width="45" height="17"/>
    </entry>
    <entry id="55" name="cpd:C00698" type="compound"
        link="http://www.genome.jp/dbget-bin/www_bget?compound+C00698">
        <graphics name="C00698" fgcolor="#000000" bgcolor="#FFFFFF"
             type="circle" x="496" y="152" width="8" height="8"/>
    </entry>
    <entry id="56" name="hsa:10945 hsa:11014 hsa:11015" type="gene"
        link="http://www.genome.jp/dbget-bin/www_bget?hsa+10945+11014+11015">
        <graphics name="KDELR1..." fgcolor="#000000" bgcolor="#BFFFBF"
             type="rectangle" x="381" y="244" width="45" height="17"/>
    </entry>
    <entry id="57" name="path:hsa05110" type="map"
        link="http://www.genome.jp/dbget-bin/get_linkdb?pathway+hsa05110">
        <graphics name="TITLE:Vibrio cholerae infection" fgcolor="#000000" bgcolor="#FFFFFF"
             type="roundrectangle" x="168" y="40" width="240" height="25"/>
    </entry>
    <entry id="58" name="undefined" type="group">
        <graphics fgcolor="#000000" bgcolor="#FFFFFF"
             type="rectangle" x="150" y="315" width="65" height="54"/>
        <component id="35"/>
        <component id="37"/>
    </entry>
    <relation entry1="32" entry2="12" type="PCrel"/>
    <relation entry1="44" entry2="13" type="PCrel"/>
    <relation entry1="46" entry2="14" type="PCrel"/>
    <relation entry1="46" entry2="15" type="PCrel"/>
    <relation entry1="46" entry2="16" type="PCrel"/>
    <relation entry1="36" entry2="17" type="PCrel"/>
    <relation entry1="46" entry2="48" type="PPrel">
        <subtype name="compound" value="41"/>
    </relation>
    <relation entry1="44" entry2="48" type="PPrel">
        <subtype name="compound" value="41"/>
    </relation>
    <relation entry1="48" entry2="54" type="PPrel">
        <subtype name="compound" value="41"/>
    </relation>
    <relation entry1="44" entry2="46" type="PPrel">
        <subtype name="compound" value="41"/>
    </relation>
    <relation entry1="46" entry2="54" type="PPrel">
        <subtype name="compound" value="41"/>
    </relation>
    <relation entry1="44" entry2="54" type="PPrel">
        <subtype name="compound" value="41"/>
    </relation>
    <relation entry1="45" entry2="47" type="PPrel">
        <subtype name="compound" value="27"/>
    </relation>
    <relation entry1="45" entry2="47" type="PPrel">
        <subtype name="compound" value="29"/>
    </relation>
    <relation entry1="34" entry2="52" type="PPrel">
        <subtype name="activation" value="-->"/>
    </relation>
    <relation entry1="43" entry2="54" type="PPrel">
        <subtype name="activation" value="-->"/>
    </relation>
    <relation entry1="48" entry2="36" type="PPrel">
        <subtype name="activation" value="-->"/>
        <subtype name="phosphorylation" value="+p"/>
    </relation>
    <relation entry1="45" entry2="51" type="PPrel">
        <subtype name="activation" value="-->"/>
        <subtype name="phosphorylation" value="+p"/>
    </relation>
</pathway>
