<?xml version="1.0"?>
<!DOCTYPE pathway SYSTEM "http://www.genome.jp/kegg/xml/KGML_v0.6.1_.dtd">
<!-- Creation date: Oct 21 2008 17:13:26 +0900 (JST) -->
<pathway name="path:hsa00272" org="hsa" number="00272"
         title="Cysteine metabolism"
         image="http://www.genome.jp/kegg/pathway/hsa/hsa00272.gif"
         link="http://www.genome.jp/dbget-bin/show_pathway?hsa00272">
    <entry id="1" name="cpd:C01005" type="compound"
        link="http://www.genome.jp/dbget-bin/www_bget?compound+C01005">
        <graphics name="C01005" fgcolor="#000000" bgcolor="#FFFFFF"
             type="circle" x="618" y="269" width="8" height="8"/>
    </entry>
    <entry id="2" name="undefined:" type="undefined">
        <graphics name="2.5.1.65" fgcolor="#000000" bgcolor="#FFFFFF"
             type="rectangle" x="535" y="206" width="46" height="17"/>
    </entry>
    <entry id="3" name="undefined:" type="undefined">
        <graphics name="2.5.1.65" fgcolor="#000000" bgcolor="#FFFFFF"
             type="rectangle" x="618" y="299" width="46" height="17"/>
    </entry>
    <entry id="4" name="undefined:" type="undefined">
        <graphics name="4.4.1.8" fgcolor="#000000" bgcolor="#FFFFFF"
             type="rectangle" x="112" y="230" width="46" height="17"/>
    </entry>
    <entry id="5" name="path:hsa00770" type="map"
        link="http://www.genome.jp/kegg/pathway/hsa/hsa00770.html">
        <graphics name="Pantothenate and CoA biosynthesis" fgcolor="#000000" bgcolor="#FFFFFF"
             type="roundrectangle" x="350" y="217" width="104" height="34"/>
    </entry>
    <entry id="6" name="hsa:10993" type="gene" reaction="rn:R00590"
        link="http://www.genome.jp/dbget-bin/www_bget?hsa+10993">
        <graphics name="SDS" fgcolor="#000000" bgcolor="#BFFFBF"
             type="rectangle" x="618" y="57" width="45" height="17"/>
    </entry>
    <entry id="8" name="hsa:2805 hsa:2806" type="gene" reaction="rn:R02433"
        link="http://www.genome.jp/dbget-bin/www_bget?hsa+2805+2806">
        <graphics name="GOT1..." fgcolor="#000000" bgcolor="#BFFFBF"
             type="rectangle" x="697" y="395" width="45" height="17"/>
    </entry>
    <entry id="9" name="undefined:" type="undefined">
        <graphics name="4.4.1.15" fgcolor="#000000" bgcolor="#FFFFFF"
             type="rectangle" x="296" y="467" width="45" height="17"/>
    </entry>
    <entry id="10" name="undefined:" type="undefined">
        <graphics name="5.1.1.10" fgcolor="#000000" bgcolor="#FFFFFF"
             type="rectangle" x="350" y="410" width="45" height="17"/>
    </entry>
    <entry id="11" name="undefined:" type="undefined">
        <graphics name="4.4.1.10" fgcolor="#000000" bgcolor="#FFFFFF"
             type="rectangle" x="650" y="365" width="45" height="17"/>
    </entry>
    <entry id="12" name="hsa:79587 hsa:833" type="gene" reaction="rn:R03650"
        link="http://www.genome.jp/dbget-bin/www_bget?hsa+79587+833">
        <graphics name="CARS2..." fgcolor="#000000" bgcolor="#BFFFBF"
             type="rectangle" x="575" y="395" width="45" height="17"/>
    </entry>
    <entry id="13" name="hsa:1491" type="gene" reaction="rn:R00782"
        link="http://www.genome.jp/dbget-bin/www_bget?hsa+1491">
        <graphics name="CTH" fgcolor="#000000" bgcolor="#BFFFBF"
             type="rectangle" x="258" y="410" width="45" height="17"/>
    </entry>
    <entry id="14" name="undefined:" type="undefined">
        <graphics name="1.8.1.6" fgcolor="#000000" bgcolor="#FFFFFF"
             type="rectangle" x="206" y="304" width="45" height="17"/>
    </entry>
    <entry id="15" name="undefined:" type="undefined">
        <graphics name="2.6.1.3" fgcolor="#000000" bgcolor="#FFFFFF"
             type="rectangle" x="172" y="447" width="45" height="17"/>
    </entry>
    <entry id="16" name="undefined:" type="undefined">
        <graphics name="4.4.1.8" fgcolor="#000000" bgcolor="#FFFFFF"
             type="rectangle" x="209" y="410" width="46" height="17"/>
    </entry>
    <entry id="17" name="hsa:4357" type="gene" reaction="rn:R03105"
        link="http://www.genome.jp/dbget-bin/www_bget?hsa+4357">
        <graphics name="MPST" fgcolor="#000000" bgcolor="#BFFFBF"
             type="rectangle" x="198" y="540" width="45" height="17"/>
    </entry>
    <entry id="18" name="path:hsa00430" type="map"
        link="http://www.genome.jp/kegg/pathway/hsa/hsa00430.html">
        <graphics name="Taurine and hypotaurine metabolism" fgcolor="#000000" bgcolor="#FFFFFF"
             type="roundrectangle" x="651" y="537" width="136" height="34"/>
    </entry>
    <entry id="19" name="undefined:" type="undefined">
        <graphics name="4.1.1.12" fgcolor="#000000" bgcolor="#FFFFFF"
             type="rectangle" x="370" y="581" width="46" height="17"/>
    </entry>
    <entry id="20" name="hsa:2805 hsa:2806" type="gene" reaction="rn:R02619"
        link="http://www.genome.jp/dbget-bin/www_bget?hsa+2805+2806">
        <graphics name="GOT1..." fgcolor="#000000" bgcolor="#BFFFBF"
             type="rectangle" x="369" y="524" width="46" height="17"/>
    </entry>
    <entry id="21" name="undefined:" type="undefined">
        <graphics name="1.4.1.-" fgcolor="#000000" bgcolor="#FFFFFF"
             type="rectangle" x="369" y="555" width="45" height="17"/>
    </entry>
    <entry id="22" name="undefined:" type="undefined">
        <graphics name="1.8.4.3" fgcolor="#000000" bgcolor="#FFFFFF"
             type="rectangle" x="283" y="278" width="46" height="17"/>
    </entry>
    <entry id="23" name="undefined:" type="undefined">
        <graphics name="1.8.4.3" fgcolor="#000000" bgcolor="#FFFFFF"
             type="rectangle" x="207" y="177" width="45" height="17"/>
    </entry>
    <entry id="24" name="hsa:1036" type="gene" reaction="rn:R00893"
        link="http://www.genome.jp/dbget-bin/www_bget?hsa+1036">
        <graphics name="CDO1" fgcolor="#000000" bgcolor="#BFFFBF"
             type="rectangle" x="444" y="449" width="45" height="17"/>
    </entry>
    <entry id="25" name="undefined:" type="undefined">
        <graphics name="2.5.1.47" fgcolor="#000000" bgcolor="#FFFFFF"
             type="rectangle" x="593" y="229" width="45" height="17"/>
    </entry>
    <entry id="26" name="undefined:" type="undefined">
        <graphics name="2.5.1.49" fgcolor="#000000" bgcolor="#FFFFFF"
             type="rectangle" x="544" y="229" width="46" height="17"/>
    </entry>
    <entry id="27" name="undefined:" type="undefined">
        <graphics name="2.5.1.47" fgcolor="#000000" bgcolor="#FFFFFF"
             type="rectangle" x="485" y="206" width="46" height="17"/>
    </entry>
    <entry id="28" name="undefined:" type="undefined">
        <graphics name="2.5.1.47" fgcolor="#000000" bgcolor="#FFFFFF"
             type="rectangle" x="389" y="141" width="45" height="17"/>
    </entry>
    <entry id="29" name="undefined:" type="undefined">
        <graphics name="2.5.1.48" fgcolor="#000000" bgcolor="#FFFFFF"
             type="rectangle" x="389" y="120" width="45" height="17"/>
    </entry>
    <entry id="30" name="path:hsa00260" type="map"
        link="http://www.genome.jp/kegg/pathway/hsa/hsa00260.html">
        <graphics name="Glycine, serine and threonine metabolism" fgcolor="#000000" bgcolor="#FFFFFF"
             type="roundrectangle" x="358" y="179" width="122" height="34"/>
    </entry>
    <entry id="31" name="undefined:" type="undefined">
        <graphics name="2.3.1.30" fgcolor="#000000" bgcolor="#FFFFFF"
             type="rectangle" x="510" y="94" width="45" height="17"/>
    </entry>
    <entry id="32" name="path:hsa00272" type="map"
        link="http://www.genome.jp/dbget-bin/get_linkdb?pathway+hsa00272">
        <graphics name="TITLE:Cysteine metabolism" fgcolor="#000000" bgcolor="#FFFFFF"
             type="roundrectangle" x="153" y="55" width="200" height="27"/>
    </entry>
    <entry id="33" name="path:hsa00271" type="map"
        link="http://www.genome.jp/kegg/pathway/hsa/hsa00271.html">
        <graphics name="Methionine metabolism" fgcolor="#000000" bgcolor="#FFFFFF"
             type="roundrectangle" x="649" y="476" width="133" height="25"/>
    </entry>
    <entry id="34" name="path:hsa00480" type="map"
        link="http://www.genome.jp/kegg/pathway/hsa/hsa00480.html">
        <graphics name="Glutathione metabolism" fgcolor="#000000" bgcolor="#FFFFFF"
             type="roundrectangle" x="649" y="504" width="133" height="25"/>
    </entry>
    <entry id="35" name="undefined:" type="undefined">
        <graphics name="1.8.1.10" fgcolor="#000000" bgcolor="#FFFFFF"
             type="rectangle" x="391" y="302" width="46" height="17"/>
    </entry>
    <entry id="36" name="hsa:2805 hsa:2806" type="gene" reaction="rn:R00896"
        link="http://www.genome.jp/dbget-bin/www_bget?hsa+2805+2806">
        <graphics name="GOT1..." fgcolor="#000000" bgcolor="#BFFFBF"
             type="rectangle" x="123" y="447" width="45" height="17"/>
    </entry>
    <entry id="37" name="hsa:160287 hsa:3939 hsa:3945 hsa:3948 hsa:92483" type="gene" reaction="rn:R03104"
        link="http://www.genome.jp/dbget-bin/www_bget?hsa+160287+3939+3945+3948+92483">
        <graphics name="LDHAL6A..." fgcolor="#000000" bgcolor="#BFFFBF"
             type="rectangle" x="109" y="540" width="46" height="17"/>
    </entry>
    <entry id="38" name="hsa:1491" type="gene" reaction="rn:R02408"
        link="http://www.genome.jp/dbget-bin/www_bget?hsa+1491">
        <graphics name="CTH" fgcolor="#000000" bgcolor="#BFFFBF"
             type="rectangle" x="161" y="230" width="45" height="17"/>
    </entry>
    <entry id="39" name="undefined:" type="undefined">
        <graphics name="1.8.4.4" fgcolor="#000000" bgcolor="#FFFFFF"
             type="rectangle" x="107" y="304" width="45" height="17"/>
    </entry>
    <entry id="40" name="cpd:C00097" type="compound"
        link="http://www.genome.jp/dbget-bin/www_bget?compound+C00097">
        <graphics name="C00097" fgcolor="#000000" bgcolor="#FFFFFF"
             type="circle" x="176" y="147" width="8" height="8"/>
    </entry>
    <entry id="41" name="cpd:C00320" type="compound"
        link="http://www.genome.jp/dbget-bin/www_bget?compound+C00320">
        <graphics name="C00320" fgcolor="#000000" bgcolor="#FFFFFF"
             type="circle" x="434" y="105" width="8" height="8"/>
    </entry>
    <entry id="42" name="cpd:C00065" type="compound"
        link="http://www.genome.jp/dbget-bin/www_bget?compound+C00065">
        <graphics name="C00065" fgcolor="#000000" bgcolor="#FFFFFF"
             type="circle" x="510" y="57" width="8" height="8"/>
    </entry>
    <entry id="43" name="cpd:C02218" type="compound"
        link="http://www.genome.jp/dbget-bin/www_bget?compound+C02218">
        <graphics name="C02218" fgcolor="#000000" bgcolor="#FFFFFF"
             type="circle" x="697" y="57" width="8" height="8"/>
    </entry>
    <entry id="44" name="cpd:C00506" type="compound"
        link="http://www.genome.jp/dbget-bin/www_bget?compound+C00506">
        <graphics name="C00506" fgcolor="#000000" bgcolor="#FFFFFF"
             type="circle" x="697" y="365" width="8" height="8"/>
    </entry>
    <entry id="45" name="cpd:C05528" type="compound"
        link="http://www.genome.jp/dbget-bin/www_bget?compound+C05528">
        <graphics name="C05528" fgcolor="#000000" bgcolor="#FFFFFF"
             type="circle" x="697" y="425" width="8" height="8"/>
    </entry>
    <entry id="46" name="cpd:C00283" type="compound"
        link="http://www.genome.jp/dbget-bin/www_bget?compound+C00283">
        <graphics name="C00283" fgcolor="#000000" bgcolor="#FFFFFF"
             type="circle" x="254" y="439" width="8" height="8"/>
    </entry>
    <entry id="47" name="cpd:C00793" type="compound"
        link="http://www.genome.jp/dbget-bin/www_bget?compound+C00793">
        <graphics name="C00793" fgcolor="#000000" bgcolor="#FFFFFF"
             type="circle" x="350" y="467" width="8" height="8"/>
    </entry>
    <entry id="48" name="cpd:C03125" type="compound"
        link="http://www.genome.jp/dbget-bin/www_bget?compound+C03125">
        <graphics name="C03125" fgcolor="#000000" bgcolor="#FFFFFF"
             type="circle" x="575" y="425" width="8" height="8"/>
    </entry>
    <entry id="49" name="cpd:C00097" type="compound"
        link="http://www.genome.jp/dbget-bin/www_bget?compound+C00097">
        <graphics name="C00097" fgcolor="#000000" bgcolor="#FFFFFF"
             type="circle" x="443" y="354" width="8" height="8"/>
    </entry>
    <entry id="50" name="cpd:C00979" type="compound"
        link="http://www.genome.jp/dbget-bin/www_bget?compound+C00979">
        <graphics name="C00979" fgcolor="#000000" bgcolor="#FFFFFF"
             type="circle" x="510" y="131" width="8" height="8"/>
    </entry>
    <entry id="51" name="cpd:C00283" type="compound"
        link="http://www.genome.jp/dbget-bin/www_bget?compound+C00283">
        <graphics name="C00283" fgcolor="#000000" bgcolor="#FFFFFF"
             type="circle" x="487" y="182" width="8" height="8"/>
    </entry>
    <entry id="52" name="cpd:C00606" type="compound"
        link="http://www.genome.jp/dbget-bin/www_bget?compound+C00606">
        <graphics name="C00606" fgcolor="#000000" bgcolor="#FFFFFF"
             type="circle" x="444" y="540" width="8" height="8"/>
    </entry>
    <entry id="53" name="cpd:C00041" type="compound"
        link="http://www.genome.jp/dbget-bin/www_bget?compound+C00041">
        <graphics name="C00041" fgcolor="#000000" bgcolor="#FFFFFF"
             type="circle" x="330" y="609" width="8" height="8"/>
    </entry>
    <entry id="54" name="cpd:C09306" type="compound"
        link="http://www.genome.jp/dbget-bin/www_bget?compound+C09306">
        <graphics name="C09306" fgcolor="#000000" bgcolor="#FFFFFF"
             type="circle" x="307" y="581" width="8" height="8"/>
    </entry>
    <entry id="55" name="cpd:C05527" type="compound"
        link="http://www.genome.jp/dbget-bin/www_bget?compound+C05527">
        <graphics name="C05527" fgcolor="#000000" bgcolor="#FFFFFF"
             type="circle" x="307" y="540" width="8" height="8"/>
    </entry>
    <entry id="56" name="cpd:C00022" type="compound"
        link="http://www.genome.jp/dbget-bin/www_bget?compound+C00022">
        <graphics name="C00022" fgcolor="#000000" bgcolor="#FFFFFF"
             type="circle" x="237" y="540" width="8" height="8"/>
    </entry>
    <entry id="57" name="cpd:C00491" type="compound"
        link="http://www.genome.jp/dbget-bin/www_bget?compound+C00491">
        <graphics name="C00491" fgcolor="#000000" bgcolor="#FFFFFF"
             type="circle" x="206" y="256" width="8" height="8"/>
    </entry>
    <entry id="58" name="cpd:C00059" type="compound"
        link="http://www.genome.jp/dbget-bin/www_bget?compound+C00059">
        <graphics name="C00059" fgcolor="#000000" bgcolor="#FFFFFF"
             type="circle" x="237" y="204" width="8" height="8"/>
    </entry>
    <entry id="59" name="cpd:C00059" type="compound"
        link="http://www.genome.jp/dbget-bin/www_bget?compound+C00059">
        <graphics name="C00059" fgcolor="#000000" bgcolor="#FFFFFF"
             type="circle" x="255" y="302" width="8" height="8"/>
    </entry>
    <entry id="60" name="cpd:C05526" type="compound"
        link="http://www.genome.jp/dbget-bin/www_bget?compound+C05526">
        <graphics name="C05526" fgcolor="#000000" bgcolor="#FFFFFF"
             type="circle" x="341" y="302" width="8" height="8"/>
    </entry>
    <entry id="61" name="cpd:C00051" type="compound"
        link="http://www.genome.jp/dbget-bin/www_bget?compound+C00051">
        <graphics name="C00051" fgcolor="#000000" bgcolor="#FFFFFF"
             type="circle" x="340" y="253" width="8" height="8"/>
    </entry>
    <entry id="62" name="cpd:C01962" type="compound"
        link="http://www.genome.jp/dbget-bin/www_bget?compound+C01962">
        <graphics name="C01962" fgcolor="#000000" bgcolor="#FFFFFF"
             type="circle" x="137" y="194" width="8" height="8"/>
    </entry>
    <entry id="63" name="cpd:C00957" type="compound"
        link="http://www.genome.jp/dbget-bin/www_bget?compound+C00957">
        <graphics name="C00957" fgcolor="#000000" bgcolor="#FFFFFF"
             type="circle" x="148" y="540" width="8" height="8"/>
    </entry>
    <entry id="64" name="cpd:C05824" type="compound"
        link="http://www.genome.jp/dbget-bin/www_bget?compound+C05824">
        <graphics name="C05824" fgcolor="#000000" bgcolor="#FFFFFF"
             type="circle" x="282" y="131" width="8" height="8"/>
    </entry>
    <entry id="65" name="cpd:C05823" type="compound"
        link="http://www.genome.jp/dbget-bin/www_bget?compound+C05823">
        <graphics name="C05823" fgcolor="#000000" bgcolor="#FFFFFF"
             type="circle" x="60" y="540" width="8" height="8"/>
    </entry>
    <entry id="66" name="hsa:79017" type="gene" map="34"
        link="http://www.genome.jp/dbget-bin/show_pathway?hsa00480+hsa:79017"/>
    <entry id="67" name="hsa:79017" type="gene" map="34"
        link="http://www.genome.jp/dbget-bin/show_pathway?hsa00480+hsa:79017"/>
    <entry id="68" name="hsa:79017" type="gene" map="34"
        link="http://www.genome.jp/dbget-bin/show_pathway?hsa00480+hsa:79017"/>
    <entry id="69" name="hsa:2571 hsa:2572" type="gene" map="18"
        link="http://www.genome.jp/dbget-bin/show_pathway?hsa00430+hsa:2571+hsa:2572"/>
    <entry id="70" name="hsa:51380" type="gene" map="18"
        link="http://www.genome.jp/dbget-bin/show_pathway?hsa00430+hsa:51380"/>
    <entry id="71" name="hsa:875" type="gene" map="30"
        link="http://www.genome.jp/dbget-bin/show_pathway?hsa00260+hsa:875"/>
    <entry id="72" name="hsa:79717" type="gene" map="5"
        link="http://www.genome.jp/dbget-bin/show_pathway?hsa00770+hsa:79717"/>
    <relation entry1="17" entry2="37" type="ECrel">
        <subtype name="compound" value="63"/>
    </relation>
    <relation entry1="36" entry2="37" type="ECrel">
        <subtype name="compound" value="63"/>
    </relation>
    <relation entry1="17" entry2="36" type="ECrel">
        <subtype name="compound" value="63"/>
    </relation>
    <relation entry1="13" entry2="17" type="ECrel">
        <subtype name="compound" value="56"/>
    </relation>
    <relation entry1="20" entry2="24" type="ECrel">
        <subtype name="compound" value="52"/>
    </relation>
    <relation entry1="13" entry2="36" type="ECrel">
        <subtype name="compound" value="49"/>
    </relation>
    <relation entry1="24" entry2="36" type="ECrel">
        <subtype name="compound" value="49"/>
    </relation>
    <relation entry1="12" entry2="36" type="ECrel">
        <subtype name="compound" value="49"/>
    </relation>
    <relation entry1="13" entry2="24" type="ECrel">
        <subtype name="compound" value="49"/>
    </relation>
    <relation entry1="12" entry2="13" type="ECrel">
        <subtype name="compound" value="49"/>
    </relation>
    <relation entry1="12" entry2="24" type="ECrel">
        <subtype name="compound" value="49"/>
    </relation>
    <relation entry1="8" entry2="18" type="maplink">
        <subtype name="compound" value="44"/>
    </relation>
    <relation entry1="20" entry2="18" type="maplink">
        <subtype name="compound" value="52"/>
    </relation>
    <relation entry1="24" entry2="18" type="maplink">
        <subtype name="compound" value="52"/>
    </relation>
    <relation entry1="36" entry2="30" type="maplink">
        <subtype name="compound" value="49"/>
    </relation>
    <relation entry1="36" entry2="5" type="maplink">
        <subtype name="compound" value="49"/>
    </relation>
    <relation entry1="36" entry2="33" type="maplink">
        <subtype name="compound" value="49"/>
    </relation>
    <relation entry1="36" entry2="34" type="maplink">
        <subtype name="compound" value="49"/>
    </relation>
    <relation entry1="13" entry2="30" type="maplink">
        <subtype name="compound" value="49"/>
    </relation>
    <relation entry1="13" entry2="5" type="maplink">
        <subtype name="compound" value="49"/>
    </relation>
    <relation entry1="13" entry2="33" type="maplink">
        <subtype name="compound" value="49"/>
    </relation>
    <relation entry1="13" entry2="34" type="maplink">
        <subtype name="compound" value="49"/>
    </relation>
    <relation entry1="24" entry2="30" type="maplink">
        <subtype name="compound" value="49"/>
    </relation>
    <relation entry1="24" entry2="5" type="maplink">
        <subtype name="compound" value="49"/>
    </relation>
    <relation entry1="24" entry2="33" type="maplink">
        <subtype name="compound" value="49"/>
    </relation>
    <relation entry1="24" entry2="34" type="maplink">
        <subtype name="compound" value="49"/>
    </relation>
    <relation entry1="12" entry2="30" type="maplink">
        <subtype name="compound" value="49"/>
    </relation>
    <relation entry1="12" entry2="5" type="maplink">
        <subtype name="compound" value="49"/>
    </relation>
    <relation entry1="12" entry2="33" type="maplink">
        <subtype name="compound" value="49"/>
    </relation>
    <relation entry1="12" entry2="34" type="maplink">
        <subtype name="compound" value="49"/>
    </relation>
    <reaction name="rn:R00590" type="irreversible">
        <substrate name="cpd:C00065"/>
        <product name="cpd:C02218"/>
    </reaction>
    <reaction name="rn:R02433" type="reversible">
        <substrate name="cpd:C00506"/>
        <product name="cpd:C05528"/>
    </reaction>
    <reaction name="rn:R03650" type="irreversible">
        <substrate name="cpd:C00097"/>
        <product name="cpd:C03125"/>
    </reaction>
    <reaction name="rn:R00782" type="irreversible">
        <substrate name="cpd:C00022"/>
        <product name="cpd:C00097"/>
    </reaction>
    <reaction name="rn:R03105" type="irreversible">
        <substrate name="cpd:C00022"/>
        <product name="cpd:C00957"/>
    </reaction>
    <reaction name="rn:R02619" type="irreversible">
        <substrate name="cpd:C00606"/>
        <product name="cpd:C05527"/>
    </reaction>
    <reaction name="rn:R00893" type="irreversible">
        <substrate name="cpd:C00097"/>
        <product name="cpd:C00606"/>
    </reaction>
    <reaction name="rn:R00896" type="irreversible">
        <substrate name="cpd:C00957"/>
        <product name="cpd:C00097"/>
    </reaction>
    <reaction name="rn:R03104" type="irreversible">
        <substrate name="cpd:C00957"/>
        <product name="cpd:C05823"/>
    </reaction>
    <reaction name="rn:R02408" type="irreversible">
        <substrate name="cpd:C00491"/>
        <product name="cpd:C01962"/>
    </reaction>
</pathway>
