<?xml version="1.0"?>
<!DOCTYPE pathway SYSTEM "http://www.genome.jp/kegg/xml/KGML_v0.6.1_.dtd">
<!-- Creation date: Feb 05 2009 02:05:33 +0900 (JST) -->
<pathway name="path:hsa00330" org="hsa" number="00330"
         title="Arginine and proline metabolism"
         image="http://www.genome.jp/kegg/pathway/hsa/hsa00330.gif"
         link="http://www.genome.jp/dbget-bin/show_pathway?hsa00330">
    <entry id="1" name="ko:K06447" type="ortholog">
        <graphics name="K06447" fgcolor="#000000" bgcolor="#FFFFFF"
             type="rectangle" x="198" y="143" width="46" height="17"/>
    </entry>
    <entry id="2" name="ko:K00840" type="ortholog">
        <graphics name="K00840" fgcolor="#000000" bgcolor="#FFFFFF"
             type="rectangle" x="340" y="143" width="46" height="17"/>
    </entry>
    <entry id="3" name="path:hsa00330" type="map"
        link="http://www.genome.jp/dbget-bin/get_linkdb?pathway+hsa00330">
        <graphics name="TITLE:Arginine and proline metabolism" fgcolor="#000000" bgcolor="#FFFFFF"
             type="roundrectangle" x="203" y="67" width="287" height="25"/>
    </entry>
    <entry id="4" name="path:map01150" type="map">
        <graphics fgcolor="#000000" bgcolor="#FFFFFF"
             type="roundrectangle" x="189" y="265" width="75" height="34"/>
    </entry>
    <entry id="5" name="path:hsa00020" type="map"
        link="http://www.genome.jp/kegg/pathway/hsa/hsa00020.html">
        <graphics name="Citrate cycle (TCA cycle)" fgcolor="#000000" bgcolor="#FFFFFF"
             type="roundrectangle" x="510" y="176" width="76" height="25"/>
    </entry>
    <entry id="6" name="path:hsa00220" type="map"
        link="http://www.genome.jp/kegg/pathway/hsa/hsa00220.html">
        <graphics name="Urea cycle and metabolism of amino groups" fgcolor="#000000" bgcolor="#FFFFFF"
             type="roundrectangle" x="402" y="271" width="68" height="25"/>
    </entry>
    <entry id="7" name="hsa:2746 hsa:2747" type="gene" reaction="rn:R00243 rn:R00248"
        link="http://www.genome.jp/dbget-bin/www_bget?hsa+2746+2747">
        <graphics name="GLUD1..." fgcolor="#000000" bgcolor="#BFFFBF"
             type="rectangle" x="226" y="424" width="46" height="17"/>
    </entry>
    <entry id="8" name="hsa:435" type="gene" reaction="rn:R01086"
        link="http://www.genome.jp/dbget-bin/www_bget?hsa+435">
        <graphics name="ASL" fgcolor="#000000" bgcolor="#BFFFBF"
             type="rectangle" x="478" y="211" width="46" height="17"/>
    </entry>
    <entry id="9" name="ko:K01470" type="ortholog">
        <graphics name="K01470" fgcolor="#000000" bgcolor="#FFFFFF"
             type="rectangle" x="588" y="644" width="46" height="17"/>
    </entry>
    <entry id="10" name="hsa:1152 hsa:1158 hsa:1159 hsa:1160 hsa:548596" type="gene" reaction="rn:R01881"
        link="http://www.genome.jp/dbget-bin/www_bget?hsa+1152+1158+1159+1160+548596">
        <graphics name="CKB..." fgcolor="#000000" bgcolor="#BFFFBF"
             type="rectangle" x="649" y="608" width="46" height="17"/>
    </entry>
    <entry id="11" name="hsa:2593" type="gene" reaction="rn:R01883"
        link="http://www.genome.jp/dbget-bin/www_bget?hsa+2593">
        <graphics name="GAMT" fgcolor="#000000" bgcolor="#BFFFBF"
             type="rectangle" x="649" y="509" width="46" height="17"/>
    </entry>
    <entry id="13" name="ko:K05526" type="ortholog">
        <graphics name="K05526" fgcolor="#000000" bgcolor="#FFFFFF"
             type="rectangle" x="130" y="347" width="46" height="17"/>
    </entry>
    <entry id="14" name="ko:K01484" type="ortholog">
        <graphics name="K01484" fgcolor="#000000" bgcolor="#FFFFFF"
             type="rectangle" x="500" y="143" width="46" height="17"/>
    </entry>
    <entry id="15" name="ko:K00673" type="ortholog">
        <graphics name="K00673" fgcolor="#000000" bgcolor="#FFFFFF"
             type="rectangle" x="577" y="193" width="46" height="17"/>
    </entry>
    <entry id="16" name="hsa:2628" type="gene" reaction="rn:R00565"
        link="http://www.genome.jp/dbget-bin/www_bget?hsa+2628">
        <graphics name="GATM" fgcolor="#000000" bgcolor="#BFFFBF"
             type="rectangle" x="649" y="407" width="46" height="17"/>
    </entry>
    <entry id="17" name="ko:K00926" type="ortholog">
        <graphics name="K00926" fgcolor="#000000" bgcolor="#FFFFFF"
             type="rectangle" x="301" y="347" width="46" height="17"/>
    </entry>
    <entry id="18" name="hsa:1373" type="gene" reaction="rn:R00149"
        link="http://www.genome.jp/dbget-bin/www_bget?hsa+1373">
        <graphics name="CPS1" fgcolor="#000000" bgcolor="#BFFFBF"
             type="rectangle" x="226" y="347" width="46" height="17"/>
    </entry>
    <entry id="19" name="hsa:445" type="gene" reaction="rn:R01954"
        link="http://www.genome.jp/dbget-bin/www_bget?hsa+445">
        <graphics name="ASS1" fgcolor="#000000" bgcolor="#BFFFBF"
             type="rectangle" x="361" y="185" width="46" height="17"/>
    </entry>
    <entry id="20" name="hsa:5009" type="gene" reaction="rn:R01398"
        link="http://www.genome.jp/dbget-bin/www_bget?hsa+5009">
        <graphics name="OTC" fgcolor="#000000" bgcolor="#BFFFBF"
             type="rectangle" x="327" y="285" width="46" height="17"/>
    </entry>
    <entry id="21" name="ko:K01650" type="ortholog">
        <graphics name="K01650" fgcolor="#000000" bgcolor="#FFFFFF"
             type="rectangle" x="177" y="830" width="46" height="17"/>
    </entry>
    <entry id="23" name="hsa:8659" type="gene" reaction="rn:R05051"
        link="http://www.genome.jp/dbget-bin/www_bget?hsa+8659">
        <graphics name="ALDH4A1" fgcolor="#000000" bgcolor="#BFFFBF"
             type="rectangle" x="358" y="853" width="46" height="17"/>
    </entry>
    <entry id="24" name="hsa:8659" type="gene" reaction="rn:R04444 rn:R04445"
        link="http://www.genome.jp/dbget-bin/www_bget?hsa+8659">
        <graphics name="ALDH4A1" fgcolor="#000000" bgcolor="#BFFFBF"
             type="rectangle" x="358" y="811" width="46" height="17"/>
    </entry>
    <entry id="25" name="hsa:8659" type="gene" reaction="rn:R00245"
        link="http://www.genome.jp/dbget-bin/www_bget?hsa+8659">
        <graphics name="ALDH4A1" fgcolor="#000000" bgcolor="#BFFFBF"
             type="rectangle" x="327" y="459" width="46" height="17"/>
    </entry>
    <entry id="26" name="hsa:29920 hsa:5831 hsa:65263" type="gene" reaction="rn:R03291 rn:R03293"
        link="http://www.genome.jp/dbget-bin/www_bget?hsa+29920+5831+65263">
        <graphics name="PYCR2..." fgcolor="#000000" bgcolor="#BFFFBF"
             type="rectangle" x="428" y="761" width="46" height="17"/>
    </entry>
    <entry id="27" name="hsa:58510" type="gene" reaction="rn:R03295"
        link="http://www.genome.jp/dbget-bin/www_bget?hsa+58510">
        <graphics name="PRODH2" fgcolor="#000000" bgcolor="#BFFFBF"
             type="rectangle" x="380" y="761" width="46" height="17"/>
    </entry>
    <entry id="28" name="hsa:283208 hsa:5033 hsa:8974" type="gene" reaction="rn:R01252"
        link="http://www.genome.jp/dbget-bin/www_bget?hsa+283208+5033+8974">
        <graphics name="P4HA3..." fgcolor="#000000" bgcolor="#BFFFBF"
             type="rectangle" x="402" y="665" width="46" height="17"/>
    </entry>
    <entry id="29" name="hsa:2058 hsa:25973" type="gene" reaction="rn:R03661"
        link="http://www.genome.jp/dbget-bin/www_bget?hsa+2058+25973">
        <graphics name="EPRS..." fgcolor="#000000" bgcolor="#BFFFBF"
             type="rectangle" x="327" y="561" width="46" height="17"/>
    </entry>
    <entry id="31" name="hsa:5625" type="gene" reaction="rn:R01253"
        link="http://www.genome.jp/dbget-bin/www_bget?hsa+5625">
        <graphics name="PRODH" fgcolor="#000000" bgcolor="#BFFFBF"
             type="rectangle" x="429" y="539" width="46" height="17"/>
    </entry>
    <entry id="32" name="hsa:29920 hsa:5831 hsa:65263" type="gene" reaction="rn:R01248 rn:R01251"
        link="http://www.genome.jp/dbget-bin/www_bget?hsa+29920+5831+65263">
        <graphics name="PYCR2..." fgcolor="#000000" bgcolor="#BFFFBF"
             type="rectangle" x="381" y="539" width="46" height="17"/>
    </entry>
    <entry id="33" name="ko:K01777" type="ortholog">
        <graphics name="K01777" fgcolor="#000000" bgcolor="#FFFFFF"
             type="rectangle" x="327" y="596" width="46" height="17"/>
    </entry>
    <entry id="35" name="hsa:4942" type="gene" reaction="rn:R00667"
        link="http://www.genome.jp/dbget-bin/www_bget?hsa+4942">
        <graphics name="OAT" fgcolor="#000000" bgcolor="#BFFFBF"
             type="rectangle" x="402" y="407" width="46" height="17"/>
    </entry>
    <entry id="36" name="ko:K01750" type="ortholog">
        <graphics name="K01750" fgcolor="#000000" bgcolor="#FFFFFF"
             type="rectangle" x="512" y="407" width="46" height="17"/>
    </entry>
    <entry id="37" name="ko:K00296" type="ortholog">
        <graphics name="K00296" fgcolor="#000000" bgcolor="#FFFFFF"
             type="rectangle" x="788" y="288" width="46" height="17"/>
    </entry>
    <entry id="38" name="hsa:57038 hsa:5917" type="gene" reaction="rn:R03646"
        link="http://www.genome.jp/dbget-bin/www_bget?hsa+57038+5917">
        <graphics name="RARS2..." fgcolor="#000000" bgcolor="#BFFFBF"
             type="rectangle" x="824" y="263" width="46" height="17"/>
    </entry>
    <entry id="39" name="ko:K00934" type="ortholog">
        <graphics name="K00934" fgcolor="#000000" bgcolor="#FFFFFF"
             type="rectangle" x="686" y="221" width="46" height="17"/>
    </entry>
    <entry id="40" name="hsa:4842 hsa:4843 hsa:4846" type="gene" reaction="rn:R00111"
        link="http://www.genome.jp/dbget-bin/www_bget?hsa+4842+4843+4846">
        <graphics name="NOS1..." fgcolor="#000000" bgcolor="#BFFFBF"
             type="rectangle" x="686" y="143" width="46" height="17"/>
    </entry>
    <entry id="41" name="hsa:4842 hsa:4843 hsa:4846" type="gene" reaction="rn:R00558"
        link="http://www.genome.jp/dbget-bin/www_bget?hsa+4842+4843+4846">
        <graphics name="NOS1..." fgcolor="#000000" bgcolor="#BFFFBF"
             type="rectangle" x="649" y="193" width="46" height="17"/>
    </entry>
    <entry id="42" name="ko:K03365" type="ortholog">
        <graphics name="K03365" fgcolor="#000000" bgcolor="#FFFFFF"
             type="rectangle" x="699" y="717" width="46" height="17"/>
    </entry>
    <entry id="43" name="ko:K08688" type="ortholog">
        <graphics name="K08688" fgcolor="#000000" bgcolor="#FFFFFF"
             type="rectangle" x="698" y="560" width="46" height="17"/>
    </entry>
    <entry id="44" name="ko:K01478" type="ortholog">
        <graphics name="K01478" fgcolor="#000000" bgcolor="#FFFFFF"
             type="rectangle" x="393" y="220" width="46" height="17"/>
    </entry>
    <entry id="45" name="hsa:383 hsa:384" type="gene" reaction="rn:R00551"
        link="http://www.genome.jp/dbget-bin/www_bget?hsa+383+384">
        <graphics name="ARG1..." fgcolor="#000000" bgcolor="#BFFFBF"
             type="rectangle" x="461" y="313" width="46" height="17"/>
    </entry>
    <entry id="46" name="ko:K08687" type="ortholog">
        <graphics name="K08687" fgcolor="#000000" bgcolor="#FFFFFF"
             type="rectangle" x="757" y="608" width="46" height="17"/>
    </entry>
    <entry id="47" name="path:hsa00252" type="map"
        link="http://www.genome.jp/kegg/pathway/hsa/hsa00252.html">
        <graphics name="Alanine and aspartate metabolism" fgcolor="#000000" bgcolor="#FFFFFF"
             type="roundrectangle" x="196" y="201" width="121" height="34"/>
    </entry>
    <entry id="48" name="hsa:8659" type="gene" reaction="rn:R00707 rn:R00708"
        link="http://www.genome.jp/dbget-bin/www_bget?hsa+8659">
        <graphics name="ALDH4A1" fgcolor="#000000" bgcolor="#BFFFBF"
             type="rectangle" x="327" y="509" width="46" height="17"/>
    </entry>
    <entry id="49" name="path:hsa00472" type="map"
        link="http://www.genome.jp/kegg/pathway/hsa/hsa00472.html">
        <graphics name="D-Arginine and D-ornithine metabolism" fgcolor="#000000" bgcolor="#FFFFFF"
             type="roundrectangle" x="575" y="300" width="94" height="34"/>
    </entry>
    <entry id="50" name="hsa:1610" type="gene" reaction="rn:R02894"
        link="http://www.genome.jp/dbget-bin/www_bget?hsa+1610">
        <graphics name="DAO" fgcolor="#000000" bgcolor="#BFFFBF"
             type="rectangle" x="226" y="616" width="46" height="17"/>
    </entry>
    <entry id="51" name="ko:K10793 ko:K10794 ko:K10795 ko:K10796" type="ortholog">
        <graphics name="K10793..." fgcolor="#000000" bgcolor="#FFFFFF"
             type="rectangle" x="177" y="587" width="46" height="17"/>
    </entry>
    <entry id="53" name="hsa:1610" type="gene" reaction="rn:R04221"
        link="http://www.genome.jp/dbget-bin/www_bget?hsa+1610">
        <graphics name="DAO" fgcolor="#000000" bgcolor="#BFFFBF"
             type="rectangle" x="275" y="717" width="46" height="17"/>
    </entry>
    <entry id="55" name="hsa:5625" type="gene" reaction="rn:R05051"
        link="http://www.genome.jp/dbget-bin/www_bget?hsa+5625">
        <graphics name="PRODH" fgcolor="#000000" bgcolor="#BFFFBF"
             type="rectangle" x="358" y="874" width="46" height="17"/>
    </entry>
    <entry id="56" name="hsa:2805 hsa:2806" type="gene" reaction="rn:R05052"
        link="http://www.genome.jp/dbget-bin/www_bget?hsa+2805+2806">
        <graphics name="GOT1..." fgcolor="#000000" bgcolor="#BFFFBF"
             type="rectangle" x="275" y="792" width="46" height="17"/>
    </entry>
    <entry id="57" name="ko:K01625" type="ortholog">
        <graphics name="K01625" fgcolor="#000000" bgcolor="#FFFFFF"
             type="rectangle" x="177" y="811" width="46" height="17"/>
    </entry>
    <entry id="58" name="ko:K01571 ko:K01572 ko:K01573" type="ortholog">
        <graphics name="K01571..." fgcolor="#000000" bgcolor="#FFFFFF"
             type="rectangle" x="177" y="792" width="46" height="17"/>
    </entry>
    <entry id="59" name="ko:K00296" type="ortholog">
        <graphics name="K00296" fgcolor="#000000" bgcolor="#FFFFFF"
             type="rectangle" x="734" y="288" width="46" height="17"/>
    </entry>
    <entry id="60" name="hsa:4842 hsa:4843 hsa:4846" type="gene" reaction="rn:R00557"
        link="http://www.genome.jp/dbget-bin/www_bget?hsa+4842+4843+4846">
        <graphics name="NOS1..." fgcolor="#000000" bgcolor="#BFFFBF"
             type="rectangle" x="393" y="241" width="46" height="17"/>
    </entry>
    <entry id="61" name="ko:K00824" type="ortholog">
        <graphics name="K00824" fgcolor="#000000" bgcolor="#FFFFFF"
             type="rectangle" x="275" y="830" width="46" height="17"/>
    </entry>
    <entry id="64" name="ko:K01472 ko:K01473 ko:K01474" type="ortholog">
        <graphics name="K01472..." fgcolor="#000000" bgcolor="#FFFFFF"
             type="rectangle" x="757" y="686" width="46" height="17"/>
    </entry>
    <entry id="65" name="hsa:51056" type="gene" reaction="rn:R00135"
        link="http://www.genome.jp/dbget-bin/www_bget?hsa+51056">
        <graphics name="LAP3" fgcolor="#000000" bgcolor="#BFFFBF"
             type="rectangle" x="449" y="644" width="46" height="17"/>
    </entry>
    <entry id="66" name="cpd:C05931" type="compound"
        link="http://www.genome.jp/dbget-bin/www_bget?compound+C05931">
        <graphics name="C05931" fgcolor="#000000" bgcolor="#FFFFFF"
             type="circle" x="130" y="143" width="8" height="8"/>
    </entry>
    <entry id="67" name="cpd:C05932" type="compound"
        link="http://www.genome.jp/dbget-bin/www_bget?compound+C05932">
        <graphics name="C05932" fgcolor="#000000" bgcolor="#FFFFFF"
             type="circle" x="260" y="143" width="8" height="8"/>
    </entry>
    <entry id="68" name="cpd:C03415" type="compound"
        link="http://www.genome.jp/dbget-bin/www_bget?compound+C03415">
        <graphics name="C03415" fgcolor="#000000" bgcolor="#FFFFFF"
             type="circle" x="418" y="143" width="8" height="8"/>
    </entry>
    <entry id="69" name="cpd:C03296" type="compound"
        link="http://www.genome.jp/dbget-bin/www_bget?compound+C03296">
        <graphics name="C03296" fgcolor="#000000" bgcolor="#FFFFFF"
             type="circle" x="576" y="143" width="8" height="8"/>
    </entry>
    <entry id="70" name="cpd:C00122" type="compound"
        link="http://www.genome.jp/dbget-bin/www_bget?compound+C00122">
        <graphics name="C00122" fgcolor="#000000" bgcolor="#FFFFFF"
             type="circle" x="510" y="236" width="8" height="8"/>
    </entry>
    <entry id="71" name="cpd:C03406" type="compound"
        link="http://www.genome.jp/dbget-bin/www_bget?compound+C03406">
        <graphics name="C03406" fgcolor="#000000" bgcolor="#FFFFFF"
             type="circle" x="438" y="180" width="8" height="8"/>
    </entry>
    <entry id="72" name="cpd:C00327" type="compound"
        link="http://www.genome.jp/dbget-bin/www_bget?compound+C00327">
        <graphics name="C00327" fgcolor="#000000" bgcolor="#FFFFFF"
             type="circle" x="323" y="231" width="8" height="8"/>
    </entry>
    <entry id="73" name="cpd:C00049" type="compound"
        link="http://www.genome.jp/dbget-bin/www_bget?compound+C00049">
        <graphics name="C00049" fgcolor="#000000" bgcolor="#FFFFFF"
             type="circle" x="297" y="202" width="8" height="8"/>
    </entry>
    <entry id="74" name="cpd:C00077" type="compound"
        link="http://www.genome.jp/dbget-bin/www_bget?compound+C00077">
        <graphics name="C00077" fgcolor="#000000" bgcolor="#FFFFFF"
             type="circle" x="401" y="343" width="8" height="8"/>
    </entry>
    <entry id="75" name="cpd:C00086" type="compound"
        link="http://www.genome.jp/dbget-bin/www_bget?compound+C00086">
        <graphics name="C00086" fgcolor="#000000" bgcolor="#FFFFFF"
             type="circle" x="483" y="335" width="8" height="8"/>
    </entry>
    <entry id="76" name="cpd:C00062" type="compound"
        link="http://www.genome.jp/dbget-bin/www_bget?compound+C00062">
        <graphics name="C00062" fgcolor="#000000" bgcolor="#FFFFFF"
             type="circle" x="488" y="260" width="8" height="8"/>
    </entry>
    <entry id="77" name="cpd:C00169" type="compound"
        link="http://www.genome.jp/dbget-bin/www_bget?compound+C00169">
        <graphics name="C00169" fgcolor="#000000" bgcolor="#FFFFFF"
             type="circle" x="225" y="311" width="8" height="8"/>
    </entry>
    <entry id="78" name="cpd:C00011" type="compound"
        link="http://www.genome.jp/dbget-bin/www_bget?compound+C00011">
        <graphics name="C00011" fgcolor="#000000" bgcolor="#FFFFFF"
             type="circle" x="261" y="370" width="8" height="8"/>
    </entry>
    <entry id="79" name="cpd:C00014" type="compound"
        link="http://www.genome.jp/dbget-bin/www_bget?compound+C00014">
        <graphics name="C00014" fgcolor="#000000" bgcolor="#FFFFFF"
             type="circle" x="225" y="390" width="8" height="8"/>
    </entry>
    <entry id="80" name="cpd:C00025" type="compound"
        link="http://www.genome.jp/dbget-bin/www_bget?compound+C00025">
        <graphics name="C00025" fgcolor="#000000" bgcolor="#FFFFFF"
             type="circle" x="225" y="459" width="8" height="8"/>
    </entry>
    <entry id="81" name="cpd:C01165" type="compound"
        link="http://www.genome.jp/dbget-bin/www_bget?compound+C01165">
        <graphics name="C01165" fgcolor="#000000" bgcolor="#FFFFFF"
             type="circle" x="401" y="459" width="8" height="8"/>
    </entry>
    <entry id="82" name="cpd:C03912" type="compound"
        link="http://www.genome.jp/dbget-bin/www_bget?compound+C03912">
        <graphics name="C03912" fgcolor="#000000" bgcolor="#FFFFFF"
             type="circle" x="401" y="509" width="8" height="8"/>
    </entry>
    <entry id="83" name="cpd:C00148" type="compound"
        link="http://www.genome.jp/dbget-bin/www_bget?compound+C00148">
        <graphics name="C00148" fgcolor="#000000" bgcolor="#FFFFFF"
             type="circle" x="401" y="598" width="8" height="8"/>
    </entry>
    <entry id="84" name="cpd:C02702" type="compound"
        link="http://www.genome.jp/dbget-bin/www_bget?compound+C02702">
        <graphics name="C02702" fgcolor="#000000" bgcolor="#FFFFFF"
             type="circle" x="261" y="562" width="8" height="8"/>
    </entry>
    <entry id="85" name="cpd:C00763" type="compound"
        link="http://www.genome.jp/dbget-bin/www_bget?compound+C00763">
        <graphics name="C00763" fgcolor="#000000" bgcolor="#FFFFFF"
             type="circle" x="225" y="598" width="8" height="8"/>
    </entry>
    <entry id="86" name="cpd:C03564" type="compound"
        link="http://www.genome.jp/dbget-bin/www_bget?compound+C03564">
        <graphics name="C03564" fgcolor="#000000" bgcolor="#FFFFFF"
             type="circle" x="225" y="644" width="8" height="8"/>
    </entry>
    <entry id="87" name="cpd:C05939" type="compound"
        link="http://www.genome.jp/dbget-bin/www_bget?compound+C05939">
        <graphics name="C05939" fgcolor="#000000" bgcolor="#FFFFFF"
             type="circle" x="130" y="562" width="8" height="8"/>
    </entry>
    <entry id="88" name="cpd:C00431" type="compound"
        link="http://www.genome.jp/dbget-bin/www_bget?compound+C00431">
        <graphics name="C00431" fgcolor="#000000" bgcolor="#FFFFFF"
             type="circle" x="130" y="599" width="8" height="8"/>
    </entry>
    <entry id="89" name="cpd:C01110" type="compound"
        link="http://www.genome.jp/dbget-bin/www_bget?compound+C01110">
        <graphics name="C01110" fgcolor="#000000" bgcolor="#FFFFFF"
             type="circle" x="130" y="644" width="8" height="8"/>
    </entry>
    <entry id="90" name="cpd:C05941" type="compound"
        link="http://www.genome.jp/dbget-bin/www_bget?compound+C05941">
        <graphics name="C05941" fgcolor="#000000" bgcolor="#FFFFFF"
             type="circle" x="130" y="688" width="8" height="8"/>
    </entry>
    <entry id="91" name="cpd:C00433" type="compound"
        link="http://www.genome.jp/dbget-bin/www_bget?compound+C00433">
        <graphics name="C00433" fgcolor="#000000" bgcolor="#FFFFFF"
             type="circle" x="130" y="717" width="8" height="8"/>
    </entry>
    <entry id="92" name="cpd:C05942" type="compound"
        link="http://www.genome.jp/dbget-bin/www_bget?compound+C05942">
        <graphics name="C05942" fgcolor="#000000" bgcolor="#FFFFFF"
             type="circle" x="130" y="746" width="8" height="8"/>
    </entry>
    <entry id="93" name="cpd:C04282" type="compound"
        link="http://www.genome.jp/dbget-bin/www_bget?compound+C04282">
        <graphics name="C04282" fgcolor="#000000" bgcolor="#FFFFFF"
             type="circle" x="225" y="717" width="8" height="8"/>
    </entry>
    <entry id="94" name="cpd:C03440" type="compound"
        link="http://www.genome.jp/dbget-bin/www_bget?compound+C03440">
        <graphics name="C03440" fgcolor="#000000" bgcolor="#FFFFFF"
             type="circle" x="314" y="717" width="8" height="8"/>
    </entry>
    <entry id="95" name="cpd:C01157" type="compound"
        link="http://www.genome.jp/dbget-bin/www_bget?compound+C01157">
        <graphics name="C01157" fgcolor="#000000" bgcolor="#FFFFFF"
             type="circle" x="403" y="717" width="8" height="8"/>
    </entry>
    <entry id="96" name="cpd:C01043" type="compound"
        link="http://www.genome.jp/dbget-bin/www_bget?compound+C01043">
        <graphics name="C01043" fgcolor="#000000" bgcolor="#FFFFFF"
             type="circle" x="756" y="644" width="8" height="8"/>
    </entry>
    <entry id="97" name="cpd:C02565" type="compound"
        link="http://www.genome.jp/dbget-bin/www_bget?compound+C02565">
        <graphics name="C02565" fgcolor="#000000" bgcolor="#FFFFFF"
             type="circle" x="757" y="717" width="8" height="8"/>
    </entry>
    <entry id="98" name="cpd:C00213" type="compound"
        link="http://www.genome.jp/dbget-bin/www_bget?compound+C00213">
        <graphics name="C00213" fgcolor="#000000" bgcolor="#FFFFFF"
             type="circle" x="756" y="562" width="8" height="8"/>
    </entry>
    <entry id="99" name="cpd:C00086" type="compound"
        link="http://www.genome.jp/dbget-bin/www_bget?compound+C00086">
        <graphics name="C00086" fgcolor="#000000" bgcolor="#FFFFFF"
             type="circle" x="733" y="526" width="8" height="8"/>
    </entry>
    <entry id="100" name="cpd:C00581" type="compound"
        link="http://www.genome.jp/dbget-bin/www_bget?compound+C00581">
        <graphics name="C00581" fgcolor="#000000" bgcolor="#FFFFFF"
             type="circle" x="648" y="459" width="8" height="8"/>
    </entry>
    <entry id="101" name="cpd:C00300" type="compound"
        link="http://www.genome.jp/dbget-bin/www_bget?compound+C00300">
        <graphics name="C00300" fgcolor="#000000" bgcolor="#FFFFFF"
             type="circle" x="648" y="562" width="8" height="8"/>
    </entry>
    <entry id="102" name="cpd:C00791" type="compound"
        link="http://www.genome.jp/dbget-bin/www_bget?compound+C00791">
        <graphics name="C00791" fgcolor="#000000" bgcolor="#FFFFFF"
             type="circle" x="648" y="717" width="8" height="8"/>
    </entry>
    <entry id="103" name="cpd:C05933" type="compound"
        link="http://www.genome.jp/dbget-bin/www_bget?compound+C05933">
        <graphics name="C05933" fgcolor="#000000" bgcolor="#FFFFFF"
             type="circle" x="648" y="143" width="8" height="8"/>
    </entry>
    <entry id="104" name="cpd:C00533" type="compound"
        link="http://www.genome.jp/dbget-bin/www_bget?compound+C00533">
        <graphics name="C00533" fgcolor="#000000" bgcolor="#FFFFFF"
             type="circle" x="733" y="143" width="8" height="8"/>
    </entry>
    <entry id="105" name="cpd:C05945" type="compound"
        link="http://www.genome.jp/dbget-bin/www_bget?compound+C05945">
        <graphics name="C05945" fgcolor="#000000" bgcolor="#FFFFFF"
             type="circle" x="733" y="221" width="8" height="8"/>
    </entry>
    <entry id="106" name="cpd:C02163" type="compound"
        link="http://www.genome.jp/dbget-bin/www_bget?compound+C02163">
        <graphics name="C02163" fgcolor="#000000" bgcolor="#FFFFFF"
             type="circle" x="874" y="263" width="8" height="8"/>
    </entry>
    <entry id="107" name="cpd:C00017" type="compound"
        link="http://www.genome.jp/dbget-bin/www_bget?compound+C00017">
        <graphics name="C00017" fgcolor="#000000" bgcolor="#FFFFFF"
             type="circle" x="874" y="201" width="8" height="8"/>
    </entry>
    <entry id="108" name="cpd:C01682" type="compound"
        link="http://www.genome.jp/dbget-bin/www_bget?compound+C01682">
        <graphics name="C01682" fgcolor="#000000" bgcolor="#FFFFFF"
             type="circle" x="786" y="322" width="8" height="8"/>
    </entry>
    <entry id="109" name="cpd:C04137" type="compound"
        link="http://www.genome.jp/dbget-bin/www_bget?compound+C04137">
        <graphics name="C04137" fgcolor="#000000" bgcolor="#FFFFFF"
             type="circle" x="709" y="321" width="8" height="8"/>
    </entry>
    <entry id="110" name="cpd:C00048" type="compound"
        link="http://www.genome.jp/dbget-bin/www_bget?compound+C00048">
        <graphics name="C00048" fgcolor="#000000" bgcolor="#FFFFFF"
             type="circle" x="130" y="811" width="8" height="8"/>
    </entry>
    <entry id="111" name="cpd:C00022" type="compound"
        link="http://www.genome.jp/dbget-bin/www_bget?compound+C00022">
        <graphics name="C00022" fgcolor="#000000" bgcolor="#FFFFFF"
             type="circle" x="146" y="851" width="8" height="8"/>
    </entry>
    <entry id="112" name="cpd:C05946" type="compound"
        link="http://www.genome.jp/dbget-bin/www_bget?compound+C05946">
        <graphics name="C05946" fgcolor="#000000" bgcolor="#FFFFFF"
             type="circle" x="225" y="811" width="8" height="8"/>
    </entry>
    <entry id="113" name="cpd:C05947" type="compound"
        link="http://www.genome.jp/dbget-bin/www_bget?compound+C05947">
        <graphics name="C05947" fgcolor="#000000" bgcolor="#FFFFFF"
             type="circle" x="314" y="811" width="8" height="8"/>
    </entry>
    <entry id="114" name="cpd:C04281" type="compound"
        link="http://www.genome.jp/dbget-bin/www_bget?compound+C04281">
        <graphics name="C04281" fgcolor="#000000" bgcolor="#FFFFFF"
             type="circle" x="403" y="811" width="8" height="8"/>
    </entry>
    <entry id="115" name="cpd:C05938" type="compound"
        link="http://www.genome.jp/dbget-bin/www_bget?compound+C05938">
        <graphics name="C05938" fgcolor="#000000" bgcolor="#FFFFFF"
             type="circle" x="403" y="864" width="8" height="8"/>
    </entry>
    <entry id="116" name="cpd:C02305" type="compound"
        link="http://www.genome.jp/dbget-bin/www_bget?compound+C02305">
        <graphics name="C02305" fgcolor="#000000" bgcolor="#FFFFFF"
             type="circle" x="648" y="644" width="8" height="8"/>
    </entry>
    <entry id="117" name="cpd:C03166" type="compound"
        link="http://www.genome.jp/dbget-bin/www_bget?compound+C03166">
        <graphics name="C03166" fgcolor="#000000" bgcolor="#FFFFFF"
             type="circle" x="756" y="459" width="8" height="8"/>
    </entry>
    <entry id="118" name="cpd:C01877" type="compound"
        link="http://www.genome.jp/dbget-bin/www_bget?compound+C01877">
        <graphics name="C01877" fgcolor="#000000" bgcolor="#FFFFFF"
             type="circle" x="483" y="686" width="8" height="8"/>
    </entry>
    <entry id="119" name="cpd:C00012" type="compound"
        link="http://www.genome.jp/dbget-bin/www_bget?compound+C00012">
        <graphics name="C00012" fgcolor="#000000" bgcolor="#FFFFFF"
             type="circle" x="483" y="644" width="8" height="8"/>
    </entry>
    <relation entry1="8" entry2="19" type="ECrel">
        <subtype name="compound" value="71"/>
    </relation>
    <relation entry1="19" entry2="20" type="ECrel">
        <subtype name="compound" value="72"/>
    </relation>
    <relation entry1="20" entry2="35" type="ECrel">
        <subtype name="compound" value="74"/>
    </relation>
    <relation entry1="20" entry2="45" type="ECrel">
        <subtype name="compound" value="74"/>
    </relation>
    <relation entry1="35" entry2="45" type="ECrel">
        <subtype name="compound" value="74"/>
    </relation>
    <relation entry1="19" entry2="60" type="ECrel">
        <subtype name="compound" value="72"/>
    </relation>
    <relation entry1="20" entry2="60" type="ECrel">
        <subtype name="compound" value="72"/>
    </relation>
    <relation entry1="8" entry2="60" type="ECrel">
        <subtype name="compound" value="76"/>
    </relation>
    <relation entry1="8" entry2="45" type="ECrel">
        <subtype name="compound" value="76"/>
    </relation>
    <relation entry1="8" entry2="38" type="ECrel">
        <subtype name="compound" value="76"/>
    </relation>
    <relation entry1="8" entry2="41" type="ECrel">
        <subtype name="compound" value="76"/>
    </relation>
    <relation entry1="45" entry2="60" type="ECrel">
        <subtype name="compound" value="76"/>
    </relation>
    <relation entry1="38" entry2="60" type="ECrel">
        <subtype name="compound" value="76"/>
    </relation>
    <relation entry1="41" entry2="60" type="ECrel">
        <subtype name="compound" value="76"/>
    </relation>
    <relation entry1="38" entry2="45" type="ECrel">
        <subtype name="compound" value="76"/>
    </relation>
    <relation entry1="41" entry2="45" type="ECrel">
        <subtype name="compound" value="76"/>
    </relation>
    <relation entry1="38" entry2="41" type="ECrel">
        <subtype name="compound" value="76"/>
    </relation>
    <relation entry1="25" entry2="35" type="ECrel">
        <subtype name="compound" value="81"/>
    </relation>
    <relation entry1="18" entry2="20" type="ECrel">
        <subtype name="compound" value="77"/>
    </relation>
    <relation entry1="7" entry2="18" type="ECrel">
        <subtype name="compound" value="79"/>
    </relation>
    <relation entry1="7" entry2="48" type="ECrel">
        <subtype name="compound" value="80"/>
    </relation>
    <relation entry1="7" entry2="25" type="ECrel">
        <subtype name="compound" value="80"/>
    </relation>
    <relation entry1="32" entry2="48" type="ECrel">
        <subtype name="compound" value="82"/>
    </relation>
    <relation entry1="31" entry2="48" type="ECrel">
        <subtype name="compound" value="82"/>
    </relation>
    <relation entry1="28" entry2="29" type="ECrel">
        <subtype name="compound" value="83"/>
    </relation>
    <relation entry1="29" entry2="65" type="ECrel">
        <subtype name="compound" value="83"/>
    </relation>
    <relation entry1="29" entry2="31" type="ECrel">
        <subtype name="compound" value="83"/>
    </relation>
    <relation entry1="29" entry2="32" type="ECrel">
        <subtype name="compound" value="83"/>
    </relation>
    <relation entry1="28" entry2="65" type="ECrel">
        <subtype name="compound" value="83"/>
    </relation>
    <relation entry1="28" entry2="31" type="ECrel">
        <subtype name="compound" value="83"/>
    </relation>
    <relation entry1="28" entry2="32" type="ECrel">
        <subtype name="compound" value="83"/>
    </relation>
    <relation entry1="31" entry2="65" type="ECrel">
        <subtype name="compound" value="83"/>
    </relation>
    <relation entry1="32" entry2="65" type="ECrel">
        <subtype name="compound" value="83"/>
    </relation>
    <relation entry1="26" entry2="28" type="ECrel">
        <subtype name="compound" value="95"/>
    </relation>
    <relation entry1="27" entry2="28" type="ECrel">
        <subtype name="compound" value="95"/>
    </relation>
    <relation entry1="24" entry2="27" type="ECrel">
        <subtype name="compound" value="114"/>
    </relation>
    <relation entry1="24" entry2="26" type="ECrel">
        <subtype name="compound" value="114"/>
    </relation>
    <relation entry1="24" entry2="56" type="ECrel">
        <subtype name="compound" value="113"/>
    </relation>
    <relation entry1="23" entry2="56" type="ECrel">
        <subtype name="compound" value="113"/>
    </relation>
    <relation entry1="55" entry2="56" type="ECrel">
        <subtype name="compound" value="113"/>
    </relation>
    <relation entry1="24" entry2="55" type="ECrel">
        <subtype name="compound" value="113"/>
    </relation>
    <relation entry1="11" entry2="16" type="ECrel">
        <subtype name="compound" value="100"/>
    </relation>
    <relation entry1="10" entry2="11" type="ECrel">
        <subtype name="compound" value="101"/>
    </relation>
    <relation entry1="8" entry2="5" type="maplink">
        <subtype name="compound" value="70"/>
    </relation>
    <relation entry1="19" entry2="47" type="maplink">
        <subtype name="compound" value="73"/>
    </relation>
    <relation entry1="8" entry2="49" type="maplink">
        <subtype name="compound" value="76"/>
    </relation>
    <relation entry1="60" entry2="49" type="maplink">
        <subtype name="compound" value="76"/>
    </relation>
    <relation entry1="45" entry2="49" type="maplink">
        <subtype name="compound" value="76"/>
    </relation>
    <relation entry1="38" entry2="49" type="maplink">
        <subtype name="compound" value="76"/>
    </relation>
    <relation entry1="41" entry2="49" type="maplink">
        <subtype name="compound" value="76"/>
    </relation>
    <reaction name="rn:R00243" type="reversible">
        <substrate name="cpd:C00025"/>
        <product name="cpd:C00014"/>
    </reaction>
    <reaction name="rn:R00248" type="reversible">
        <substrate name="cpd:C00025"/>
        <product name="cpd:C00014"/>
    </reaction>
    <reaction name="rn:R01086" type="reversible">
        <substrate name="cpd:C03406"/>
        <product name="cpd:C00062"/>
        <product name="cpd:C00122"/>
    </reaction>
    <reaction name="rn:R01881" type="reversible">
        <substrate name="cpd:C00300"/>
        <product name="cpd:C02305"/>
    </reaction>
    <reaction name="rn:R01883" type="irreversible">
        <substrate name="cpd:C00581"/>
        <product name="cpd:C00300"/>
    </reaction>
    <reaction name="rn:R00565" type="reversible">
        <substrate name="cpd:C00062"/>
        <product name="cpd:C00581"/>
    </reaction>
    <reaction name="rn:R00149" type="irreversible">
        <substrate name="cpd:C00014"/>
        <substrate name="cpd:C00011"/>
        <product name="cpd:C00169"/>
    </reaction>
    <reaction name="rn:R01954" type="reversible">
        <substrate name="cpd:C00327"/>
        <substrate name="cpd:C00049"/>
        <product name="cpd:C03406"/>
    </reaction>
    <reaction name="rn:R01398" type="reversible">
        <substrate name="cpd:C00077"/>
        <substrate name="cpd:C00169"/>
        <product name="cpd:C00327"/>
    </reaction>
    <reaction name="rn:R05051" type="reversible">
        <substrate name="cpd:C05938"/>
        <product name="cpd:C05947"/>
    </reaction>
    <reaction name="rn:R04444" type="irreversible">
        <substrate name="cpd:C04281"/>
        <product name="cpd:C05947"/>
    </reaction>
    <reaction name="rn:R04445" type="irreversible">
        <substrate name="cpd:C04281"/>
        <product name="cpd:C05947"/>
    </reaction>
    <reaction name="rn:R00245" type="reversible">
        <substrate name="cpd:C01165"/>
        <product name="cpd:C00025"/>
    </reaction>
    <reaction name="rn:R03291" type="irreversible">
        <substrate name="cpd:C04281"/>
        <product name="cpd:C01157"/>
    </reaction>
    <reaction name="rn:R03293" type="irreversible">
        <substrate name="cpd:C04281"/>
        <product name="cpd:C01157"/>
    </reaction>
    <reaction name="rn:R03295" type="irreversible">
        <substrate name="cpd:C01157"/>
        <product name="cpd:C04281"/>
    </reaction>
    <reaction name="rn:R01252" type="irreversible">
        <substrate name="cpd:C00148"/>
        <product name="cpd:C01157"/>
    </reaction>
    <reaction name="rn:R03661" type="irreversible">
        <substrate name="cpd:C00148"/>
        <product name="cpd:C02702"/>
    </reaction>
    <reaction name="rn:R01253" type="irreversible">
        <substrate name="cpd:C00148"/>
        <product name="cpd:C03912"/>
    </reaction>
    <reaction name="rn:R01248" type="reversible">
        <substrate name="cpd:C00148"/>
        <product name="cpd:C03912"/>
    </reaction>
    <reaction name="rn:R01251" type="reversible">
        <substrate name="cpd:C00148"/>
        <product name="cpd:C03912"/>
    </reaction>
    <reaction name="rn:R00667" type="reversible">
        <substrate name="cpd:C00077"/>
        <product name="cpd:C01165"/>
    </reaction>
    <reaction name="rn:R03646" type="reversible">
        <substrate name="cpd:C00062"/>
        <product name="cpd:C02163"/>
    </reaction>
    <reaction name="rn:R00111" type="irreversible">
        <substrate name="cpd:C05933"/>
        <product name="cpd:C00533"/>
    </reaction>
    <reaction name="rn:R00558" type="irreversible">
        <substrate name="cpd:C00062"/>
        <product name="cpd:C05933"/>
    </reaction>
    <reaction name="rn:R00551" type="irreversible">
        <substrate name="cpd:C00062"/>
        <product name="cpd:C00086"/>
        <product name="cpd:C00077"/>
    </reaction>
    <reaction name="rn:R00707" type="irreversible">
        <substrate name="cpd:C03912"/>
        <product name="cpd:C00025"/>
    </reaction>
    <reaction name="rn:R00708" type="irreversible">
        <substrate name="cpd:C03912"/>
        <product name="cpd:C00025"/>
    </reaction>
    <reaction name="rn:R02894" type="irreversible">
        <substrate name="cpd:C00763"/>
        <product name="cpd:C03564"/>
    </reaction>
    <reaction name="rn:R04221" type="irreversible">
        <substrate name="cpd:C03440"/>
        <product name="cpd:C04282"/>
    </reaction>
    <reaction name="rn:R05052" type="irreversible">
        <substrate name="cpd:C05947"/>
        <product name="cpd:C05946"/>
    </reaction>
    <reaction name="rn:R00557" type="irreversible">
        <substrate name="cpd:C00062"/>
        <product name="cpd:C00327"/>
    </reaction>
    <reaction name="rn:R00135" type="irreversible">
        <substrate name="cpd:C00012"/>
        <product name="cpd:C00148"/>
    </reaction>
</pathway>
