<?xml version="1.0"?>
<!DOCTYPE pathway SYSTEM "http://www.genome.jp/kegg/xml/KGML_v0.6.1_.dtd">
<!-- Creation date: Oct 25 2008 02:26:19 +0900 (JST) -->
<pathway name="path:hsa00364" org="hsa" number="00364"
         title="Fluorobenzoate degradation"
         image="http://www.genome.jp/kegg/pathway/hsa/hsa00364.gif"
         link="http://www.genome.jp/dbget-bin/show_pathway?hsa00364">
    <entry id="1" name="cpd:C02364" type="compound"
        link="http://www.genome.jp/dbget-bin/www_bget?compound+C02364">
        <graphics name="C02364" fgcolor="#000000" bgcolor="#FFFFFF"
             type="circle" x="94" y="276" width="8" height="8"/>
    </entry>
    <entry id="2" name="undefined:" type="undefined">
        <graphics name="1.14.12.-" fgcolor="#000000" bgcolor="#FFFFFF"
             type="rectangle" x="698" y="412" width="46" height="17"/>
    </entry>
    <entry id="3" name="undefined:" type="undefined">
        <graphics name="1.14.12.-" fgcolor="#000000" bgcolor="#FFFFFF"
             type="rectangle" x="571" y="412" width="46" height="17"/>
    </entry>
    <entry id="4" name="hsa:134147" type="gene" reaction="rn:R08121"
        link="http://www.genome.jp/dbget-bin/www_bget?hsa+134147">
        <graphics name="CMBL" fgcolor="#000000" bgcolor="#BFFFBF"
             type="rectangle" x="732" y="337" width="46" height="17"/>
    </entry>
    <entry id="5" name="hsa:134147" type="gene" reaction="rn:R08120"
        link="http://www.genome.jp/dbget-bin/www_bget?hsa+134147">
        <graphics name="CMBL" fgcolor="#000000" bgcolor="#BFFFBF"
             type="rectangle" x="732" y="276" width="46" height="17"/>
    </entry>
    <entry id="6" name="cpd:C16474" type="compound"
        link="http://www.genome.jp/dbget-bin/www_bget?compound+C16474">
        <graphics name="C16474" fgcolor="#000000" bgcolor="#FFFFFF"
             type="circle" x="493" y="337" width="8" height="8"/>
    </entry>
    <entry id="7" name="path:map00362" type="map"
        link="http://www.genome.jp/kegg/pathway/map/map00362.html">
        <graphics name="Benzoate degradation via hydroxylation" fgcolor="#000000" bgcolor="#FFFFFF"
             type="roundrectangle" x="836" y="216" width="119" height="34"/>
    </entry>
    <entry id="8" name="cpd:C00090" type="compound"
        link="http://www.genome.jp/dbget-bin/www_bget?compound+C00090">
        <graphics name="C00090" fgcolor="#000000" bgcolor="#FFFFFF"
             type="circle" x="918" y="412" width="8" height="8"/>
    </entry>
    <entry id="9" name="cpd:C16484" type="compound"
        link="http://www.genome.jp/dbget-bin/www_bget?compound+C16484">
        <graphics name="C16484" fgcolor="#000000" bgcolor="#FFFFFF"
             type="circle" x="768" y="412" width="8" height="8"/>
    </entry>
    <entry id="10" name="undefined:" type="undefined">
        <graphics name="1.3.1.-" fgcolor="#000000" bgcolor="#FFFFFF"
             type="rectangle" x="436" y="412" width="46" height="17"/>
    </entry>
    <entry id="11" name="undefined:" type="undefined">
        <graphics name="1.13.11.1" fgcolor="#000000" bgcolor="#FFFFFF"
             type="rectangle" x="425" y="276" width="46" height="17"/>
    </entry>
    <entry id="12" name="undefined:" type="undefined">
        <graphics name="1.14.12.10" fgcolor="#000000" bgcolor="#FFFFFF"
             type="rectangle" x="156" y="337" width="46" height="17"/>
    </entry>
    <entry id="13" name="path:map00623" type="map"
        link="http://www.genome.jp/kegg/pathway/map/map00623.html">
        <graphics name="2,4-Dichlorobenzoate degradation" fgcolor="#000000" bgcolor="#FFFFFF"
             type="roundrectangle" x="450" y="503" width="121" height="34"/>
    </entry>
    <entry id="14" name="cpd:C02949" type="compound"
        link="http://www.genome.jp/dbget-bin/www_bget?compound+C02949">
        <graphics name="C02949" fgcolor="#000000" bgcolor="#FFFFFF"
             type="circle" x="260" y="504" width="8" height="8"/>
    </entry>
    <entry id="15" name="undefined:" type="undefined">
        <graphics name="1.14.12.10" fgcolor="#000000" bgcolor="#FFFFFF"
             type="rectangle" x="156" y="413" width="46" height="17"/>
    </entry>
    <entry id="16" name="undefined:" type="undefined">
        <graphics name="1.3.1.25" fgcolor="#000000" bgcolor="#FFFFFF"
             type="rectangle" x="290" y="413" width="46" height="17"/>
    </entry>
    <entry id="17" name="undefined:" type="undefined">
        <graphics name="1.14.12.10" fgcolor="#000000" bgcolor="#FFFFFF"
             type="rectangle" x="156" y="148" width="46" height="17"/>
    </entry>
    <entry id="19" name="undefined:" type="undefined">
        <graphics name="1.14.12.10" fgcolor="#000000" bgcolor="#FFFFFF"
             type="rectangle" x="156" y="208" width="46" height="17"/>
    </entry>
    <entry id="21" name="cpd:C16476" type="compound"
        link="http://www.genome.jp/dbget-bin/www_bget?compound+C16476">
        <graphics name="C16476" fgcolor="#000000" bgcolor="#FFFFFF"
             type="circle" x="646" y="337" width="8" height="8"/>
    </entry>
    <entry id="22" name="cpd:C16473" type="compound"
        link="http://www.genome.jp/dbget-bin/www_bget?compound+C16473">
        <graphics name="C16473" fgcolor="#000000" bgcolor="#FFFFFF"
             type="circle" x="363" y="337" width="8" height="8"/>
    </entry>
    <entry id="23" name="cpd:C16475" type="compound"
        link="http://www.genome.jp/dbget-bin/www_bget?compound+C16475">
        <graphics name="C16475" fgcolor="#000000" bgcolor="#FFFFFF"
             type="circle" x="493" y="276" width="8" height="8"/>
    </entry>
    <entry id="24" name="cpd:C16472" type="compound"
        link="http://www.genome.jp/dbget-bin/www_bget?compound+C16472">
        <graphics name="C16472" fgcolor="#000000" bgcolor="#FFFFFF"
             type="circle" x="363" y="276" width="8" height="8"/>
    </entry>
    <entry id="25" name="cpd:C02222" type="compound"
        link="http://www.genome.jp/dbget-bin/www_bget?compound+C02222">
        <graphics name="C02222" fgcolor="#000000" bgcolor="#FFFFFF"
             type="circle" x="801" y="337" width="8" height="8"/>
    </entry>
    <entry id="26" name="undefined:" type="undefined">
        <graphics name="5.5.1.1" fgcolor="#000000" bgcolor="#FFFFFF"
             type="rectangle" x="566" y="337" width="46" height="17"/>
    </entry>
    <entry id="27" name="undefined:" type="undefined">
        <graphics name="1.3.1.25" fgcolor="#000000" bgcolor="#FFFFFF"
             type="rectangle" x="290" y="276" width="46" height="17"/>
    </entry>
    <entry id="28" name="undefined:" type="undefined">
        <graphics name="5.5.1.7" fgcolor="#000000" bgcolor="#FFFFFF"
             type="rectangle" x="566" y="276" width="46" height="17"/>
    </entry>
    <entry id="29" name="undefined:" type="undefined">
        <graphics name="1.3.1.25" fgcolor="#000000" bgcolor="#FFFFFF"
             type="rectangle" x="290" y="337" width="46" height="17"/>
    </entry>
    <entry id="30" name="undefined:" type="undefined">
        <graphics name="1.13.11.1" fgcolor="#000000" bgcolor="#FFFFFF"
             type="rectangle" x="425" y="337" width="46" height="17"/>
    </entry>
    <entry id="31" name="undefined:" type="undefined">
        <graphics name="1.14.12.10" fgcolor="#000000" bgcolor="#FFFFFF"
             type="rectangle" x="156" y="276" width="46" height="17"/>
    </entry>
    <entry id="34" name="path:hsa00364" type="map"
        link="http://www.genome.jp/dbget-bin/get_linkdb?pathway+hsa00364">
        <graphics name="TITLE:Fluorobenzoate degradation" fgcolor="#000000" bgcolor="#FFFFFF"
             type="roundrectangle" x="189" y="67" width="258" height="25"/>
    </entry>
    <entry id="35" name="cpd:C11272" type="compound"
        link="http://www.genome.jp/dbget-bin/www_bget?compound+C11272">
        <graphics name="C11272" fgcolor="#000000" bgcolor="#FFFFFF"
             type="circle" x="632" y="412" width="8" height="8"/>
    </entry>
    <entry id="36" name="cpd:C02371" type="compound"
        link="http://www.genome.jp/dbget-bin/www_bget?compound+C02371">
        <graphics name="C02371" fgcolor="#000000" bgcolor="#FFFFFF"
             type="circle" x="93" y="412" width="8" height="8"/>
    </entry>
    <entry id="37" name="cpd:C16480" type="compound"
        link="http://www.genome.jp/dbget-bin/www_bget?compound+C16480">
        <graphics name="C16480" fgcolor="#000000" bgcolor="#FFFFFF"
             type="circle" x="227" y="412" width="8" height="8"/>
    </entry>
    <entry id="38" name="cpd:C16479" type="compound"
        link="http://www.genome.jp/dbget-bin/www_bget?compound+C16479">
        <graphics name="C16479" fgcolor="#000000" bgcolor="#FFFFFF"
             type="circle" x="227" y="337" width="8" height="8"/>
    </entry>
    <entry id="39" name="cpd:C16478" type="compound"
        link="http://www.genome.jp/dbget-bin/www_bget?compound+C16478">
        <graphics name="C16478" fgcolor="#000000" bgcolor="#FFFFFF"
             type="circle" x="227" y="276" width="8" height="8"/>
    </entry>
    <entry id="40" name="cpd:C16482" type="compound"
        link="http://www.genome.jp/dbget-bin/www_bget?compound+C16482">
        <graphics name="C16482" fgcolor="#000000" bgcolor="#FFFFFF"
             type="circle" x="226" y="148" width="8" height="8"/>
    </entry>
    <entry id="41" name="cpd:C02359" type="compound"
        link="http://www.genome.jp/dbget-bin/www_bget?compound+C02359">
        <graphics name="C02359" fgcolor="#000000" bgcolor="#FFFFFF"
             type="circle" x="93" y="148" width="8" height="8"/>
    </entry>
    <entry id="42" name="cpd:C16483" type="compound"
        link="http://www.genome.jp/dbget-bin/www_bget?compound+C16483">
        <graphics name="C16483" fgcolor="#000000" bgcolor="#FFFFFF"
             type="circle" x="499" y="412" width="8" height="8"/>
    </entry>
    <entry id="43" name="cpd:C16481" type="compound"
        link="http://www.genome.jp/dbget-bin/www_bget?compound+C16481">
        <graphics name="C16481" fgcolor="#000000" bgcolor="#FFFFFF"
             type="circle" x="227" y="208" width="8" height="8"/>
    </entry>
    <entry id="44" name="cpd:C16477" type="compound"
        link="http://www.genome.jp/dbget-bin/www_bget?compound+C16477">
        <graphics name="C16477" fgcolor="#000000" bgcolor="#FFFFFF"
             type="circle" x="646" y="276" width="8" height="8"/>
    </entry>
    <entry id="45" name="cpd:C02802" type="compound"
        link="http://www.genome.jp/dbget-bin/www_bget?compound+C02802">
        <graphics name="C02802" fgcolor="#000000" bgcolor="#FFFFFF"
             type="circle" x="93" y="504" width="8" height="8"/>
    </entry>
    <relation entry1="4" entry2="5" type="ECrel">
        <subtype name="compound" value="25"/>
    </relation>
    <relation entry1="5" entry2="7" type="maplink">
        <subtype name="compound" value="25"/>
    </relation>
    <relation entry1="4" entry2="7" type="maplink">
        <subtype name="compound" value="25"/>
    </relation>
    <reaction name="rn:R08121" type="irreversible">
        <substrate name="cpd:C16476"/>
        <product name="cpd:C02222"/>
    </reaction>
    <reaction name="rn:R08120" type="irreversible">
        <substrate name="cpd:C16477"/>
        <product name="cpd:C02222"/>
    </reaction>
</pathway>
