<?xml version="1.0"?>
<!DOCTYPE pathway SYSTEM "http://www.genome.jp/kegg/xml/KGML_v0.6.1_.dtd">
<!-- Creation date: Jan 30 2009 02:34:39 +0900 (JST) -->
<pathway name="path:hsa00760" org="hsa" number="00760"
         title="Nicotinate and nicotinamide metabolism"
         image="http://www.genome.jp/kegg/pathway/hsa/hsa00760.gif"
         link="http://www.genome.jp/dbget-bin/show_pathway?hsa00760">
    <entry id="1" name="path:hsa00960" type="map"
        link="http://www.genome.jp/kegg/pathway/hsa/hsa00960.html">
        <graphics name="Alkaloid biosynthesis II" fgcolor="#000000" bgcolor="#FFFFFF"
             type="roundrectangle" x="321" y="345" width="138" height="25"/>
    </entry>
    <entry id="2" name="cpd:C06178" type="compound"
        link="http://www.genome.jp/dbget-bin/www_bget?compound+C06178">
        <graphics name="C06178" fgcolor="#000000" bgcolor="#FFFFFF"
             type="circle" x="330" y="285" width="8" height="8"/>
    </entry>
    <entry id="4" name="cpd:C15523" type="compound"
        link="http://www.genome.jp/dbget-bin/www_bget?compound+C15523">
        <graphics name="C15523" fgcolor="#000000" bgcolor="#FFFFFF"
             type="circle" x="436" y="521" width="8" height="8"/>
    </entry>
    <entry id="5" name="cpd:C00022" type="compound"
        link="http://www.genome.jp/dbget-bin/www_bget?compound+C00022">
        <graphics name="C00022" fgcolor="#000000" bgcolor="#FFFFFF"
             type="circle" x="662" y="641" width="8" height="8"/>
    </entry>
    <entry id="6" name="cpd:C00163" type="compound"
        link="http://www.genome.jp/dbget-bin/www_bget?compound+C00163">
        <graphics name="C00163" fgcolor="#000000" bgcolor="#FFFFFF"
             type="circle" x="702" y="612" width="8" height="8"/>
    </entry>
    <entry id="7" name="cpd:C03652" type="compound"
        link="http://www.genome.jp/dbget-bin/www_bget?compound+C03652">
        <graphics name="C03652" fgcolor="#000000" bgcolor="#FFFFFF"
             type="circle" x="662" y="556" width="8" height="8"/>
    </entry>
    <entry id="8" name="cpd:C00922" type="compound"
        link="http://www.genome.jp/dbget-bin/www_bget?compound+C00922">
        <graphics name="C00922" fgcolor="#000000" bgcolor="#FFFFFF"
             type="circle" x="553" y="557" width="8" height="8"/>
    </entry>
    <entry id="9" name="cpd:C02295" type="compound"
        link="http://www.genome.jp/dbget-bin/www_bget?compound+C02295">
        <graphics name="C02295" fgcolor="#000000" bgcolor="#FFFFFF"
             type="circle" x="472" y="557" width="8" height="8"/>
    </entry>
    <entry id="10" name="cpd:C02930" type="compound"
        link="http://www.genome.jp/dbget-bin/www_bget?compound+C02930">
        <graphics name="C02930" fgcolor="#000000" bgcolor="#FFFFFF"
             type="circle" x="553" y="497" width="8" height="8"/>
    </entry>
    <entry id="11" name="cpd:C16390" type="compound"
        link="http://www.genome.jp/dbget-bin/www_bget?compound+C16390">
        <graphics name="C16390" fgcolor="#000000" bgcolor="#FFFFFF"
             type="circle" x="662" y="497" width="8" height="8"/>
    </entry>
    <entry id="12" name="cpd:C16159" type="compound"
        link="http://www.genome.jp/dbget-bin/www_bget?compound+C16159">
        <graphics name="C16159" fgcolor="#000000" bgcolor="#FFFFFF"
             type="circle" x="661" y="433" width="8" height="8"/>
    </entry>
    <entry id="13" name="cpd:C04226" type="compound"
        link="http://www.genome.jp/dbget-bin/www_bget?compound+C04226">
        <graphics name="C04226" fgcolor="#000000" bgcolor="#FFFFFF"
             type="circle" x="553" y="433" width="8" height="8"/>
    </entry>
    <entry id="14" name="path:hsa00620" type="map"
        link="http://www.genome.jp/kegg/pathway/hsa/hsa00620.html">
        <graphics name="Pyruvate metabolism" fgcolor="#000000" bgcolor="#FFFFFF"
             type="roundrectangle" x="551" y="669" width="119" height="25"/>
    </entry>
    <entry id="15" name="path:map00660" type="map"
        link="http://www.genome.jp/kegg/pathway/map/map00660.html">
        <graphics name="C5-Branched dibasic acid metabolism" fgcolor="#000000" bgcolor="#FFFFFF"
             type="roundrectangle" x="541" y="635" width="139" height="34"/>
    </entry>
    <entry id="29" name="cpd:C16152" type="compound"
        link="http://www.genome.jp/dbget-bin/www_bget?compound+C16152">
        <graphics name="C16152" fgcolor="#000000" bgcolor="#FFFFFF"
             type="circle" x="292" y="702" width="8" height="8"/>
    </entry>
    <entry id="30" name="cpd:C03458" type="compound"
        link="http://www.genome.jp/dbget-bin/www_bget?compound+C03458">
        <graphics name="C03458" fgcolor="#000000" bgcolor="#FFFFFF"
             type="circle" x="292" y="641" width="8" height="8"/>
    </entry>
    <entry id="31" name="cpd:C15987" type="compound"
        link="http://www.genome.jp/dbget-bin/www_bget?compound+C15987">
        <graphics name="C15987" fgcolor="#000000" bgcolor="#FFFFFF"
             type="circle" x="143" y="612" width="8" height="8"/>
    </entry>
    <entry id="32" name="cpd:C03056" type="compound"
        link="http://www.genome.jp/dbget-bin/www_bget?compound+C03056">
        <graphics name="C03056" fgcolor="#000000" bgcolor="#FFFFFF"
             type="circle" x="185" y="641" width="8" height="8"/>
    </entry>
    <entry id="33" name="cpd:C16151" type="compound"
        link="http://www.genome.jp/dbget-bin/www_bget?compound+C16151">
        <graphics name="C16151" fgcolor="#000000" bgcolor="#FFFFFF"
             type="circle" x="278" y="557" width="8" height="8"/>
    </entry>
    <entry id="34" name="cpd:C15986" type="compound"
        link="http://www.genome.jp/dbget-bin/www_bget?compound+C15986">
        <graphics name="C15986" fgcolor="#000000" bgcolor="#FFFFFF"
             type="circle" x="186" y="557" width="8" height="8"/>
    </entry>
    <entry id="35" name="cpd:C01297" type="compound"
        link="http://www.genome.jp/dbget-bin/www_bget?compound+C01297">
        <graphics name="C01297" fgcolor="#000000" bgcolor="#FFFFFF"
             type="circle" x="186" y="497" width="8" height="8"/>
    </entry>
    <entry id="36" name="cpd:C01056 cpd:C03043" type="compound"
        link="http://www.genome.jp/dbget-bin/www_bget?compound+C01056+C03043">
        <graphics name="C01056..." fgcolor="#000000" bgcolor="#FFFFFF"
             type="circle" x="186" y="433" width="8" height="8"/>
    </entry>
    <entry id="37" name="cpd:C16150" type="compound"
        link="http://www.genome.jp/dbget-bin/www_bget?compound+C16150">
        <graphics name="C16150" fgcolor="#000000" bgcolor="#FFFFFF"
             type="circle" x="186" y="352" width="8" height="8"/>
    </entry>
    <entry id="38" name="ko:K06989" type="ortholog">
        <graphics name="K06989" fgcolor="#000000" bgcolor="#FFFFFF"
             type="rectangle" x="814" y="558" width="46" height="17"/>
    </entry>
    <entry id="39" name="hsa:683 hsa:952" type="gene" reaction="rn:R00119"
        link="http://www.genome.jp/dbget-bin/www_bget?hsa+683+952">
        <graphics name="BST1..." fgcolor="#000000" bgcolor="#BFFFBF"
             type="rectangle" x="721" y="70" width="46" height="17"/>
    </entry>
    <entry id="40" name="hsa:83594" type="gene" reaction="rn:R03004"
        link="http://www.genome.jp/dbget-bin/www_bget?hsa+83594">
        <graphics name="NUDT12" fgcolor="#000000" bgcolor="#BFFFBF"
             type="rectangle" x="786" y="394" width="46" height="17"/>
    </entry>
    <entry id="41" name="path:hsa00760" type="map"
        link="http://www.genome.jp/dbget-bin/get_linkdb?pathway+hsa00760">
        <graphics name="TITLE:Nicotinate and nicotinamide metabolism" fgcolor="#000000" bgcolor="#FFFFFF"
             type="roundrectangle" x="236" y="67" width="352" height="25"/>
    </entry>
    <entry id="42" name="path:hsa00252" type="map"
        link="http://www.genome.jp/kegg/pathway/hsa/hsa00252.html">
        <graphics name="Alanine and aspartate metabolism" fgcolor="#000000" bgcolor="#FFFFFF"
             type="roundrectangle" x="928" y="641" width="122" height="34"/>
    </entry>
    <entry id="43" name="path:hsa00380" type="map"
        link="http://www.genome.jp/kegg/pathway/hsa/hsa00380.html">
        <graphics name="Tryptophan metabolism" fgcolor="#000000" bgcolor="#FFFFFF"
             type="roundrectangle" x="936" y="434" width="138" height="25"/>
    </entry>
    <entry id="44" name="ko:K00278" type="ortholog">
        <graphics name="K00278" fgcolor="#000000" bgcolor="#FFFFFF"
             type="rectangle" x="764" y="558" width="46" height="17"/>
    </entry>
    <entry id="45" name="ko:K03517" type="ortholog">
        <graphics name="K03517" fgcolor="#000000" bgcolor="#FFFFFF"
             type="rectangle" x="790" y="470" width="46" height="17"/>
    </entry>
    <entry id="46" name="hsa:23475" type="gene" reaction="rn:R03348"
        link="http://www.genome.jp/dbget-bin/www_bget?hsa+23475">
        <graphics name="QPRT" fgcolor="#000000" bgcolor="#BFFFBF"
             type="rectangle" x="715" y="397" width="46" height="17"/>
    </entry>
    <entry id="47" name="ko:K01799" type="ortholog">
        <graphics name="K01799" fgcolor="#000000" bgcolor="#FFFFFF"
             type="rectangle" x="576" y="704" width="46" height="17"/>
    </entry>
    <entry id="52" name="hsa:5167 hsa:5169" type="gene" reaction="rn:R03004"
        link="http://www.genome.jp/dbget-bin/www_bget?hsa+5167+5169">
        <graphics name="ENPP1..." fgcolor="#000000" bgcolor="#BFFFBF"
             type="rectangle" x="786" y="373" width="46" height="17"/>
    </entry>
    <entry id="53" name="hsa:22978 hsa:30833 hsa:4907 hsa:51251 hsa:56953 hsa:84618 hsa:93034" type="gene" reaction="rn:R03346"
        link="http://www.genome.jp/dbget-bin/www_bget?hsa+22978+30833+4907+51251+56953+84618+93034">
        <graphics name="NT5C2..." fgcolor="#000000" bgcolor="#BFFFBF"
             type="rectangle" x="642" y="379" width="46" height="17"/>
    </entry>
    <entry id="54" name="hsa:54981" type="gene" reaction="rn:R03347"
        link="http://www.genome.jp/dbget-bin/www_bget?hsa+54981">
        <graphics name="C9orf95" fgcolor="#000000" bgcolor="#BFFFBF"
             type="rectangle" x="644" y="353" width="46" height="17"/>
    </entry>
    <entry id="55" name="hsa:4860" type="gene" reaction="rn:R02295"
        link="http://www.genome.jp/dbget-bin/www_bget?hsa+4860">
        <graphics name="NP" fgcolor="#000000" bgcolor="#BFFFBF"
             type="rectangle" x="509" y="352" width="46" height="17"/>
    </entry>
    <entry id="57" name="ko:K00969" type="ortholog">
        <graphics name="K00969" fgcolor="#000000" bgcolor="#FFFFFF"
             type="rectangle" x="787" y="332" width="46" height="17"/>
    </entry>
    <entry id="58" name="hsa:23057 hsa:349565 hsa:64802" type="gene" reaction="rn:R03005"
        link="http://www.genome.jp/dbget-bin/www_bget?hsa+23057+349565+64802">
        <graphics name="NMNAT2..." fgcolor="#000000" bgcolor="#BFFFBF"
             type="rectangle" x="786" y="311" width="46" height="17"/>
    </entry>
    <entry id="59" name="hsa:55191" type="gene" reaction="rn:R00257"
        link="http://www.genome.jp/dbget-bin/www_bget?hsa+55191">
        <graphics name="NADSYN1" fgcolor="#000000" bgcolor="#BFFFBF"
             type="rectangle" x="882" y="291" width="46" height="17"/>
    </entry>
    <entry id="60" name="ko:K01916" type="ortholog">
        <graphics name="K01916" fgcolor="#000000" bgcolor="#FFFFFF"
             type="rectangle" x="832" y="291" width="46" height="17"/>
    </entry>
    <entry id="62" name="ko:K00763" type="ortholog">
        <graphics name="K00763" fgcolor="#000000" bgcolor="#FFFFFF"
             type="rectangle" x="574" y="310" width="46" height="17"/>
    </entry>
    <entry id="63" name="ko:K01440" type="ortholog">
        <graphics name="K01440" fgcolor="#000000" bgcolor="#FFFFFF"
             type="rectangle" x="437" y="295" width="46" height="17"/>
    </entry>
    <entry id="65" name="hsa:83594" type="gene" reaction="rn:R00103"
        link="http://www.genome.jp/dbget-bin/www_bget?hsa+83594">
        <graphics name="NUDT12" fgcolor="#000000" bgcolor="#BFFFBF"
             type="rectangle" x="785" y="272" width="46" height="17"/>
    </entry>
    <entry id="66" name="hsa:5167 hsa:5169" type="gene" reaction="rn:R00103"
        link="http://www.genome.jp/dbget-bin/www_bget?hsa+5167+5169">
        <graphics name="ENPP1..." fgcolor="#000000" bgcolor="#BFFFBF"
             type="rectangle" x="785" y="251" width="46" height="17"/>
    </entry>
    <entry id="67" name="ko:K00969" type="ortholog">
        <graphics name="K00969" fgcolor="#000000" bgcolor="#FFFFFF"
             type="rectangle" x="784" y="215" width="46" height="17"/>
    </entry>
    <entry id="68" name="hsa:23057 hsa:349565 hsa:64802" type="gene" reaction="rn:R00137"
        link="http://www.genome.jp/dbget-bin/www_bget?hsa+23057+349565+64802">
        <graphics name="NMNAT2..." fgcolor="#000000" bgcolor="#BFFFBF"
             type="rectangle" x="784" y="194" width="46" height="17"/>
    </entry>
    <entry id="69" name="hsa:22978 hsa:30833 hsa:4907 hsa:51251 hsa:56953 hsa:84618 hsa:93034" type="gene" reaction="rn:R02323"
        link="http://www.genome.jp/dbget-bin/www_bget?hsa+22978+30833+4907+51251+56953+84618+93034">
        <graphics name="NT5C2..." fgcolor="#000000" bgcolor="#BFFFBF"
             type="rectangle" x="646" y="262" width="46" height="17"/>
    </entry>
    <entry id="71" name="ko:K01239" type="ortholog">
        <graphics name="K01239" fgcolor="#000000" bgcolor="#FFFFFF"
             type="rectangle" x="510" y="262" width="46" height="17"/>
    </entry>
    <entry id="72" name="hsa:4860" type="gene" reaction="rn:R02294"
        link="http://www.genome.jp/dbget-bin/www_bget?hsa+4860">
        <graphics name="NP" fgcolor="#000000" bgcolor="#BFFFBF"
             type="rectangle" x="511" y="205" width="46" height="17"/>
    </entry>
    <entry id="74" name="hsa:10135" type="gene" reaction="rn:R01271"
        link="http://www.genome.jp/dbget-bin/www_bget?hsa+10135">
        <graphics name="NAMPT" fgcolor="#000000" bgcolor="#BFFFBF"
             type="rectangle" x="578" y="153" width="46" height="17"/>
    </entry>
    <entry id="76" name="hsa:683 hsa:952" type="gene" reaction="rn:R00102"
        link="http://www.genome.jp/dbget-bin/www_bget?hsa+683+952">
        <graphics name="BST1..." fgcolor="#000000" bgcolor="#BFFFBF"
             type="rectangle" x="649" y="109" width="46" height="17"/>
    </entry>
    <entry id="78" name="hsa:4837" type="gene" reaction="rn:R01269"
        link="http://www.genome.jp/dbget-bin/www_bget?hsa+4837">
        <graphics name="NNMT" fgcolor="#000000" bgcolor="#BFFFBF"
             type="rectangle" x="388" y="236" width="46" height="17"/>
    </entry>
    <entry id="79" name="hsa:316" type="gene" reaction="rn:R04085"
        link="http://www.genome.jp/dbget-bin/www_bget?hsa+316">
        <graphics name="AOX1" fgcolor="#000000" bgcolor="#BFFFBF"
             type="rectangle" x="275" y="235" width="46" height="17"/>
    </entry>
    <entry id="80" name="hsa:65220" type="gene" reaction="rn:R00104"
        link="http://www.genome.jp/dbget-bin/www_bget?hsa+65220">
        <graphics name="NADK" fgcolor="#000000" bgcolor="#BFFFBF"
             type="rectangle" x="931" y="174" width="46" height="17"/>
    </entry>
    <entry id="81" name="ko:K00322" type="ortholog">
        <graphics name="K00322" fgcolor="#000000" bgcolor="#FFFFFF"
             type="rectangle" x="959" y="152" width="46" height="17"/>
    </entry>
    <entry id="82" name="hsa:23530" type="gene" reaction="rn:R00112"
        link="http://www.genome.jp/dbget-bin/www_bget?hsa+23530">
        <graphics name="NNT" fgcolor="#000000" bgcolor="#BFFFBF"
             type="rectangle" x="1009" y="152" width="46" height="17"/>
    </entry>
    <entry id="83" name="cpd:C00006" type="compound"
        link="http://www.genome.jp/dbget-bin/www_bget?compound+C00006">
        <graphics name="C00006" fgcolor="#000000" bgcolor="#FFFFFF"
             type="circle" x="862" y="81" width="8" height="8"/>
    </entry>
    <entry id="84" name="cpd:C00003" type="compound"
        link="http://www.genome.jp/dbget-bin/www_bget?compound+C00003">
        <graphics name="C00003" fgcolor="#000000" bgcolor="#FFFFFF"
             type="circle" x="853" y="235" width="8" height="8"/>
    </entry>
    <entry id="85" name="cpd:C00857" type="compound"
        link="http://www.genome.jp/dbget-bin/www_bget?compound+C00857">
        <graphics name="C00857" fgcolor="#000000" bgcolor="#FFFFFF"
             type="circle" x="853" y="352" width="8" height="8"/>
    </entry>
    <entry id="86" name="cpd:C00455" type="compound"
        link="http://www.genome.jp/dbget-bin/www_bget?compound+C00455">
        <graphics name="C00455" fgcolor="#000000" bgcolor="#FFFFFF"
             type="circle" x="714" y="235" width="8" height="8"/>
    </entry>
    <entry id="87" name="cpd:C01185" type="compound"
        link="http://www.genome.jp/dbget-bin/www_bget?compound+C01185">
        <graphics name="C01185" fgcolor="#000000" bgcolor="#FFFFFF"
             type="circle" x="714" y="352" width="8" height="8"/>
    </entry>
    <entry id="88" name="cpd:C03722" type="compound"
        link="http://www.genome.jp/dbget-bin/www_bget?compound+C03722">
        <graphics name="C03722" fgcolor="#000000" bgcolor="#FFFFFF"
             type="circle" x="789" y="433" width="8" height="8"/>
    </entry>
    <entry id="89" name="cpd:C00111" type="compound"
        link="http://www.genome.jp/dbget-bin/www_bget?compound+C00111">
        <graphics name="C00111" fgcolor="#000000" bgcolor="#FFFFFF"
             type="circle" x="819" y="488" width="8" height="8"/>
    </entry>
    <entry id="90" name="cpd:C00049" type="compound"
        link="http://www.genome.jp/dbget-bin/www_bget?compound+C00049">
        <graphics name="C00049" fgcolor="#000000" bgcolor="#FFFFFF"
             type="circle" x="789" y="641" width="8" height="8"/>
    </entry>
    <entry id="91" name="cpd:C00122" type="compound"
        link="http://www.genome.jp/dbget-bin/www_bget?compound+C00122">
        <graphics name="C00122" fgcolor="#000000" bgcolor="#FFFFFF"
             type="circle" x="714" y="702" width="8" height="8"/>
    </entry>
    <entry id="92" name="cpd:C01384" type="compound"
        link="http://www.genome.jp/dbget-bin/www_bget?compound+C01384">
        <graphics name="C01384" fgcolor="#000000" bgcolor="#FFFFFF"
             type="circle" x="435" y="702" width="8" height="8"/>
    </entry>
    <entry id="93" name="cpd:C01596" type="compound"
        link="http://www.genome.jp/dbget-bin/www_bget?compound+C01596">
        <graphics name="C01596" fgcolor="#000000" bgcolor="#FFFFFF"
             type="circle" x="436" y="636" width="8" height="8"/>
    </entry>
    <entry id="94" name="cpd:C01059" type="compound"
        link="http://www.genome.jp/dbget-bin/www_bget?compound+C01059">
        <graphics name="C01059" fgcolor="#000000" bgcolor="#FFFFFF"
             type="circle" x="347" y="521" width="8" height="8"/>
    </entry>
    <entry id="95" name="cpd:C01020" type="compound"
        link="http://www.genome.jp/dbget-bin/www_bget?compound+C01020">
        <graphics name="C01020" fgcolor="#000000" bgcolor="#FFFFFF"
             type="circle" x="436" y="433" width="8" height="8"/>
    </entry>
    <entry id="96" name="cpd:C00253" type="compound"
        link="http://www.genome.jp/dbget-bin/www_bget?compound+C00253">
        <graphics name="C00253" fgcolor="#000000" bgcolor="#FFFFFF"
             type="circle" x="436" y="352" width="8" height="8"/>
    </entry>
    <entry id="97" name="cpd:C05380" type="compound"
        link="http://www.genome.jp/dbget-bin/www_bget?compound+C05380">
        <graphics name="C05380" fgcolor="#000000" bgcolor="#FFFFFF"
             type="circle" x="265" y="368" width="8" height="8"/>
    </entry>
    <entry id="98" name="cpd:C02918" type="compound"
        link="http://www.genome.jp/dbget-bin/www_bget?compound+C02918">
        <graphics name="C02918" fgcolor="#000000" bgcolor="#FFFFFF"
             type="circle" x="330" y="235" width="8" height="8"/>
    </entry>
    <entry id="99" name="cpd:C00153" type="compound"
        link="http://www.genome.jp/dbget-bin/www_bget?compound+C00153">
        <graphics name="C00153" fgcolor="#000000" bgcolor="#FFFFFF"
             type="circle" x="440" y="235" width="8" height="8"/>
    </entry>
    <entry id="100" name="cpd:C03150" type="compound"
        link="http://www.genome.jp/dbget-bin/www_bget?compound+C03150">
        <graphics name="C03150" fgcolor="#000000" bgcolor="#FFFFFF"
             type="circle" x="576" y="235" width="8" height="8"/>
    </entry>
    <entry id="101" name="cpd:C05840" type="compound"
        link="http://www.genome.jp/dbget-bin/www_bget?compound+C05840">
        <graphics name="C05840" fgcolor="#000000" bgcolor="#FFFFFF"
             type="circle" x="789" y="520" width="8" height="8"/>
    </entry>
    <entry id="102" name="cpd:C05841" type="compound"
        link="http://www.genome.jp/dbget-bin/www_bget?compound+C05841">
        <graphics name="C05841" fgcolor="#000000" bgcolor="#FFFFFF"
             type="circle" x="575" y="352" width="8" height="8"/>
    </entry>
    <entry id="103" name="cpd:C01004" type="compound"
        link="http://www.genome.jp/dbget-bin/www_bget?compound+C01004">
        <graphics name="C01004" fgcolor="#000000" bgcolor="#FFFFFF"
             type="circle" x="330" y="379" width="8" height="8"/>
    </entry>
    <entry id="104" name="cpd:C05843" type="compound"
        link="http://www.genome.jp/dbget-bin/www_bget?compound+C05843">
        <graphics name="C05843" fgcolor="#000000" bgcolor="#FFFFFF"
             type="circle" x="203" y="235" width="8" height="8"/>
    </entry>
    <entry id="105" name="cpd:C05842" type="compound"
        link="http://www.genome.jp/dbget-bin/www_bget?compound+C05842">
        <graphics name="C05842" fgcolor="#000000" bgcolor="#FFFFFF"
             type="circle" x="203" y="197" width="8" height="8"/>
    </entry>
    <entry id="111" name="hsa:316" type="gene" reaction="rn:R08408"
        link="http://www.genome.jp/dbget-bin/www_bget?hsa+316">
        <graphics name="AOX1" fgcolor="#000000" bgcolor="#BFFFBF"
             type="rectangle" x="276" y="199" width="46" height="17"/>
    </entry>
    <relation entry1="78" entry2="79" type="ECrel">
        <subtype name="compound" value="98"/>
    </relation>
    <relation entry1="39" entry2="78" type="ECrel">
        <subtype name="compound" value="99"/>
    </relation>
    <relation entry1="76" entry2="78" type="ECrel">
        <subtype name="compound" value="99"/>
    </relation>
    <relation entry1="74" entry2="78" type="ECrel">
        <subtype name="compound" value="99"/>
    </relation>
    <relation entry1="72" entry2="78" type="ECrel">
        <subtype name="compound" value="99"/>
    </relation>
    <relation entry1="39" entry2="76" type="ECrel">
        <subtype name="compound" value="99"/>
    </relation>
    <relation entry1="39" entry2="74" type="ECrel">
        <subtype name="compound" value="99"/>
    </relation>
    <relation entry1="39" entry2="72" type="ECrel">
        <subtype name="compound" value="99"/>
    </relation>
    <relation entry1="74" entry2="76" type="ECrel">
        <subtype name="compound" value="99"/>
    </relation>
    <relation entry1="72" entry2="76" type="ECrel">
        <subtype name="compound" value="99"/>
    </relation>
    <relation entry1="72" entry2="74" type="ECrel">
        <subtype name="compound" value="99"/>
    </relation>
    <relation entry1="69" entry2="72" type="ECrel">
        <subtype name="compound" value="100"/>
    </relation>
    <relation entry1="69" entry2="74" type="ECrel">
        <subtype name="compound" value="86"/>
    </relation>
    <relation entry1="65" entry2="74" type="ECrel">
        <subtype name="compound" value="86"/>
    </relation>
    <relation entry1="66" entry2="74" type="ECrel">
        <subtype name="compound" value="86"/>
    </relation>
    <relation entry1="68" entry2="74" type="ECrel">
        <subtype name="compound" value="86"/>
    </relation>
    <relation entry1="65" entry2="69" type="ECrel">
        <subtype name="compound" value="86"/>
    </relation>
    <relation entry1="66" entry2="69" type="ECrel">
        <subtype name="compound" value="86"/>
    </relation>
    <relation entry1="68" entry2="69" type="ECrel">
        <subtype name="compound" value="86"/>
    </relation>
    <relation entry1="65" entry2="68" type="ECrel">
        <subtype name="compound" value="84"/>
    </relation>
    <relation entry1="65" entry2="68" type="ECrel">
        <subtype name="compound" value="86"/>
    </relation>
    <relation entry1="66" entry2="68" type="ECrel">
        <subtype name="compound" value="84"/>
    </relation>
    <relation entry1="66" entry2="68" type="ECrel">
        <subtype name="compound" value="86"/>
    </relation>
    <relation entry1="39" entry2="82" type="ECrel">
        <subtype name="compound" value="83"/>
    </relation>
    <relation entry1="39" entry2="80" type="ECrel">
        <subtype name="compound" value="83"/>
    </relation>
    <relation entry1="80" entry2="82" type="ECrel">
        <subtype name="compound" value="84"/>
    </relation>
    <relation entry1="80" entry2="82" type="ECrel">
        <subtype name="compound" value="83"/>
    </relation>
    <relation entry1="76" entry2="80" type="ECrel">
        <subtype name="compound" value="84"/>
    </relation>
    <relation entry1="76" entry2="82" type="ECrel">
        <subtype name="compound" value="84"/>
    </relation>
    <relation entry1="59" entry2="76" type="ECrel">
        <subtype name="compound" value="84"/>
    </relation>
    <relation entry1="65" entry2="76" type="ECrel">
        <subtype name="compound" value="84"/>
    </relation>
    <relation entry1="66" entry2="76" type="ECrel">
        <subtype name="compound" value="84"/>
    </relation>
    <relation entry1="68" entry2="76" type="ECrel">
        <subtype name="compound" value="84"/>
    </relation>
    <relation entry1="59" entry2="80" type="ECrel">
        <subtype name="compound" value="84"/>
    </relation>
    <relation entry1="65" entry2="80" type="ECrel">
        <subtype name="compound" value="84"/>
    </relation>
    <relation entry1="66" entry2="80" type="ECrel">
        <subtype name="compound" value="84"/>
    </relation>
    <relation entry1="68" entry2="80" type="ECrel">
        <subtype name="compound" value="84"/>
    </relation>
    <relation entry1="59" entry2="82" type="ECrel">
        <subtype name="compound" value="84"/>
    </relation>
    <relation entry1="65" entry2="82" type="ECrel">
        <subtype name="compound" value="84"/>
    </relation>
    <relation entry1="66" entry2="82" type="ECrel">
        <subtype name="compound" value="84"/>
    </relation>
    <relation entry1="68" entry2="82" type="ECrel">
        <subtype name="compound" value="84"/>
    </relation>
    <relation entry1="59" entry2="65" type="ECrel">
        <subtype name="compound" value="84"/>
    </relation>
    <relation entry1="59" entry2="66" type="ECrel">
        <subtype name="compound" value="84"/>
    </relation>
    <relation entry1="59" entry2="68" type="ECrel">
        <subtype name="compound" value="84"/>
    </relation>
    <relation entry1="58" entry2="59" type="ECrel">
        <subtype name="compound" value="85"/>
    </relation>
    <relation entry1="52" entry2="59" type="ECrel">
        <subtype name="compound" value="85"/>
    </relation>
    <relation entry1="40" entry2="59" type="ECrel">
        <subtype name="compound" value="85"/>
    </relation>
    <relation entry1="52" entry2="58" type="ECrel">
        <subtype name="compound" value="87"/>
    </relation>
    <relation entry1="52" entry2="58" type="ECrel">
        <subtype name="compound" value="85"/>
    </relation>
    <relation entry1="40" entry2="58" type="ECrel">
        <subtype name="compound" value="87"/>
    </relation>
    <relation entry1="40" entry2="58" type="ECrel">
        <subtype name="compound" value="85"/>
    </relation>
    <relation entry1="54" entry2="58" type="ECrel">
        <subtype name="compound" value="87"/>
    </relation>
    <relation entry1="53" entry2="58" type="ECrel">
        <subtype name="compound" value="87"/>
    </relation>
    <relation entry1="46" entry2="58" type="ECrel">
        <subtype name="compound" value="87"/>
    </relation>
    <relation entry1="53" entry2="54" type="ECrel">
        <subtype name="compound" value="102"/>
    </relation>
    <relation entry1="53" entry2="54" type="ECrel">
        <subtype name="compound" value="87"/>
    </relation>
    <relation entry1="46" entry2="54" type="ECrel">
        <subtype name="compound" value="87"/>
    </relation>
    <relation entry1="52" entry2="54" type="ECrel">
        <subtype name="compound" value="87"/>
    </relation>
    <relation entry1="40" entry2="54" type="ECrel">
        <subtype name="compound" value="87"/>
    </relation>
    <relation entry1="46" entry2="53" type="ECrel">
        <subtype name="compound" value="87"/>
    </relation>
    <relation entry1="52" entry2="53" type="ECrel">
        <subtype name="compound" value="87"/>
    </relation>
    <relation entry1="40" entry2="53" type="ECrel">
        <subtype name="compound" value="87"/>
    </relation>
    <relation entry1="46" entry2="52" type="ECrel">
        <subtype name="compound" value="87"/>
    </relation>
    <relation entry1="40" entry2="46" type="ECrel">
        <subtype name="compound" value="87"/>
    </relation>
    <relation entry1="54" entry2="55" type="ECrel">
        <subtype name="compound" value="102"/>
    </relation>
    <relation entry1="53" entry2="55" type="ECrel">
        <subtype name="compound" value="102"/>
    </relation>
    <relation entry1="46" entry2="43" type="maplink">
        <subtype name="compound" value="88"/>
    </relation>
    <relation entry1="55" entry2="1" type="maplink">
        <subtype name="compound" value="96"/>
    </relation>
    <reaction name="rn:R00119" type="irreversible">
        <substrate name="cpd:C00006"/>
        <product name="cpd:C00153"/>
    </reaction>
    <reaction name="rn:R03004" type="irreversible">
        <substrate name="cpd:C00857"/>
        <product name="cpd:C01185"/>
    </reaction>
    <reaction name="rn:R03348" type="irreversible">
        <substrate name="cpd:C03722"/>
        <product name="cpd:C01185"/>
    </reaction>
    <reaction name="rn:R03346" type="reversible">
        <substrate name="cpd:C01185"/>
        <product name="cpd:C05841"/>
    </reaction>
    <reaction name="rn:R03347" type="irreversible">
        <substrate name="cpd:C05841"/>
        <product name="cpd:C01185"/>
    </reaction>
    <reaction name="rn:R02295" type="reversible">
        <substrate name="cpd:C05841"/>
        <product name="cpd:C00253"/>
    </reaction>
    <reaction name="rn:R03005" type="reversible">
        <substrate name="cpd:C01185"/>
        <product name="cpd:C00857"/>
    </reaction>
    <reaction name="rn:R00257" type="irreversible">
        <substrate name="cpd:C00857"/>
        <product name="cpd:C00003"/>
    </reaction>
    <reaction name="rn:R00103" type="irreversible">
        <substrate name="cpd:C00003"/>
        <product name="cpd:C00455"/>
    </reaction>
    <reaction name="rn:R00137" type="reversible">
        <substrate name="cpd:C00455"/>
        <product name="cpd:C00003"/>
    </reaction>
    <reaction name="rn:R02323" type="irreversible">
        <substrate name="cpd:C00455"/>
        <product name="cpd:C03150"/>
    </reaction>
    <reaction name="rn:R02294" type="reversible">
        <substrate name="cpd:C03150"/>
        <product name="cpd:C00153"/>
    </reaction>
    <reaction name="rn:R01271" type="reversible">
        <substrate name="cpd:C00455"/>
        <product name="cpd:C00153"/>
    </reaction>
    <reaction name="rn:R00102" type="irreversible">
        <substrate name="cpd:C00003"/>
        <product name="cpd:C00153"/>
    </reaction>
    <reaction name="rn:R01269" type="irreversible">
        <substrate name="cpd:C00153"/>
        <product name="cpd:C02918"/>
    </reaction>
    <reaction name="rn:R04085" type="irreversible">
        <substrate name="cpd:C02918"/>
        <product name="cpd:C05843"/>
    </reaction>
    <reaction name="rn:R00104" type="irreversible">
        <substrate name="cpd:C00003"/>
        <product name="cpd:C00006"/>
    </reaction>
    <reaction name="rn:R00112" type="reversible">
        <substrate name="cpd:C00003"/>
        <product name="cpd:C00006"/>
    </reaction>
    <reaction name="rn:R08408" type="irreversible">
        <substrate name="cpd:C02918"/>
        <product name="cpd:C05842"/>
    </reaction>
</pathway>
