<?xml version="1.0"?>
<!DOCTYPE pathway SYSTEM "http://www.genome.jp/kegg/xml/KGML_v0.6.1_.dtd">
<!-- Creation date: Aug 20 2008 10:30:30 +0900 (JST) -->
<pathway name="path:hsa05040" org="hsa" number="05040"
         title="Huntington's disease"
         image="http://www.genome.jp/kegg/pathway/hsa/hsa05040.gif"
         link="http://www.genome.jp/dbget-bin/show_pathway?hsa05040">
    <entry id="1" name="hsa:7052" type="gene"
        link="http://www.genome.jp/dbget-bin/www_bget?hsa+7052">
        <graphics name="TGM2" fgcolor="#000000" bgcolor="#BFFFBF"
             type="rectangle" x="396" y="256" width="45" height="17"/>
    </entry>
    <entry id="2" name="hsa:55081" type="gene"
        link="http://www.genome.jp/dbget-bin/www_bget?hsa+55081">
        <graphics name="IFT57, ESRRBL1" fgcolor="#000000" bgcolor="#BFFFBF"
             type="rectangle" x="295" y="89" width="45" height="17"/>
    </entry>
    <entry id="3" name="hsa:9611" type="gene"
        link="http://www.genome.jp/dbget-bin/www_bget?hsa+9611">
        <graphics name="NCOR1" fgcolor="#000000" bgcolor="#BFFFBF"
             type="rectangle" x="323" y="290" width="45" height="17"/>
    </entry>
    <entry id="4" name="hsa:84725" type="gene"
        link="http://www.genome.jp/dbget-bin/www_bget?hsa+84725">
        <graphics name="PLEKHA8" fgcolor="#000000" bgcolor="#BFFFBF"
             type="rectangle" x="204" y="113" width="45" height="17"/>
    </entry>
    <entry id="5" name="hsa:2885" type="gene"
        link="http://www.genome.jp/dbget-bin/www_bget?hsa+2885">
        <graphics name="GRB2" fgcolor="#000000" bgcolor="#BFFFBF"
             type="rectangle" x="174" y="315" width="45" height="17"/>
    </entry>
    <entry id="6" name="hsa:163688 hsa:51806 hsa:801 hsa:805 hsa:808 hsa:810" type="gene"
        link="http://www.genome.jp/dbget-bin/www_bget?hsa+163688+51806+801+805+808+810">
        <graphics name="CALML6..." fgcolor="#000000" bgcolor="#BFFFBF"
             type="rectangle" x="262" y="371" width="45" height="17"/>
    </entry>
    <entry id="7" name="hsa:875" type="gene"
        link="http://www.genome.jp/dbget-bin/www_bget?hsa+875">
        <graphics name="CBS" fgcolor="#000000" bgcolor="#BFFFBF"
             type="rectangle" x="309" y="316" width="45" height="17"/>
    </entry>
    <entry id="8" name="hsa:2597" type="gene"
        link="http://www.genome.jp/dbget-bin/www_bget?hsa+2597">
        <graphics name="GAPDH, GAPD" fgcolor="#000000" bgcolor="#BFFFBF"
             type="rectangle" x="292" y="341" width="45" height="17"/>
    </entry>
    <entry id="9" name="hsa:627" type="gene"
        link="http://www.genome.jp/dbget-bin/www_bget?hsa+627">
        <graphics name="BDNF" fgcolor="#000000" bgcolor="#BFFFBF"
             type="rectangle" x="225" y="340" width="45" height="17"/>
    </entry>
    <entry id="10" name="path:hsa04210" type="map"
        link="http://www.genome.jp/kegg/pathway/hsa/hsa04210.html">
        <graphics name="Apoptosis" fgcolor="#000000" bgcolor="#FFFFFF"
             type="roundrectangle" x="611" y="198" width="69" height="26"/>
    </entry>
    <entry id="11" name="hsa:1211 hsa:1212 hsa:1213 hsa:8218" type="gene"
        link="http://www.genome.jp/dbget-bin/www_bget?hsa+1211+1212+1213+8218">
        <graphics name="CLTA..." fgcolor="#000000" bgcolor="#BFFFBF"
             type="rectangle" x="204" y="96" width="45" height="17"/>
    </entry>
    <entry id="12" name="hsa:7157" type="gene"
        link="http://www.genome.jp/dbget-bin/www_bget?hsa+7157">
        <graphics name="TP53" fgcolor="#000000" bgcolor="#BFFFBF"
             type="rectangle" x="108" y="249" width="45" height="17"/>
    </entry>
    <entry id="13" name="hsa:5921" type="gene"
        link="http://www.genome.jp/dbget-bin/www_bget?hsa+5921">
        <graphics name="RASA1, RASA" fgcolor="#000000" bgcolor="#BFFFBF"
             type="rectangle" x="164" y="276" width="46" height="16"/>
    </entry>
    <entry id="14" name="hsa:1387 hsa:2033" type="gene"
        link="http://www.genome.jp/dbget-bin/www_bget?hsa+1387+2033">
        <graphics name="CREBBP, RSTS..." fgcolor="#000000" bgcolor="#BFFFBF"
             type="rectangle" x="147" y="138" width="45" height="17"/>
    </entry>
    <entry id="15" name="path:hsa05040" type="map"
        link="http://www.genome.jp/dbget-bin/get_linkdb?pathway+hsa05040">
        <graphics name="TITLE:Huntington's disease" fgcolor="#000000" bgcolor="#FFFFFF"
             type="roundrectangle" x="126" y="43" width="142" height="26"/>
    </entry>
    <entry id="16" name="hsa:3093" type="gene"
        link="http://www.genome.jp/dbget-bin/www_bget?hsa+3093">
        <graphics name="UBE2K, HIP2" fgcolor="#000000" bgcolor="#BFFFBF"
             type="rectangle" x="325" y="230" width="45" height="17"/>
    </entry>
    <entry id="17" name="hsa:1639" type="gene"
        link="http://www.genome.jp/dbget-bin/www_bget?hsa+1639">
        <graphics name="DCTN1" fgcolor="#000000" bgcolor="#BFFFBF"
             type="rectangle" x="55" y="198" width="45" height="17"/>
    </entry>
    <entry id="18" name="hsa:841" type="gene"
        link="http://www.genome.jp/dbget-bin/www_bget?hsa+841">
        <graphics name="CASP8" fgcolor="#000000" bgcolor="#BFFFBF"
             type="rectangle" x="390" y="112" width="45" height="17"/>
    </entry>
    <entry id="19" name="hsa:834 hsa:836 hsa:839" type="gene"
        link="http://www.genome.jp/dbget-bin/www_bget?hsa+834+836+839">
        <graphics name="CASP1, IL1BC..." fgcolor="#000000" bgcolor="#BFFFBF"
             type="rectangle" x="316" y="182" width="45" height="17"/>
    </entry>
    <entry id="20" name="hsa:9001" type="gene"
        link="http://www.genome.jp/dbget-bin/www_bget?hsa+9001">
        <graphics name="HAP1, HAP2" fgcolor="#000000" bgcolor="#BFFFBF"
             type="rectangle" x="147" y="198" width="45" height="17"/>
    </entry>
    <entry id="21" name="hsa:836" type="gene"
        link="http://www.genome.jp/dbget-bin/www_bget?hsa+836">
        <graphics name="CASP3" fgcolor="#000000" bgcolor="#BFFFBF"
             type="rectangle" x="503" y="112" width="45" height="17"/>
    </entry>
    <entry id="22" name="hsa:3064" type="gene"
        link="http://www.genome.jp/dbget-bin/www_bget?hsa+3064">
        <graphics name="HTT, HD" fgcolor="#000000" bgcolor="#BFFFBF"
             type="rectangle" x="231" y="196" width="46" height="17"/>
    </entry>
    <entry id="23" name="hsa:3092" type="gene"
        link="http://www.genome.jp/dbget-bin/www_bget?hsa+3092">
        <graphics name="HIP1" fgcolor="#000000" bgcolor="#BFFFBF"
             type="rectangle" x="261" y="113" width="45" height="17"/>
    </entry>
    <entry id="24" name="undefined" type="group">
        <graphics fgcolor="#000000" bgcolor="#FFFFFF"
             type="rectangle" x="204" y="105" width="65" height="54"/>
        <component id="4"/>
        <component id="11"/>
    </entry>
    <entry id="25" name="hsa:836" type="gene" map="10"
        link="http://www.genome.jp/dbget-bin/show_pathway?hsa04210+hsa:836"/>
    <entry id="26" name="hsa:841" type="gene" map="10"
        link="http://www.genome.jp/dbget-bin/show_pathway?hsa04210+hsa:841"/>
    <relation entry1="20" entry2="17" type="PPrel">
        <subtype name="activation" value="-->"/>
    </relation>
    <relation entry1="20" entry2="22" type="PPrel">
        <subtype name="binding/association" value="---"/>
    </relation>
    <relation entry1="12" entry2="22" type="PPrel">
        <subtype name="binding/association" value="---"/>
    </relation>
    <relation entry1="13" entry2="22" type="PPrel">
        <subtype name="binding/association" value="---"/>
    </relation>
    <relation entry1="5" entry2="22" type="PPrel">
        <subtype name="binding/association" value="---"/>
    </relation>
    <relation entry1="22" entry2="9" type="GErel">
        <subtype name="repression" value="--|"/>
    </relation>
    <relation entry1="6" entry2="22" type="PPrel">
        <subtype name="binding/association" value="---"/>
    </relation>
    <relation entry1="8" entry2="22" type="PPrel">
        <subtype name="binding/association" value="---"/>
    </relation>
    <relation entry1="7" entry2="22" type="PPrel">
        <subtype name="binding/association" value="---"/>
    </relation>
    <relation entry1="3" entry2="22" type="PPrel">
        <subtype name="binding/association" value="---"/>
    </relation>
    <relation entry1="22" entry2="14" type="PPrel">
        <subtype name="inhibition" value="--|"/>
    </relation>
    <relation entry1="2" entry2="23" type="PPrel">
        <subtype name="binding/association" value="---"/>
    </relation>
    <relation entry1="23" entry2="18" type="PPrel">
        <subtype name="activation" value="-->"/>
    </relation>
    <relation entry1="18" entry2="21" type="PPrel">
        <subtype name="activation" value="-->"/>
    </relation>
    <relation entry1="22" entry2="24" type="PPrel">
        <subtype name="binding/association" value="---"/>
    </relation>
    <relation entry1="22" entry2="23" type="PPrel">
        <subtype name="binding/association" value="---"/>
    </relation>
    <relation entry1="22" entry2="16" type="PPrel">
        <subtype name="indirect" value="..>"/>
    </relation>
    <relation entry1="21" entry2="10" type="maplink">
        <subtype name="activation" value="-->"/>
    </relation>
</pathway>
