<?xml version="1.0"?>
<!DOCTYPE pathway SYSTEM "http://www.genome.jp/kegg/xml/KGML_v0.6.1_.dtd">
<!-- Creation date: Oct 11 2008 00:33:49 +0900 (JST) -->
<pathway name="path:hsa00903" org="hsa" number="00903"
         title="Limonene and pinene degradation"
         image="http://www.genome.jp/kegg/pathway/hsa/hsa00903.gif"
         link="http://www.genome.jp/dbget-bin/show_pathway?hsa00903">
    <entry id="1" name="undefined:" type="undefined">
        <graphics name="3.7.1.-" fgcolor="#000000" bgcolor="#FFFFFF"
             type="rectangle" x="384" y="534" width="45" height="17"/>
    </entry>
    <entry id="2" name="undefined:" type="undefined">
        <graphics name="1.1.-.-" fgcolor="#000000" bgcolor="#FFFFFF"
             type="rectangle" x="384" y="463" width="45" height="17"/>
    </entry>
    <entry id="3" name="undefined:" type="undefined">
        <graphics name="4.2.1.-" fgcolor="#000000" bgcolor="#FFFFFF"
             type="rectangle" x="384" y="393" width="45" height="17"/>
    </entry>
    <entry id="4" name="cpd:C11950" type="compound"
        link="http://www.genome.jp/dbget-bin/www_bget?compound+C11950">
        <graphics name="C11950" fgcolor="#000000" bgcolor="#FFFFFF"
             type="circle" x="1134" y="702" width="8" height="8"/>
    </entry>
    <entry id="5" name="cpd:C11949" type="compound"
        link="http://www.genome.jp/dbget-bin/www_bget?compound+C11949">
        <graphics name="C11949" fgcolor="#000000" bgcolor="#FFFFFF"
             type="circle" x="1134" y="642" width="8" height="8"/>
    </entry>
    <entry id="6" name="cpd:C11948" type="compound"
        link="http://www.genome.jp/dbget-bin/www_bget?compound+C11948">
        <graphics name="C11948" fgcolor="#000000" bgcolor="#FFFFFF"
             type="circle" x="1134" y="567" width="8" height="8"/>
    </entry>
    <entry id="7" name="cpd:C11947" type="compound"
        link="http://www.genome.jp/dbget-bin/www_bget?compound+C11947">
        <graphics name="C11947" fgcolor="#000000" bgcolor="#FFFFFF"
             type="circle" x="1134" y="492" width="8" height="8"/>
    </entry>
    <entry id="8" name="cpd:C11945" type="compound"
        link="http://www.genome.jp/dbget-bin/www_bget?compound+C11945">
        <graphics name="C11945" fgcolor="#000000" bgcolor="#FFFFFF"
             type="circle" x="1169" y="427" width="8" height="8"/>
    </entry>
    <entry id="9" name="cpd:C11946" type="compound"
        link="http://www.genome.jp/dbget-bin/www_bget?compound+C11946">
        <graphics name="C11946" fgcolor="#000000" bgcolor="#FFFFFF"
             type="circle" x="1098" y="429" width="8" height="8"/>
    </entry>
    <entry id="10" name="cpd:C11943" type="compound"
        link="http://www.genome.jp/dbget-bin/www_bget?compound+C11943">
        <graphics name="C11943" fgcolor="#000000" bgcolor="#FFFFFF"
             type="circle" x="1169" y="357" width="8" height="8"/>
    </entry>
    <entry id="11" name="cpd:C11944" type="compound"
        link="http://www.genome.jp/dbget-bin/www_bget?compound+C11944">
        <graphics name="C11944" fgcolor="#000000" bgcolor="#FFFFFF"
             type="circle" x="1098" y="357" width="8" height="8"/>
    </entry>
    <entry id="12" name="cpd:C11942" type="compound"
        link="http://www.genome.jp/dbget-bin/www_bget?compound+C11942">
        <graphics name="C11942" fgcolor="#000000" bgcolor="#FFFFFF"
             type="circle" x="1169" y="292" width="8" height="8"/>
    </entry>
    <entry id="13" name="cpd:C11941" type="compound"
        link="http://www.genome.jp/dbget-bin/www_bget?compound+C11941">
        <graphics name="C11941" fgcolor="#000000" bgcolor="#FFFFFF"
             type="circle" x="1292" y="231" width="8" height="8"/>
    </entry>
    <entry id="14" name="cpd:C11940" type="compound"
        link="http://www.genome.jp/dbget-bin/www_bget?compound+C11940">
        <graphics name="C11940" fgcolor="#000000" bgcolor="#FFFFFF"
             type="circle" x="969" y="356" width="8" height="8"/>
    </entry>
    <entry id="15" name="cpd:C11939" type="compound"
        link="http://www.genome.jp/dbget-bin/www_bget?compound+C11939">
        <graphics name="C11939" fgcolor="#000000" bgcolor="#FFFFFF"
             type="circle" x="969" y="292" width="8" height="8"/>
    </entry>
    <entry id="16" name="cpd:C11938" type="compound"
        link="http://www.genome.jp/dbget-bin/www_bget?compound+C11938">
        <graphics name="C11938" fgcolor="#000000" bgcolor="#FFFFFF"
             type="circle" x="969" y="231" width="8" height="8"/>
    </entry>
    <entry id="17" name="cpd:C11936" type="compound"
        link="http://www.genome.jp/dbget-bin/www_bget?compound+C11936">
        <graphics name="C11936" fgcolor="#000000" bgcolor="#FFFFFF"
             type="circle" x="383" y="577" width="8" height="8"/>
    </entry>
    <entry id="18" name="cpd:C11935" type="compound"
        link="http://www.genome.jp/dbget-bin/www_bget?compound+C11935">
        <graphics name="C11935" fgcolor="#000000" bgcolor="#FFFFFF"
             type="circle" x="383" y="506" width="8" height="8"/>
    </entry>
    <entry id="19" name="cpd:C11934" type="compound"
        link="http://www.genome.jp/dbget-bin/www_bget?compound+C11934">
        <graphics name="C11934" fgcolor="#000000" bgcolor="#FFFFFF"
             type="circle" x="383" y="436" width="8" height="8"/>
    </entry>
    <entry id="20" name="cpd:C11929" type="compound"
        link="http://www.genome.jp/dbget-bin/www_bget?compound+C11929">
        <graphics name="C11929" fgcolor="#000000" bgcolor="#FFFFFF"
             type="circle" x="383" y="365" width="8" height="8"/>
    </entry>
    <entry id="21" name="cpd:C11924" type="compound"
        link="http://www.genome.jp/dbget-bin/www_bget?compound+C11924">
        <graphics name="C11924" fgcolor="#000000" bgcolor="#FFFFFF"
             type="circle" x="383" y="294" width="8" height="8"/>
    </entry>
    <entry id="22" name="cpd:C11937" type="compound"
        link="http://www.genome.jp/dbget-bin/www_bget?compound+C11937">
        <graphics name="C11937" fgcolor="#000000" bgcolor="#FFFFFF"
             type="circle" x="568" y="365" width="8" height="8"/>
    </entry>
    <entry id="23" name="cpd:C04435" type="compound"
        link="http://www.genome.jp/dbget-bin/www_bget?compound+C04435">
        <graphics name="C04435" fgcolor="#000000" bgcolor="#FFFFFF"
             type="circle" x="1098" y="292" width="8" height="8"/>
    </entry>
    <entry id="24" name="cpd:C02759" type="compound"
        link="http://www.genome.jp/dbget-bin/www_bget?compound+C02759">
        <graphics name="C02759" fgcolor="#000000" bgcolor="#FFFFFF"
             type="circle" x="1098" y="231" width="8" height="8"/>
    </entry>
    <entry id="25" name="cpd:C09880" type="compound"
        link="http://www.genome.jp/dbget-bin/www_bget?compound+C09880">
        <graphics name="C09880" fgcolor="#000000" bgcolor="#FFFFFF"
             type="circle" x="1098" y="170" width="8" height="8"/>
    </entry>
    <entry id="26" name="cpd:C09884" type="compound"
        link="http://www.genome.jp/dbget-bin/www_bget?compound+C09884">
        <graphics name="C09884" fgcolor="#000000" bgcolor="#FFFFFF"
             type="circle" x="1292" y="292" width="8" height="8"/>
    </entry>
    <entry id="27" name="cpd:C07276" type="compound"
        link="http://www.genome.jp/dbget-bin/www_bget?compound+C07276">
        <graphics name="C07276" fgcolor="#000000" bgcolor="#FFFFFF"
             type="circle" x="569" y="294" width="8" height="8"/>
    </entry>
    <entry id="28" name="cpd:C07271" type="compound"
        link="http://www.genome.jp/dbget-bin/www_bget?compound+C07271">
        <graphics name="C07271" fgcolor="#000000" bgcolor="#FFFFFF"
             type="circle" x="569" y="233" width="8" height="8"/>
    </entry>
    <entry id="29" name="cpd:C02452" type="compound"
        link="http://www.genome.jp/dbget-bin/www_bget?compound+C02452">
        <graphics name="C02452" fgcolor="#000000" bgcolor="#FFFFFF"
             type="circle" x="383" y="171" width="8" height="8"/>
    </entry>
    <entry id="30" name="cpd:C02576" type="compound"
        link="http://www.genome.jp/dbget-bin/www_bget?compound+C02576">
        <graphics name="C02576" fgcolor="#000000" bgcolor="#FFFFFF"
             type="circle" x="383" y="230" width="8" height="8"/>
    </entry>
    <entry id="31" name="cpd:C11408" type="compound"
        link="http://www.genome.jp/dbget-bin/www_bget?compound+C11408">
        <graphics name="C11408" fgcolor="#000000" bgcolor="#FFFFFF"
             type="circle" x="816" y="264" width="8" height="8"/>
    </entry>
    <entry id="32" name="cpd:C11420" type="compound"
        link="http://www.genome.jp/dbget-bin/www_bget?compound+C11420">
        <graphics name="C11420" fgcolor="#000000" bgcolor="#FFFFFF"
             type="circle" x="815" y="482" width="8" height="8"/>
    </entry>
    <entry id="33" name="cpd:C11418" type="compound"
        link="http://www.genome.jp/dbget-bin/www_bget?compound+C11418">
        <graphics name="C11418" fgcolor="#000000" bgcolor="#FFFFFF"
             type="circle" x="815" y="422" width="8" height="8"/>
    </entry>
    <entry id="34" name="cpd:C11416" type="compound"
        link="http://www.genome.jp/dbget-bin/www_bget?compound+C11416">
        <graphics name="C11416" fgcolor="#000000" bgcolor="#FFFFFF"
             type="circle" x="888" y="365" width="8" height="8"/>
    </entry>
    <entry id="35" name="cpd:C11415" type="compound"
        link="http://www.genome.jp/dbget-bin/www_bget?compound+C11415">
        <graphics name="C11415" fgcolor="#000000" bgcolor="#FFFFFF"
             type="circle" x="815" y="364" width="8" height="8"/>
    </entry>
    <entry id="36" name="cpd:C11413" type="compound"
        link="http://www.genome.jp/dbget-bin/www_bget?compound+C11413">
        <graphics name="C11413" fgcolor="#000000" bgcolor="#FFFFFF"
             type="circle" x="816" y="332" width="8" height="8"/>
    </entry>
    <entry id="37" name="cpd:C11421" type="compound"
        link="http://www.genome.jp/dbget-bin/www_bget?compound+C11421">
        <graphics name="C11421" fgcolor="#000000" bgcolor="#FFFFFF"
             type="circle" x="735" y="602" width="8" height="8"/>
    </entry>
    <entry id="38" name="cpd:C11419" type="compound"
        link="http://www.genome.jp/dbget-bin/www_bget?compound+C11419">
        <graphics name="C11419" fgcolor="#000000" bgcolor="#FFFFFF"
             type="circle" x="735" y="543" width="8" height="8"/>
    </entry>
    <entry id="39" name="cpd:C11417" type="compound"
        link="http://www.genome.jp/dbget-bin/www_bget?compound+C11417">
        <graphics name="C11417" fgcolor="#000000" bgcolor="#FFFFFF"
             type="circle" x="735" y="483" width="8" height="8"/>
    </entry>
    <entry id="40" name="cpd:C11414" type="compound"
        link="http://www.genome.jp/dbget-bin/www_bget?compound+C11414">
        <graphics name="C11414" fgcolor="#000000" bgcolor="#FFFFFF"
             type="circle" x="735" y="423" width="8" height="8"/>
    </entry>
    <entry id="41" name="cpd:C11412" type="compound"
        link="http://www.genome.jp/dbget-bin/www_bget?compound+C11412">
        <graphics name="C11412" fgcolor="#000000" bgcolor="#FFFFFF"
             type="circle" x="735" y="365" width="8" height="8"/>
    </entry>
    <entry id="42" name="cpd:C11410" type="compound"
        link="http://www.genome.jp/dbget-bin/www_bget?compound+C11410">
        <graphics name="C11410" fgcolor="#000000" bgcolor="#FFFFFF"
             type="circle" x="661" y="365" width="8" height="8"/>
    </entry>
    <entry id="43" name="cpd:C11411" type="compound"
        link="http://www.genome.jp/dbget-bin/www_bget?compound+C11411">
        <graphics name="C11411" fgcolor="#000000" bgcolor="#FFFFFF"
             type="circle" x="662" y="331" width="8" height="8"/>
    </entry>
    <entry id="44" name="cpd:C11407" type="compound"
        link="http://www.genome.jp/dbget-bin/www_bget?compound+C11407">
        <graphics name="C11407" fgcolor="#000000" bgcolor="#FFFFFF"
             type="circle" x="151" y="602" width="8" height="8"/>
    </entry>
    <entry id="45" name="cpd:C11405" type="compound"
        link="http://www.genome.jp/dbget-bin/www_bget?compound+C11405">
        <graphics name="C11405" fgcolor="#000000" bgcolor="#FFFFFF"
             type="circle" x="151" y="543" width="8" height="8"/>
    </entry>
    <entry id="46" name="cpd:C11404" type="compound"
        link="http://www.genome.jp/dbget-bin/www_bget?compound+C11404">
        <graphics name="C11404" fgcolor="#000000" bgcolor="#FFFFFF"
             type="circle" x="151" y="483" width="8" height="8"/>
    </entry>
    <entry id="47" name="cpd:C11402" type="compound"
        link="http://www.genome.jp/dbget-bin/www_bget?compound+C11402">
        <graphics name="C11402" fgcolor="#000000" bgcolor="#FFFFFF"
             type="circle" x="151" y="423" width="8" height="8"/>
    </entry>
    <entry id="48" name="cpd:C11406" type="compound"
        link="http://www.genome.jp/dbget-bin/www_bget?compound+C11406">
        <graphics name="C11406" fgcolor="#000000" bgcolor="#FFFFFF"
             type="circle" x="231" y="482" width="8" height="8"/>
    </entry>
    <entry id="49" name="cpd:C11403" type="compound"
        link="http://www.genome.jp/dbget-bin/www_bget?compound+C11403">
        <graphics name="C11403" fgcolor="#000000" bgcolor="#FFFFFF"
             type="circle" x="231" y="422" width="8" height="8"/>
    </entry>
    <entry id="50" name="cpd:C11400" type="compound"
        link="http://www.genome.jp/dbget-bin/www_bget?compound+C11400">
        <graphics name="C11400" fgcolor="#000000" bgcolor="#FFFFFF"
             type="circle" x="304" y="366" width="8" height="8"/>
    </entry>
    <entry id="51" name="cpd:C11401" type="compound"
        link="http://www.genome.jp/dbget-bin/www_bget?compound+C11401">
        <graphics name="C11401" fgcolor="#000000" bgcolor="#FFFFFF"
             type="circle" x="231" y="364" width="8" height="8"/>
    </entry>
    <entry id="52" name="cpd:C11399" type="compound"
        link="http://www.genome.jp/dbget-bin/www_bget?compound+C11399">
        <graphics name="C11399" fgcolor="#000000" bgcolor="#FFFFFF"
             type="circle" x="232" y="332" width="8" height="8"/>
    </entry>
    <entry id="53" name="cpd:C11398" type="compound"
        link="http://www.genome.jp/dbget-bin/www_bget?compound+C11398">
        <graphics name="C11398" fgcolor="#000000" bgcolor="#FFFFFF"
             type="circle" x="151" y="365" width="8" height="8"/>
    </entry>
    <entry id="54" name="cpd:C11397" type="compound"
        link="http://www.genome.jp/dbget-bin/www_bget?compound+C11397">
        <graphics name="C11397" fgcolor="#000000" bgcolor="#FFFFFF"
             type="circle" x="77" y="365" width="8" height="8"/>
    </entry>
    <entry id="55" name="cpd:C11395" type="compound"
        link="http://www.genome.jp/dbget-bin/www_bget?compound+C11395">
        <graphics name="C11395" fgcolor="#000000" bgcolor="#FFFFFF"
             type="circle" x="78" y="264" width="8" height="8"/>
    </entry>
    <entry id="56" name="cpd:C11396" type="compound"
        link="http://www.genome.jp/dbget-bin/www_bget?compound+C11396">
        <graphics name="C11396" fgcolor="#000000" bgcolor="#FFFFFF"
             type="circle" x="78" y="331" width="8" height="8"/>
    </entry>
    <entry id="57" name="cpd:C11409" type="compound"
        link="http://www.genome.jp/dbget-bin/www_bget?compound+C11409">
        <graphics name="C11409" fgcolor="#000000" bgcolor="#FFFFFF"
             type="circle" x="735" y="231" width="8" height="8"/>
    </entry>
    <entry id="58" name="cpd:C11383" type="compound"
        link="http://www.genome.jp/dbget-bin/www_bget?compound+C11383">
        <graphics name="C11383" fgcolor="#000000" bgcolor="#FFFFFF"
             type="circle" x="735" y="292" width="8" height="8"/>
    </entry>
    <entry id="59" name="cpd:C01767" type="compound"
        link="http://www.genome.jp/dbget-bin/www_bget?compound+C01767">
        <graphics name="C01767" fgcolor="#000000" bgcolor="#FFFFFF"
             type="circle" x="151" y="292" width="8" height="8"/>
    </entry>
    <entry id="60" name="cpd:C00964" type="compound"
        link="http://www.genome.jp/dbget-bin/www_bget?compound+C00964">
        <graphics name="C00964" fgcolor="#000000" bgcolor="#FFFFFF"
             type="circle" x="151" y="231" width="8" height="8"/>
    </entry>
    <entry id="61" name="cpd:C00521" type="compound"
        link="http://www.genome.jp/dbget-bin/www_bget?compound+C00521">
        <graphics name="C00521" fgcolor="#000000" bgcolor="#FFFFFF"
             type="circle" x="266" y="170" width="8" height="8"/>
    </entry>
    <entry id="62" name="cpd:C06099" type="compound"
        link="http://www.genome.jp/dbget-bin/www_bget?compound+C06099">
        <graphics name="C06099" fgcolor="#000000" bgcolor="#FFFFFF"
             type="circle" x="654" y="170" width="8" height="8"/>
    </entry>
    <entry id="63" name="hsa:26027 hsa:55432" type="gene" reaction="rn:R06415"
        link="http://www.genome.jp/dbget-bin/www_bget?hsa+26027+55432">
        <graphics name="ACOT11, THEA..." fgcolor="#000000" bgcolor="#BFFFBF"
             type="rectangle" x="1134" y="667" width="45" height="17"/>
    </entry>
    <entry id="64" name="hsa:114799 hsa:157570 hsa:23522 hsa:24142 hsa:253558 hsa:51126 hsa:7994 hsa:80339 hsa:8260" type="gene" reaction="rn:R06414"
        link="http://www.genome.jp/dbget-bin/www_bget?hsa+114799+157570+23522+24142+253558+51126+7994+80339+8260">
        <graphics name="ESCO1..." fgcolor="#000000" bgcolor="#BFFFBF"
             type="rectangle" x="1134" y="598" width="45" height="17"/>
    </entry>
    <entry id="65" name="undefined:" type="undefined">
        <graphics name="1.1.-.-" fgcolor="#000000" bgcolor="#FFFFFF"
             type="rectangle" x="1134" y="528" width="45" height="17"/>
    </entry>
    <entry id="66" name="hsa:1892 hsa:1962 hsa:3030" type="gene" reaction="rn:R06412"
        link="http://www.genome.jp/dbget-bin/www_bget?hsa+1892+1962+3030">
        <graphics name="ECHS1..." fgcolor="#000000" bgcolor="#BFFFBF"
             type="rectangle" x="1170" y="462" width="45" height="17"/>
    </entry>
    <entry id="67" name="hsa:1892 hsa:1962 hsa:3030" type="gene" reaction="rn:R06411"
        link="http://www.genome.jp/dbget-bin/www_bget?hsa+1892+1962+3030">
        <graphics name="ECHS1..." fgcolor="#000000" bgcolor="#BFFFBF"
             type="rectangle" x="1099" y="462" width="45" height="17"/>
    </entry>
    <entry id="68" name="undefined:" type="undefined">
        <graphics name="5.5.1.10" fgcolor="#000000" bgcolor="#FFFFFF"
             type="rectangle" x="1099" y="257" width="45" height="17"/>
    </entry>
    <entry id="69" name="undefined:" type="undefined">
        <graphics name="6.2.1.-" fgcolor="#000000" bgcolor="#FFFFFF"
             type="rectangle" x="1170" y="392" width="45" height="17"/>
    </entry>
    <entry id="70" name="undefined:" type="undefined">
        <graphics name="6.2.1.-" fgcolor="#000000" bgcolor="#FFFFFF"
             type="rectangle" x="1099" y="392" width="45" height="17"/>
    </entry>
    <entry id="71" name="undefined:" type="undefined">
        <graphics name="1.2.-.-" fgcolor="#000000" bgcolor="#FFFFFF"
             type="rectangle" x="1170" y="322" width="45" height="17"/>
    </entry>
    <entry id="72" name="undefined:" type="undefined">
        <graphics name="1.2.1.-" fgcolor="#000000" bgcolor="#FFFFFF"
             type="rectangle" x="1099" y="322" width="45" height="17"/>
    </entry>
    <entry id="73" name="undefined:" type="undefined">
        <graphics name="1.2.-.-" fgcolor="#000000" bgcolor="#FFFFFF"
             type="rectangle" x="969" y="322" width="45" height="17"/>
    </entry>
    <entry id="74" name="undefined:" type="undefined">
        <graphics name="1.1.-.-" fgcolor="#000000" bgcolor="#FFFFFF"
             type="rectangle" x="1293" y="257" width="45" height="17"/>
    </entry>
    <entry id="75" name="undefined:" type="undefined">
        <graphics name="1.1.-.-" fgcolor="#000000" bgcolor="#FFFFFF"
             type="rectangle" x="969" y="257" width="45" height="17"/>
    </entry>
    <entry id="76" name="undefined:" type="undefined">
        <graphics name="1.14.-.-" fgcolor="#000000" bgcolor="#FFFFFF"
             type="rectangle" x="969" y="196" width="45" height="17"/>
    </entry>
    <entry id="77" name="undefined:" type="undefined">
        <graphics name="6.2.1.-" fgcolor="#000000" bgcolor="#FFFFFF"
             type="rectangle" x="735" y="567" width="45" height="17"/>
    </entry>
    <entry id="82" name="undefined:" type="undefined">
        <graphics name="1.3.-.-" fgcolor="#000000" bgcolor="#FFFFFF"
             type="rectangle" x="735" y="316" width="45" height="17"/>
    </entry>
    <entry id="83" name="undefined:" type="undefined">
        <graphics name="1.1.1.275" fgcolor="#000000" bgcolor="#FFFFFF"
             type="rectangle" x="735" y="257" width="46" height="17"/>
    </entry>
    <entry id="84" name="undefined:" type="undefined">
        <graphics name="1.1.99.-" fgcolor="#000000" bgcolor="#FFFFFF"
             type="rectangle" x="568" y="322" width="45" height="17"/>
    </entry>
    <entry id="85" name="undefined:" type="undefined">
        <graphics name="3.3.2.8" fgcolor="#000000" bgcolor="#FFFFFF"
             type="rectangle" x="568" y="257" width="45" height="17"/>
    </entry>
    <entry id="86" name="hsa:217 hsa:218 hsa:219 hsa:220 hsa:223 hsa:224 hsa:501" type="gene" reaction="rn:R06366"
        link="http://www.genome.jp/dbget-bin/www_bget?hsa+217+218+219+220+223+224+501">
        <graphics name="ALDH2..." fgcolor="#000000" bgcolor="#BFFFBF"
             type="rectangle" x="384" y="257" width="45" height="17"/>
    </entry>
    <entry id="87" name="undefined:" type="undefined">
        <graphics name="6.2.1.-" fgcolor="#000000" bgcolor="#FFFFFF"
             type="rectangle" x="384" y="322" width="45" height="17"/>
    </entry>
    <entry id="88" name="undefined:" type="undefined">
        <graphics name="6.2.1.-" fgcolor="#000000" bgcolor="#FFFFFF"
             type="rectangle" x="151" y="567" width="45" height="17"/>
    </entry>
    <entry id="89" name="undefined:" type="undefined">
        <graphics name="1.3.-.-" fgcolor="#000000" bgcolor="#FFFFFF"
             type="rectangle" x="151" y="316" width="45" height="17"/>
    </entry>
    <entry id="90" name="undefined:" type="undefined">
        <graphics name="1.1.1.243" fgcolor="#000000" bgcolor="#FFFFFF"
             type="rectangle" x="152" y="257" width="46" height="17"/>
    </entry>
    <entry id="91" name="undefined:" type="undefined">
        <graphics name="1.14.-.-" fgcolor="#000000" bgcolor="#FFFFFF"
             type="rectangle" x="1293" y="196" width="45" height="17"/>
    </entry>
    <entry id="92" name="undefined:" type="undefined">
        <graphics name="1.14.13.-" fgcolor="#000000" bgcolor="#FFFFFF"
             type="rectangle" x="1099" y="196" width="45" height="17"/>
    </entry>
    <entry id="93" name="undefined:" type="undefined">
        <graphics name="1.14.13.-" fgcolor="#000000" bgcolor="#FFFFFF"
             type="rectangle" x="568" y="448" width="45" height="17"/>
    </entry>
    <entry id="94" name="hsa:1557 hsa:1559" type="gene" reaction="rn:R06119"
        link="http://www.genome.jp/dbget-bin/www_bget?hsa+1557+1559">
        <graphics name="CYP2C19, CYP2C..." fgcolor="#000000" bgcolor="#BFFFBF"
             type="rectangle" x="735" y="196" width="46" height="17"/>
    </entry>
    <entry id="95" name="undefined:" type="undefined">
        <graphics name="1.14.13.-" fgcolor="#000000" bgcolor="#FFFFFF"
             type="rectangle" x="568" y="196" width="45" height="17"/>
    </entry>
    <entry id="96" name="undefined:" type="undefined">
        <graphics name="1.1.1.144" fgcolor="#000000" bgcolor="#FFFFFF"
             type="rectangle" x="384" y="196" width="45" height="17"/>
    </entry>
    <entry id="97" name="hsa:1557 hsa:1559" type="gene" reaction="rn:R02470"
        link="http://www.genome.jp/dbget-bin/www_bget?hsa+1557+1559">
        <graphics name="CYP2C19, CYP2C..." fgcolor="#000000" bgcolor="#BFFFBF"
             type="rectangle" x="321" y="169" width="46" height="17"/>
    </entry>
    <entry id="98" name="hsa:1557 hsa:1559" type="gene" reaction="rn:R02468"
        link="http://www.genome.jp/dbget-bin/www_bget?hsa+1557+1559">
        <graphics name="CYP2C19, CYP2C..." fgcolor="#000000" bgcolor="#BFFFBF"
             type="rectangle" x="152" y="196" width="46" height="17"/>
    </entry>
    <entry id="99" name="path:hsa00902" type="map"
        link="http://www.genome.jp/kegg/pathway/hsa/hsa00902.html">
        <graphics name="Monoterpenoid biosynthesis" fgcolor="#000000" bgcolor="#FFFFFF"
             type="roundrectangle" x="654" y="103" width="153" height="27"/>
    </entry>
    <entry id="100" name="path:hsa00903" type="map"
        link="http://www.genome.jp/dbget-bin/get_linkdb?pathway+hsa00903">
        <graphics name="TITLE:Limonene and pinene degradation" fgcolor="#000000" bgcolor="#FFFFFF"
             type="roundrectangle" x="194" y="54" width="282" height="27"/>
    </entry>
    <relation entry1="97" entry2="98" type="ECrel">
        <subtype name="compound" value="61"/>
    </relation>
    <relation entry1="63" entry2="64" type="ECrel">
        <subtype name="compound" value="5"/>
    </relation>
    <relation entry1="98" entry2="99" type="maplink">
        <subtype name="compound" value="61"/>
    </relation>
    <relation entry1="97" entry2="99" type="maplink">
        <subtype name="compound" value="61"/>
    </relation>
    <relation entry1="94" entry2="99" type="maplink">
        <subtype name="compound" value="62"/>
    </relation>
    <reaction name="rn:R06415" type="irreversible">
        <substrate name="cpd:C11949"/>
        <product name="cpd:C11950"/>
    </reaction>
    <reaction name="rn:R06414" type="irreversible">
        <substrate name="cpd:C11948"/>
        <product name="cpd:C11949"/>
    </reaction>
    <reaction name="rn:R06412" type="irreversible">
        <substrate name="cpd:C11945"/>
        <product name="cpd:C11947"/>
    </reaction>
    <reaction name="rn:R06411" type="irreversible">
        <substrate name="cpd:C11946"/>
        <product name="cpd:C11947"/>
    </reaction>
    <reaction name="rn:R06366" type="irreversible">
        <substrate name="cpd:C02576"/>
        <product name="cpd:C11924"/>
    </reaction>
    <reaction name="rn:R06119" type="irreversible">
        <substrate name="cpd:C06099"/>
        <product name="cpd:C11409"/>
    </reaction>
    <reaction name="rn:R02470" type="irreversible">
        <substrate name="cpd:C00521"/>
        <product name="cpd:C02452"/>
    </reaction>
    <reaction name="rn:R02468" type="irreversible">
        <substrate name="cpd:C00521"/>
        <product name="cpd:C00964"/>
    </reaction>
</pathway>
