<?xml version="1.0"?>
<!DOCTYPE pathway SYSTEM "http://www.genome.jp/kegg/xml/KGML_v0.6.1_.dtd">
<!-- Creation date: Oct 03 2008 00:34:51 +0900 (JST) -->
<pathway name="path:hsa00460" org="hsa" number="00460"
         title="Cyanoamino acid metabolism"
         image="http://www.genome.jp/kegg/pathway/hsa/hsa00460.gif"
         link="http://www.genome.jp/dbget-bin/show_pathway?hsa00460">
    <entry id="1" name="path:map01150" type="map"
        link="http://www.genome.jp/kegg/pathway/map/map01150.html">
        <graphics name="Amino Acid Metabolism" fgcolor="#000000" bgcolor="#FFFFFF"
             type="roundrectangle" x="155" y="107" width="73" height="35"/>
    </entry>
    <entry id="2" name="path:map00473" type="map"
        link="http://www.genome.jp/kegg/pathway/map/map00473.html">
        <graphics name="D-Alanine metabolism" fgcolor="#000000" bgcolor="#FFFFFF"
             type="roundrectangle" x="157" y="335" width="75" height="35"/>
    </entry>
    <entry id="3" name="path:hsa00471" type="map"
        link="http://www.genome.jp/kegg/pathway/hsa/hsa00471.html">
        <graphics name="D-Glutamine and D-glutamate metabolism" fgcolor="#000000" bgcolor="#FFFFFF"
             type="roundrectangle" x="202" y="444" width="96" height="35"/>
    </entry>
    <entry id="4" name="undefined:" type="undefined">
        <graphics name="1.14.13.41" fgcolor="#000000" bgcolor="#FFFFFF"
             type="rectangle" x="201" y="161" width="45" height="17"/>
    </entry>
    <entry id="5" name="path:hsa00472" type="map"
        link="http://www.genome.jp/kegg/pathway/hsa/hsa00472.html">
        <graphics name="D-Arginine and D-ornithine metabolism" fgcolor="#000000" bgcolor="#FFFFFF"
             type="roundrectangle" x="244" y="335" width="94" height="35"/>
    </entry>
    <entry id="6" name="undefined:" type="undefined">
        <graphics name="3.5.5.1" fgcolor="#000000" bgcolor="#FFFFFF"
             type="rectangle" x="271" y="252" width="46" height="17"/>
    </entry>
    <entry id="7" name="undefined:" type="undefined">
        <graphics name="3.5.5.1" fgcolor="#000000" bgcolor="#FFFFFF"
             type="rectangle" x="272" y="378" width="46" height="17"/>
    </entry>
    <entry id="8" name="path:hsa00460" type="map"
        link="http://www.genome.jp/dbget-bin/get_linkdb?pathway+hsa00460">
        <graphics name="TITLE:Cyanoamino acid metabolism" fgcolor="#000000" bgcolor="#FFFFFF"
             type="roundrectangle" x="417" y="50" width="262" height="27"/>
    </entry>
    <entry id="9" name="path:hsa00410" type="map"
        link="http://www.genome.jp/kegg/pathway/hsa/hsa00410.html">
        <graphics name="beta-Alanine metabolism" fgcolor="#000000" bgcolor="#FFFFFF"
             type="roundrectangle" x="327" y="520" width="77" height="35"/>
    </entry>
    <entry id="10" name="path:hsa00450" type="map"
        link="http://www.genome.jp/kegg/pathway/hsa/hsa00450.html">
        <graphics name="Selenoamino acid metabolism" fgcolor="#000000" bgcolor="#FFFFFF"
             type="roundrectangle" x="89" y="252" width="103" height="35"/>
    </entry>
    <entry id="12" name="undefined:" type="undefined">
        <graphics name="4.2.1.66" fgcolor="#000000" bgcolor="#FFFFFF"
             type="rectangle" x="411" y="292" width="45" height="17"/>
    </entry>
    <entry id="13" name="undefined:" type="undefined">
        <graphics name="4.99.1.6" fgcolor="#000000" bgcolor="#FFFFFF"
             type="rectangle" x="421" y="162" width="46" height="17"/>
    </entry>
    <entry id="14" name="undefined:" type="undefined">
        <graphics name="6.3.1.1" fgcolor="#000000" bgcolor="#FFFFFF"
             type="rectangle" x="428" y="558" width="45" height="17"/>
    </entry>
    <entry id="15" name="hsa:124975 hsa:2678 hsa:2686 hsa:2687" type="gene" reaction="rn:R03970"
        link="http://www.genome.jp/dbget-bin/www_bget?hsa+124975+2678+2686+2687">
        <graphics name="GGT6..." fgcolor="#000000" bgcolor="#BFFFBF"
             type="rectangle" x="429" y="462" width="45" height="17"/>
    </entry>
    <entry id="16" name="path:hsa00252" type="map"
        link="http://www.genome.jp/kegg/pathway/hsa/hsa00252.html">
        <graphics name="Alanine and aspartate metabolism" fgcolor="#000000" bgcolor="#FFFFFF"
             type="roundrectangle" x="81" y="334" width="74" height="35"/>
    </entry>
    <entry id="17" name="undefined:" type="undefined">
        <graphics name="4.4.1.9" fgcolor="#000000" bgcolor="#FFFFFF"
             type="rectangle" x="476" y="400" width="45" height="17"/>
    </entry>
    <entry id="18" name="undefined:" type="undefined">
        <graphics name="3.5.5.4" fgcolor="#000000" bgcolor="#FFFFFF"
             type="rectangle" x="477" y="488" width="46" height="17"/>
    </entry>
    <entry id="19" name="hsa:80150" type="gene" reaction="rn:R00485"
        link="http://www.genome.jp/dbget-bin/www_bget?hsa+80150">
        <graphics name="ASRGL1" fgcolor="#000000" bgcolor="#BFFFBF"
             type="rectangle" x="477" y="558" width="45" height="17"/>
    </entry>
    <entry id="20" name="undefined:" type="undefined">
        <graphics name="2.4.1.85" fgcolor="#000000" bgcolor="#FFFFFF"
             type="rectangle" x="522" y="195" width="45" height="17"/>
    </entry>
    <entry id="21" name="hsa:2629 hsa:57733" type="gene" reaction="rn:R04949"
        link="http://www.genome.jp/dbget-bin/www_bget?hsa+2629+57733">
        <graphics name="GBA, GLUC..." fgcolor="#000000" bgcolor="#BFFFBF"
             type="rectangle" x="522" y="214" width="45" height="17"/>
    </entry>
    <entry id="22" name="hsa:124975 hsa:2678 hsa:2686 hsa:2687" type="gene" reaction="rn:R03971"
        link="http://www.genome.jp/dbget-bin/www_bget?hsa+124975+2678+2686+2687">
        <graphics name="GGT6..." fgcolor="#000000" bgcolor="#BFFFBF"
             type="rectangle" x="560" y="427" width="45" height="17"/>
    </entry>
    <entry id="23" name="undefined:" type="undefined">
        <graphics name="4.2.1.65" fgcolor="#000000" bgcolor="#FFFFFF"
             type="rectangle" x="571" y="525" width="44" height="17"/>
    </entry>
    <entry id="24" name="path:hsa00260" type="map"
        link="http://www.genome.jp/kegg/pathway/hsa/hsa00260.html">
        <graphics name="Glycine, serine and threonine metabolism" fgcolor="#000000" bgcolor="#FFFFFF"
             type="roundrectangle" x="673" y="149" width="114" height="27"/>
    </entry>
    <entry id="25" name="path:hsa00480" type="map"
        link="http://www.genome.jp/kegg/pathway/hsa/hsa00480.html">
        <graphics name="Glutathione metabolism" fgcolor="#000000" bgcolor="#FFFFFF"
             type="roundrectangle" x="674" y="346" width="76" height="35"/>
    </entry>
    <entry id="26" name="hsa:6470 hsa:6472" type="gene" reaction="rn:R00945"
        link="http://www.genome.jp/dbget-bin/www_bget?hsa+6470+6472">
        <graphics name="SHMT1..." fgcolor="#000000" bgcolor="#BFFFBF"
             type="rectangle" x="673" y="262" width="45" height="17"/>
    </entry>
    <entry id="27" name="path:hsa00430" type="map"
        link="http://www.genome.jp/kegg/pathway/hsa/hsa00430.html">
        <graphics name="Taurine and hypotaurine metabolism" fgcolor="#000000" bgcolor="#FFFFFF"
             type="roundrectangle" x="732" y="480" width="136" height="35"/>
    </entry>
    <entry id="28" name="path:hsa00251" type="map"
        link="http://www.genome.jp/kegg/pathway/hsa/hsa00251.html">
        <graphics name="Glutamate metabolism" fgcolor="#000000" bgcolor="#FFFFFF"
             type="roundrectangle" x="111" y="444" width="77" height="35"/>
    </entry>
    <entry id="29" name="undefined:" type="undefined">
        <graphics name="3.5.5.5" fgcolor="#000000" bgcolor="#FFFFFF"
             type="rectangle" x="518" y="97" width="46" height="17"/>
    </entry>
    <entry id="30" name="undefined:" type="undefined">
        <graphics name="3.5.5.1" fgcolor="#000000" bgcolor="#FFFFFF"
             type="rectangle" x="518" y="118" width="46" height="17"/>
    </entry>
    <entry id="31" name="undefined:" type="undefined">
        <graphics name="3.5.1.4" fgcolor="#000000" bgcolor="#FFFFFF"
             type="rectangle" x="571" y="138" width="46" height="17"/>
    </entry>
    <entry id="32" name="undefined:" type="undefined">
        <graphics name="4.2.1.84" fgcolor="#000000" bgcolor="#FFFFFF"
             type="rectangle" x="517" y="160" width="46" height="17"/>
    </entry>
    <entry id="33" name="undefined:" type="undefined">
        <graphics name="4.1.2.10" fgcolor="#000000" bgcolor="#FFFFFF"
             type="rectangle" x="454" y="237" width="46" height="17"/>
    </entry>
    <entry id="34" name="undefined:" type="undefined">
        <graphics name="4.1.2.11" fgcolor="#000000" bgcolor="#FFFFFF"
             type="rectangle" x="504" y="237" width="46" height="17"/>
    </entry>
    <entry id="35" name="cpd:C01401" type="compound"
        link="http://www.genome.jp/dbget-bin/www_bget?compound+C01401">
        <graphics name="C01401" fgcolor="#000000" bgcolor="#FFFFFF"
             type="circle" x="200" y="252" width="8" height="8"/>
    </entry>
    <entry id="36" name="cpd:C00302" type="compound"
        link="http://www.genome.jp/dbget-bin/www_bget?compound+C00302">
        <graphics name="C00302" fgcolor="#000000" bgcolor="#FFFFFF"
             type="circle" x="200" y="378" width="8" height="8"/>
    </entry>
    <entry id="37" name="cpd:C05710" type="compound"
        link="http://www.genome.jp/dbget-bin/www_bget?compound+C05710">
        <graphics name="C05710" fgcolor="#000000" bgcolor="#FFFFFF"
             type="circle" x="255" y="161" width="8" height="8"/>
    </entry>
    <entry id="38" name="cpd:C05718" type="compound"
        link="http://www.genome.jp/dbget-bin/www_bget?compound+C05718">
        <graphics name="C05718" fgcolor="#000000" bgcolor="#FFFFFF"
             type="circle" x="318" y="161" width="8" height="8"/>
    </entry>
    <entry id="39" name="cpd:C05714" type="compound"
        link="http://www.genome.jp/dbget-bin/www_bget?compound+C05714">
        <graphics name="C05714" fgcolor="#000000" bgcolor="#FFFFFF"
             type="circle" x="337" y="252" width="8" height="8"/>
    </entry>
    <entry id="41" name="cpd:C00488" type="compound"
        link="http://www.genome.jp/dbget-bin/www_bget?compound+C00488">
        <graphics name="C00488" fgcolor="#000000" bgcolor="#FFFFFF"
             type="circle" x="337" y="293" width="8" height="8"/>
    </entry>
    <entry id="42" name="cpd:C05715" type="compound"
        link="http://www.genome.jp/dbget-bin/www_bget?compound+C05715">
        <graphics name="C05715" fgcolor="#000000" bgcolor="#FFFFFF"
             type="circle" x="337" y="378" width="8" height="8"/>
    </entry>
    <entry id="45" name="cpd:C05711" type="compound"
        link="http://www.genome.jp/dbget-bin/www_bget?compound+C05711">
        <graphics name="C05711" fgcolor="#000000" bgcolor="#FFFFFF"
             type="circle" x="373" y="462" width="8" height="8"/>
    </entry>
    <entry id="46" name="cpd:C02658" type="compound"
        link="http://www.genome.jp/dbget-bin/www_bget?compound+C02658">
        <graphics name="C02658" fgcolor="#000000" bgcolor="#FFFFFF"
             type="circle" x="380" y="161" width="8" height="8"/>
    </entry>
    <entry id="48" name="cpd:C00049" type="compound"
        link="http://www.genome.jp/dbget-bin/www_bget?compound+C00049">
        <graphics name="C00049" fgcolor="#000000" bgcolor="#FFFFFF"
             type="circle" x="477" y="522" width="8" height="8"/>
    </entry>
    <entry id="49" name="cpd:C00177" type="compound"
        link="http://www.genome.jp/dbget-bin/www_bget?compound+C00177">
        <graphics name="C00177" fgcolor="#000000" bgcolor="#FFFFFF"
             type="circle" x="477" y="293" width="8" height="8"/>
    </entry>
    <entry id="50" name="cpd:C02512" type="compound"
        link="http://www.genome.jp/dbget-bin/www_bget?compound+C02512">
        <graphics name="C02512" fgcolor="#000000" bgcolor="#FFFFFF"
             type="circle" x="477" y="462" width="8" height="8"/>
    </entry>
    <entry id="51" name="cpd:C00152" type="compound"
        link="http://www.genome.jp/dbget-bin/www_bget?compound+C00152">
        <graphics name="C00152" fgcolor="#000000" bgcolor="#FFFFFF"
             type="circle" x="477" y="587" width="8" height="8"/>
    </entry>
    <entry id="52" name="cpd:C05712" type="compound"
        link="http://www.genome.jp/dbget-bin/www_bget?compound+C05712">
        <graphics name="C05712" fgcolor="#000000" bgcolor="#FFFFFF"
             type="circle" x="479" y="205" width="8" height="8"/>
    </entry>
    <entry id="53" name="cpd:C00014" type="compound"
        link="http://www.genome.jp/dbget-bin/www_bget?compound+C00014">
        <graphics name="C00014" fgcolor="#000000" bgcolor="#FFFFFF"
             type="circle" x="544" y="323" width="8" height="8"/>
    </entry>
    <entry id="54" name="cpd:C00011" type="compound"
        link="http://www.genome.jp/dbget-bin/www_bget?compound+C00011">
        <graphics name="C00011" fgcolor="#000000" bgcolor="#FFFFFF"
             type="circle" x="544" y="350" width="8" height="8"/>
    </entry>
    <entry id="55" name="cpd:C05713" type="compound"
        link="http://www.genome.jp/dbget-bin/www_bget?compound+C05713">
        <graphics name="C05713" fgcolor="#000000" bgcolor="#FFFFFF"
             type="circle" x="566" y="205" width="8" height="8"/>
    </entry>
    <entry id="56" name="cpd:C06114" type="compound"
        link="http://www.genome.jp/dbget-bin/www_bget?compound+C06114">
        <graphics name="C06114" fgcolor="#000000" bgcolor="#FFFFFF"
             type="circle" x="609" y="427" width="8" height="8"/>
    </entry>
    <entry id="57" name="cpd:C00065" type="compound"
        link="http://www.genome.jp/dbget-bin/www_bget?compound+C00065">
        <graphics name="C00065" fgcolor="#000000" bgcolor="#FFFFFF"
             type="circle" x="673" y="230" width="8" height="8"/>
    </entry>
    <entry id="58" name="cpd:C00037" type="compound"
        link="http://www.genome.jp/dbget-bin/www_bget?compound+C00037">
        <graphics name="C00037" fgcolor="#000000" bgcolor="#FFFFFF"
             type="circle" x="673" y="293" width="8" height="8"/>
    </entry>
    <entry id="59" name="cpd:C00736" type="compound"
        link="http://www.genome.jp/dbget-bin/www_bget?compound+C00736">
        <graphics name="C00736" fgcolor="#000000" bgcolor="#FFFFFF"
             type="circle" x="730" y="376" width="8" height="8"/>
    </entry>
    <entry id="60" name="cpd:C00151" type="compound"
        link="http://www.genome.jp/dbget-bin/www_bget?compound+C00151">
        <graphics name="C00151" fgcolor="#000000" bgcolor="#FFFFFF"
             type="circle" x="155" y="161" width="8" height="8"/>
    </entry>
    <entry id="61" name="cpd:C00060" type="compound"
        link="http://www.genome.jp/dbget-bin/www_bget?compound+C00060">
        <graphics name="C00060" fgcolor="#000000" bgcolor="#FFFFFF"
             type="circle" x="570" y="108" width="8" height="8"/>
    </entry>
    <entry id="62" name="cpd:C03620" type="compound"
        link="http://www.genome.jp/dbget-bin/www_bget?compound+C03620">
        <graphics name="C03620" fgcolor="#000000" bgcolor="#FFFFFF"
             type="circle" x="571" y="162" width="8" height="8"/>
    </entry>
    <entry id="63" name="cpd:C00726" type="compound"
        link="http://www.genome.jp/dbget-bin/www_bget?compound+C00726">
        <graphics name="C00726" fgcolor="#000000" bgcolor="#FFFFFF"
             type="circle" x="479" y="161" width="8" height="8"/>
    </entry>
    <entry id="64" name="hsa:1036" type="gene" map="27"
        link="http://www.genome.jp/dbget-bin/show_pathway?hsa00430+hsa:1036"/>
    <entry id="67" name="hsa:2937" type="gene" map="25"
        link="http://www.genome.jp/dbget-bin/show_pathway?hsa00480+hsa:2937"/>
    <entry id="70" name="hsa:189" type="gene" map="24"
        link="http://www.genome.jp/dbget-bin/show_pathway?hsa00260+hsa:189"/>
    <entry id="72" name="hsa:5723" type="gene" map="24"
        link="http://www.genome.jp/dbget-bin/show_pathway?hsa00260+hsa:5723"/>
    <entry id="73" name="hsa:875" type="gene" map="24"
        link="http://www.genome.jp/dbget-bin/show_pathway?hsa00260+hsa:875"/>
    <entry id="74" name="hsa:10993" type="gene" map="24"
        link="http://www.genome.jp/dbget-bin/show_pathway?hsa00260+hsa:10993"/>
    <entry id="77" name="hsa:54938 hsa:6301" type="gene" map="24"
        link="http://www.genome.jp/dbget-bin/show_pathway?hsa00260+hsa:54938+hsa:6301"/>
    <entry id="79" name="hsa:2571 hsa:2572" type="gene" map="9"
        link="http://www.genome.jp/dbget-bin/show_pathway?hsa00410+hsa:2571+hsa:2572"/>
    <entry id="80" name="hsa:2746 hsa:2747" type="gene" map="3"
        link="http://www.genome.jp/dbget-bin/show_pathway?hsa00471+hsa:2746+hsa:2747"/>
    <entry id="81" name="hsa:27165 hsa:2744" type="gene" map="3"
        link="http://www.genome.jp/dbget-bin/show_pathway?hsa00471+hsa:27165+hsa:2744"/>
    <entry id="86" name="hsa:2746 hsa:2747" type="gene" map="28"
        link="http://www.genome.jp/dbget-bin/show_pathway?hsa00251+hsa:2746+hsa:2747"/>
    <entry id="88" name="hsa:8659" type="gene" map="28"
        link="http://www.genome.jp/dbget-bin/show_pathway?hsa00251+hsa:8659"/>
    <entry id="89" name="hsa:2805 hsa:2806" type="gene" map="28"
        link="http://www.genome.jp/dbget-bin/show_pathway?hsa00251+hsa:2805+hsa:2806"/>
    <entry id="90" name="hsa:2875 hsa:84706" type="gene" map="28"
        link="http://www.genome.jp/dbget-bin/show_pathway?hsa00251+hsa:2875+hsa:84706"/>
    <entry id="91" name="hsa:27165 hsa:2744" type="gene" map="28"
        link="http://www.genome.jp/dbget-bin/show_pathway?hsa00251+hsa:27165+hsa:2744"/>
    <entry id="95" name="hsa:124454 hsa:2058" type="gene" map="28"
        link="http://www.genome.jp/dbget-bin/show_pathway?hsa00251+hsa:124454+hsa:2058"/>
    <entry id="96" name="hsa:2752" type="gene" map="28"
        link="http://www.genome.jp/dbget-bin/show_pathway?hsa00251+hsa:2752"/>
    <entry id="98" name="hsa:16 hsa:57505" type="gene" map="5"
        link="http://www.genome.jp/dbget-bin/show_pathway?hsa00472+hsa:16+hsa:57505"/>
    <entry id="101" name="hsa:2875 hsa:84706" type="gene" map="16"
        link="http://www.genome.jp/dbget-bin/show_pathway?hsa00252+hsa:2875+hsa:84706"/>
    <entry id="102" name="hsa:189 hsa:64902" type="gene" map="16"
        link="http://www.genome.jp/dbget-bin/show_pathway?hsa00252+hsa:189+hsa:64902"/>
    <entry id="105" name="hsa:16 hsa:57505" type="gene" map="16"
        link="http://www.genome.jp/dbget-bin/show_pathway?hsa00252+hsa:16+hsa:57505"/>
    <entry id="106" name="hsa:51540" type="gene" map="10"
        link="http://www.genome.jp/dbget-bin/show_pathway?hsa00450+hsa:51540"/>
    <entry id="107" name="hsa:2571 hsa:2572" type="gene" map="28"
        link="http://www.genome.jp/dbget-bin/show_pathway?hsa00251+hsa:2571+hsa:2572"/>
    <entry id="108" name="cpd:C05670" type="compound"
        link="http://www.genome.jp/dbget-bin/www_bget?compound+C05670">
        <graphics name="C05670" fgcolor="#000000" bgcolor="#FFFFFF"
             type="circle" x="517" y="427" width="8" height="8"/>
    </entry>
    <relation entry1="26" entry2="24" type="maplink">
        <subtype name="compound" value="57"/>
    </relation>
    <relation entry1="26" entry2="25" type="maplink">
        <subtype name="compound" value="58"/>
    </relation>
    <relation entry1="19" entry2="9" type="maplink">
        <subtype name="compound" value="48"/>
    </relation>
    <reaction name="rn:R03970" type="irreversible">
        <substrate name="cpd:C02512"/>
        <product name="cpd:C05711"/>
    </reaction>
    <reaction name="rn:R00485" type="irreversible">
        <substrate name="cpd:C00152"/>
        <product name="cpd:C00049"/>
    </reaction>
    <reaction name="rn:R04949" type="irreversible">
        <substrate name="cpd:C05713"/>
        <product name="cpd:C05712"/>
    </reaction>
    <reaction name="rn:R03971" type="irreversible">
        <substrate name="cpd:C02512"/>
        <product name="cpd:C06114"/>
    </reaction>
    <reaction name="rn:R00945" type="reversible">
        <substrate name="cpd:C00037"/>
        <product name="cpd:C00065"/>
    </reaction>
</pathway>
