<?xml version="1.0"?>
<!DOCTYPE pathway SYSTEM "http://www.genome.jp/kegg/xml/KGML_v0.6.1_.dtd">
<!-- Creation date: Jul 30 2008 19:30:25 +0900 (JST) -->
<pathway name="path:hsa05222" org="hsa" number="05222"
         title="Small cell lung cancer"
         image="http://www.genome.jp/kegg/pathway/hsa/hsa05222.gif"
         link="http://www.genome.jp/dbget-bin/show_pathway?hsa05222">
    <entry id="1" name="path:hsa04115" type="map"
        link="http://www.genome.jp/kegg/pathway/hsa/hsa04115.html">
        <graphics name="p53 signaling pathway" fgcolor="#000000" bgcolor="#FFFFFF"
             type="roundrectangle" x="626" y="157" width="103" height="38"/>
    </entry>
    <entry id="2" name="hsa:898 hsa:9134" type="gene"
        link="http://www.genome.jp/dbget-bin/www_bget?hsa+898+9134">
        <graphics name="CCNE1, CCNE..." fgcolor="#000000" bgcolor="#BFFFBF"
             type="rectangle" x="906" y="281" width="45" height="17"/>
    </entry>
    <entry id="3" name="hsa:1017" type="gene"
        link="http://www.genome.jp/dbget-bin/www_bget?hsa+1017">
        <graphics name="CDK2" fgcolor="#000000" bgcolor="#BFFFBF"
             type="rectangle" x="906" y="264" width="45" height="17"/>
    </entry>
    <entry id="4" name="hsa:595" type="gene"
        link="http://www.genome.jp/dbget-bin/www_bget?hsa+595">
        <graphics name="CCND1, BCL1, D11S287E, PRAD1" fgcolor="#000000" bgcolor="#BFFFBF"
             type="rectangle" x="845" y="225" width="45" height="17"/>
    </entry>
    <entry id="5" name="path:hsa04210" type="map"
        link="http://www.genome.jp/kegg/pathway/hsa/hsa04210.html">
        <graphics name="Apoptosis" fgcolor="#000000" bgcolor="#FFFFFF"
             type="roundrectangle" x="590" y="229" width="102" height="38"/>
    </entry>
    <entry id="6" name="path:hsa04512" type="map"
        link="http://www.genome.jp/kegg/pathway/hsa/hsa04512.html">
        <graphics name="ECM-receptor interaction" fgcolor="#000000" bgcolor="#FFFFFF"
             type="roundrectangle" x="144" y="463" width="102" height="38"/>
    </entry>
    <entry id="7" name="path:hsa04510" type="map"
        link="http://www.genome.jp/kegg/pathway/hsa/hsa04510.html">
        <graphics name="Focal adhesion" fgcolor="#000000" bgcolor="#FFFFFF"
             type="roundrectangle" x="308" y="559" width="102" height="38"/>
    </entry>
    <entry id="8" name="hsa:3688" type="gene"
        link="http://www.genome.jp/dbget-bin/www_bget?hsa+3688">
        <graphics name="ITGB1, FNRB, MSK12, MDF2" fgcolor="#000000" bgcolor="#BFFFBF"
             type="rectangle" x="223" y="514" width="46" height="17"/>
    </entry>
    <entry id="9" name="hsa:3655 hsa:3673 hsa:3674 hsa:3675 hsa:3685" type="gene"
        link="http://www.genome.jp/dbget-bin/www_bget?hsa+3655+3673+3674+3675+3685">
        <graphics name="ITGA6..." fgcolor="#000000" bgcolor="#BFFFBF"
             type="rectangle" x="223" y="497" width="46" height="17"/>
    </entry>
    <entry id="10" name="hsa:10401 hsa:51588 hsa:8554 hsa:9063" type="gene"
        link="http://www.genome.jp/dbget-bin/www_bget?hsa+10401+51588+8554+9063">
        <graphics name="PIAS3..." fgcolor="#000000" bgcolor="#BFFFBF"
             type="rectangle" x="758" y="342" width="45" height="17"/>
    </entry>
    <entry id="11" name="cpd:C05981" type="compound"
        link="http://www.genome.jp/dbget-bin/www_bget?compound+C05981">
        <graphics name="C05981" fgcolor="#000000" bgcolor="#FFFFFF"
             type="circle" x="422" y="507" width="8" height="8"/>
    </entry>
    <entry id="12" name="cpd:C00777 cpd:C15493" type="compound"
        link="http://www.genome.jp/dbget-bin/www_bget?compound+C00777+C15493">
        <graphics name="C00777..." fgcolor="#000000" bgcolor="#FFFFFF"
             type="circle" x="628" y="99" width="8" height="8"/>
    </entry>
    <entry id="13" name="hsa:1027" type="gene"
        link="http://www.genome.jp/dbget-bin/www_bget?hsa+1027">
        <graphics name="CDKN1B" fgcolor="#000000" bgcolor="#BFFFBF"
             type="rectangle" x="844" y="263" width="45" height="17"/>
    </entry>
    <entry id="14" name="hsa:6256 hsa:6257 hsa:6258" type="gene"
        link="http://www.genome.jp/dbget-bin/www_bget?hsa+6256+6257+6258">
        <graphics name="RXRA..." fgcolor="#000000" bgcolor="#BFFFBF"
             type="rectangle" x="843" y="107" width="45" height="16"/>
    </entry>
    <entry id="15" name="hsa:5915" type="gene"
        link="http://www.genome.jp/dbget-bin/www_bget?hsa+5915">
        <graphics name="RARB" fgcolor="#000000" bgcolor="#BFFFBF"
             type="rectangle" x="843" y="90" width="45" height="17"/>
    </entry>
    <entry id="16" name="hsa:7157" type="gene"
        link="http://www.genome.jp/dbget-bin/www_bget?hsa+7157">
        <graphics name="TP53" fgcolor="#000000" bgcolor="#BFFFBF"
             type="rectangle" x="843" y="155" width="45" height="17"/>
    </entry>
    <entry id="17" name="hsa:10000 hsa:207 hsa:208" type="gene"
        link="http://www.genome.jp/dbget-bin/www_bget?hsa+10000+207+208">
        <graphics name="AKT3..." fgcolor="#000000" bgcolor="#BFFFBF"
             type="rectangle" x="473" y="506" width="46" height="17"/>
    </entry>
    <entry id="18" name="hsa:1163" type="gene"
        link="http://www.genome.jp/dbget-bin/www_bget?hsa+1163">
        <graphics name="CKS1B" fgcolor="#000000" bgcolor="#BFFFBF"
             type="rectangle" x="831" y="347" width="45" height="17"/>
    </entry>
    <entry id="19" name="hsa:842" type="gene"
        link="http://www.genome.jp/dbget-bin/www_bget?hsa+842">
        <graphics name="CASP9" fgcolor="#000000" bgcolor="#BFFFBF"
             type="rectangle" x="596" y="271" width="45" height="17"/>
    </entry>
    <entry id="20" name="hsa:317" type="gene"
        link="http://www.genome.jp/dbget-bin/www_bget?hsa+317">
        <graphics name="APAF1" fgcolor="#000000" bgcolor="#BFFFBF"
             type="rectangle" x="484" y="285" width="45" height="17"/>
    </entry>
    <entry id="21" name="hsa:4149" type="gene"
        link="http://www.genome.jp/dbget-bin/www_bget?hsa+4149">
        <graphics name="MAX" fgcolor="#000000" bgcolor="#BFFFBF"
             type="rectangle" x="778" y="441" width="45" height="17"/>
    </entry>
    <entry id="22" name="hsa:4609" type="gene"
        link="http://www.genome.jp/dbget-bin/www_bget?hsa+4609">
        <graphics name="MYC" fgcolor="#000000" bgcolor="#BFFFBF"
             type="rectangle" x="778" y="424" width="45" height="17"/>
    </entry>
    <entry id="23" name="hsa:5728" type="gene"
        link="http://www.genome.jp/dbget-bin/www_bget?hsa+5728">
        <graphics name="PTEN, BZS, MHAM" fgcolor="#000000" bgcolor="#BFFFBF"
             type="rectangle" x="392" y="554" width="45" height="17"/>
    </entry>
    <entry id="24" name="hsa:23533 hsa:5290 hsa:5291 hsa:5293 hsa:5294 hsa:5295 hsa:5296 hsa:8503" type="gene"
        link="http://www.genome.jp/dbget-bin/www_bget?hsa+23533+5290+5291+5293+5294+5295+5296+8503">
        <graphics name="PIK3R5..." fgcolor="#000000" bgcolor="#BFFFBF"
             type="rectangle" x="366" y="506" width="46" height="17"/>
    </entry>
    <entry id="25" name="hsa:5747" type="gene"
        link="http://www.genome.jp/dbget-bin/www_bget?hsa+5747">
        <graphics name="PTK2" fgcolor="#000000" bgcolor="#BFFFBF"
             type="rectangle" x="295" y="506" width="46" height="17"/>
    </entry>
    <entry id="26" name="hsa:2272" type="gene"
        link="http://www.genome.jp/dbget-bin/www_bget?hsa+2272">
        <graphics name="FHIT" fgcolor="#000000" bgcolor="#BFFFBF"
             type="rectangle" x="283" y="123" width="45" height="17"/>
    </entry>
    <entry id="27" name="hsa:54205" type="gene"
        link="http://www.genome.jp/dbget-bin/www_bget?hsa+54205">
        <graphics name="CYCS" fgcolor="#000000" bgcolor="#BFFFBF"
             type="rectangle" x="483" y="255" width="45" height="17"/>
    </entry>
    <entry id="28" name="hsa:10319 hsa:1282 hsa:1284 hsa:1286 hsa:1288 hsa:22798 hsa:2335 hsa:284217 hsa:3908 hsa:3909 hsa:3910 hsa:3911 hsa:3912 hsa:3913 hsa:3914 hsa:3915 hsa:3918" type="gene"
        link="http://www.genome.jp/dbget-bin/www_bget?hsa+10319+1282+1284+1286+1288+22798+2335+284217+3908+3909+3910+3911+3912+3913+3914+3915+3918">
        <graphics name="LAMC3..." fgcolor="#000000" bgcolor="#BFFFBF"
             type="rectangle" x="145" y="506" width="46" height="17"/>
    </entry>
    <entry id="29" name="path:hsa05222" type="map"
        link="http://www.genome.jp/dbget-bin/get_linkdb?pathway+hsa05222">
        <graphics name="TITLE:Small cell lung cancer" fgcolor="#000000" bgcolor="#FFFFFF"
             type="roundrectangle" x="153" y="40" width="209" height="26"/>
    </entry>
    <entry id="30" name="path:hsa04210" type="map"
        link="http://www.genome.jp/kegg/pathway/hsa/hsa04210.html">
        <graphics name="Apoptosis" fgcolor="#000000" bgcolor="#FFFFFF"
             type="roundrectangle" x="1091" y="521" width="102" height="38"/>
    </entry>
    <entry id="31" name="path:hsa04110" type="map"
        link="http://www.genome.jp/kegg/pathway/hsa/hsa04110.html">
        <graphics name="Cell cycle" fgcolor="#000000" bgcolor="#FFFFFF"
             type="roundrectangle" x="1079" y="253" width="103" height="38"/>
    </entry>
    <entry id="32" name="hsa:329 hsa:330 hsa:331" type="gene"
        link="http://www.genome.jp/dbget-bin/www_bget?hsa+329+330+331">
        <graphics name="BIRC2, API1..." fgcolor="#000000" bgcolor="#BFFFBF"
             type="rectangle" x="876" y="497" width="45" height="17"/>
    </entry>
    <entry id="33" name="hsa:596" type="gene"
        link="http://www.genome.jp/dbget-bin/www_bget?hsa+596">
        <graphics name="BCL2" fgcolor="#000000" bgcolor="#BFFFBF"
             type="rectangle" x="419" y="216" width="45" height="17"/>
    </entry>
    <entry id="34" name="hsa:595" type="gene"
        link="http://www.genome.jp/dbget-bin/www_bget?hsa+595">
        <graphics name="CCND1, BCL1, D11S287E, PRAD1" fgcolor="#000000" bgcolor="#BFFFBF"
             type="rectangle" x="876" y="462" width="45" height="17"/>
    </entry>
    <entry id="35" name="hsa:4842 hsa:4843 hsa:4846" type="gene"
        link="http://www.genome.jp/dbget-bin/www_bget?hsa+4842+4843+4846">
        <graphics name="NOS1, NOS..." fgcolor="#000000" bgcolor="#BFFFBF"
             type="rectangle" x="876" y="600" width="45" height="17"/>
    </entry>
    <entry id="36" name="hsa:5743" type="gene"
        link="http://www.genome.jp/dbget-bin/www_bget?hsa+5743">
        <graphics name="PTGS2" fgcolor="#000000" bgcolor="#BFFFBF"
             type="rectangle" x="876" y="578" width="45" height="17"/>
    </entry>
    <entry id="37" name="hsa:1147 hsa:3551 hsa:8517" type="gene"
        link="http://www.genome.jp/dbget-bin/www_bget?hsa+1147+3551+8517">
        <graphics name="CHUK..." fgcolor="#000000" bgcolor="#BFFFBF"
             type="rectangle" x="548" y="506" width="46" height="17"/>
    </entry>
    <entry id="38" name="hsa:4792" type="gene"
        link="http://www.genome.jp/dbget-bin/www_bget?hsa+4792">
        <graphics name="NFKBIA" fgcolor="#000000" bgcolor="#BFFFBF"
             type="rectangle" x="621" y="506" width="45" height="17"/>
    </entry>
    <entry id="39" name="hsa:598" type="gene"
        link="http://www.genome.jp/dbget-bin/www_bget?hsa+598">
        <graphics name="BCL2L1" fgcolor="#000000" bgcolor="#BFFFBF"
             type="rectangle" x="876" y="519" width="45" height="17"/>
    </entry>
    <entry id="40" name="hsa:7185 hsa:7186 hsa:7187 hsa:7188 hsa:7189 hsa:9618" type="gene"
        link="http://www.genome.jp/dbget-bin/www_bget?hsa+7185+7186+7187+7188+7189+9618">
        <graphics name="TRAF1..." fgcolor="#000000" bgcolor="#BFFFBF"
             type="rectangle" x="876" y="541" width="45" height="17"/>
    </entry>
    <entry id="41" name="hsa:1869 hsa:1870 hsa:1871" type="gene"
        link="http://www.genome.jp/dbget-bin/www_bget?hsa+1869+1870+1871">
        <graphics name="E2F1, RBBP3..." fgcolor="#000000" bgcolor="#BFFFBF"
             type="rectangle" x="984" y="310" width="45" height="17"/>
    </entry>
    <entry id="42" name="hsa:1019 hsa:1021" type="gene"
        link="http://www.genome.jp/dbget-bin/www_bget?hsa+1019+1021">
        <graphics name="CDK4..." fgcolor="#000000" bgcolor="#BFFFBF"
             type="rectangle" x="845" y="208" width="45" height="17"/>
    </entry>
    <entry id="43" name="hsa:4790 hsa:4791 hsa:5970" type="gene"
        link="http://www.genome.jp/dbget-bin/www_bget?hsa+4790+4791+5970">
        <graphics name="NFKB1..." fgcolor="#000000" bgcolor="#BFFFBF"
             type="rectangle" x="621" y="539" width="45" height="17"/>
    </entry>
    <entry id="44" name="hsa:5925" type="gene"
        link="http://www.genome.jp/dbget-bin/www_bget?hsa+5925">
        <graphics name="RB1" fgcolor="#000000" bgcolor="#BFFFBF"
             type="rectangle" x="984" y="273" width="45" height="17"/>
    </entry>
    <entry id="45" name="hsa:6502" type="gene"
        link="http://www.genome.jp/dbget-bin/www_bget?hsa+6502">
        <graphics name="SKP2" fgcolor="#000000" bgcolor="#BFFFBF"
             type="rectangle" x="836" y="304" width="45" height="17"/>
    </entry>
    <entry id="46" name="hsa:1030" type="gene"
        link="http://www.genome.jp/dbget-bin/www_bget?hsa+1030">
        <graphics name="CDKN2B" fgcolor="#000000" bgcolor="#BFFFBF"
             type="rectangle" x="744" y="207" width="45" height="17"/>
    </entry>
    <entry id="47" name="undefined" type="group">
        <graphics fgcolor="#000000" bgcolor="#FFFFFF"
             type="rectangle" x="843" y="98" width="65" height="53"/>
        <component id="14"/>
        <component id="15"/>
    </entry>
    <entry id="48" name="undefined" type="group">
        <graphics fgcolor="#000000" bgcolor="#FFFFFF"
             type="rectangle" x="223" y="506" width="66" height="54"/>
        <component id="8"/>
        <component id="9"/>
    </entry>
    <entry id="49" name="undefined" type="group">
        <graphics fgcolor="#000000" bgcolor="#FFFFFF"
             type="rectangle" x="845" y="217" width="65" height="54"/>
        <component id="4"/>
        <component id="42"/>
    </entry>
    <entry id="50" name="undefined" type="group">
        <graphics fgcolor="#000000" bgcolor="#FFFFFF"
             type="rectangle" x="906" y="273" width="65" height="54"/>
        <component id="2"/>
        <component id="3"/>
    </entry>
    <entry id="51" name="undefined" type="group">
        <graphics fgcolor="#000000" bgcolor="#FFFFFF"
             type="rectangle" x="778" y="433" width="65" height="54"/>
        <component id="21"/>
        <component id="22"/>
    </entry>
    <relation entry1="24" entry2="17" type="PPrel">
        <subtype name="compound" value="11"/>
    </relation>
    <relation entry1="18" entry2="45" type="PPrel">
        <subtype name="activation" value="-->"/>
    </relation>
    <relation entry1="28" entry2="48" type="PPrel">
        <subtype name="activation" value="-->"/>
    </relation>
    <relation entry1="48" entry2="25" type="PPrel">
        <subtype name="activation" value="-->"/>
    </relation>
    <relation entry1="25" entry2="24" type="PPrel">
        <subtype name="activation" value="-->"/>
    </relation>
    <relation entry1="17" entry2="37" type="PPrel">
        <subtype name="activation" value="-->"/>
        <subtype name="phosphorylation" value="+p"/>
    </relation>
    <relation entry1="37" entry2="38" type="PPrel">
        <subtype name="activation" value="-->"/>
        <subtype name="phosphorylation" value="+p"/>
    </relation>
    <relation entry1="49" entry2="44" type="PPrel">
        <subtype name="activation" value="-->"/>
        <subtype name="phosphorylation" value="+p"/>
    </relation>
    <relation entry1="50" entry2="44" type="PPrel">
        <subtype name="activation" value="-->"/>
        <subtype name="phosphorylation" value="+p"/>
    </relation>
    <relation entry1="10" entry2="46" type="GErel">
        <subtype name="expression" value="-->"/>
    </relation>
    <relation entry1="51" entry2="49" type="GErel">
        <subtype name="expression" value="-->"/>
    </relation>
    <relation entry1="43" entry2="34" type="GErel">
        <subtype name="expression" value="-->"/>
    </relation>
    <relation entry1="43" entry2="32" type="GErel">
        <subtype name="expression" value="-->"/>
    </relation>
    <relation entry1="43" entry2="39" type="GErel">
        <subtype name="expression" value="-->"/>
    </relation>
    <relation entry1="43" entry2="40" type="GErel">
        <subtype name="expression" value="-->"/>
    </relation>
    <relation entry1="43" entry2="36" type="GErel">
        <subtype name="expression" value="-->"/>
    </relation>
    <relation entry1="43" entry2="35" type="GErel">
        <subtype name="expression" value="-->"/>
    </relation>
    <relation entry1="45" entry2="13" type="PPrel">
        <subtype name="inhibition" value="--|"/>
    </relation>
    <relation entry1="13" entry2="50" type="PPrel">
        <subtype name="inhibition" value="--|"/>
    </relation>
    <relation entry1="41" entry2="44" type="PPrel">
        <subtype name="dissociation" value="-+-"/>
    </relation>
    <relation entry1="38" entry2="43" type="PPrel">
        <subtype name="dissociation" value="-+-"/>
    </relation>
    <relation entry1="51" entry2="18" type="GErel">
        <subtype name="expression" value="-->"/>
    </relation>
    <relation entry1="46" entry2="49" type="PPrel">
        <subtype name="inhibition" value="--|"/>
    </relation>
</pathway>
