<?xml version="1.0"?>
<!DOCTYPE pathway SYSTEM "http://www.genome.jp/kegg/xml/KGML_v0.6.1_.dtd">
<!-- Creation date: Sep 30 2008 05:03:11 +0900 (JST) -->
<pathway name="path:hsa05340" org="hsa" number="05340"
         title="Primary immunodeficiency"
         image="http://www.genome.jp/kegg/pathway/hsa/hsa05340.gif"
         link="http://www.genome.jp/dbget-bin/show_pathway?hsa05340">
    <entry id="1" name="path:hsa04660" type="map"
        link="http://www.genome.jp/kegg/pathway/hsa/hsa04660.html">
        <graphics name="T cell receptor signaling pathway" fgcolor="#000000" bgcolor="#FFFFFF"
             type="roundrectangle" x="1201" y="199" width="113" height="34"/>
    </entry>
    <entry id="2" name="path:hsa04640" type="map"
        link="http://www.genome.jp/kegg/pathway/hsa/hsa04640.html">
        <graphics name="Hematopoietic cell lineage" fgcolor="#000000" bgcolor="#FFFFFF"
             type="roundrectangle" x="773" y="398" width="112" height="34"/>
    </entry>
    <entry id="3" name="path:hsa04662" type="map"
        link="http://www.genome.jp/kegg/pathway/hsa/hsa04662.html">
        <graphics name="B cell receptor signaling pathway" fgcolor="#000000" bgcolor="#FFFFFF"
             type="roundrectangle" x="846" y="704" width="112" height="34"/>
    </entry>
    <entry id="4" name="path:hsa05340" type="map"
        link="http://www.genome.jp/dbget-bin/get_linkdb?pathway+hsa05340">
        <graphics name="TITLE:Primary immunodeficiency" fgcolor="#000000" bgcolor="#FFFFFF"
             type="roundrectangle" x="178" y="67" width="236" height="25"/>
    </entry>
    <entry id="5" name="hsa:6890" type="gene"
        link="http://www.genome.jp/dbget-bin/www_bget?hsa+6890">
        <graphics name="TAP1, ABCB2" fgcolor="#000000" bgcolor="#BFFFBF"
             type="rectangle" x="964" y="54" width="46" height="17"/>
    </entry>
    <entry id="6" name="hsa:958" type="gene"
        link="http://www.genome.jp/dbget-bin/www_bget?hsa+958">
        <graphics name="CD40" fgcolor="#000000" bgcolor="#BFFFBF"
             type="rectangle" x="1018" y="663" width="46" height="17"/>
    </entry>
    <entry id="7" name="hsa:959" type="gene"
        link="http://www.genome.jp/dbget-bin/www_bget?hsa+959">
        <graphics name="CD40LG, HIGM1, IMD3, TNFSF5" fgcolor="#000000" bgcolor="#BFFFBF"
             type="rectangle" x="1071" y="663" width="46" height="17"/>
    </entry>
    <entry id="8" name="hsa:920" type="gene"
        link="http://www.genome.jp/dbget-bin/www_bget?hsa+920">
        <graphics name="CD4" fgcolor="#000000" bgcolor="#BFFFBF"
             type="rectangle" x="803" y="138" width="46" height="17"/>
    </entry>
    <entry id="9" name="hsa:925 hsa:926" type="gene"
        link="http://www.genome.jp/dbget-bin/www_bget?hsa+925+926">
        <graphics name="CD8A..." fgcolor="#000000" bgcolor="#BFFFBF"
             type="rectangle" x="803" y="222" width="46" height="17"/>
    </entry>
    <entry id="10" name="hsa:925 hsa:926" type="gene"
        link="http://www.genome.jp/dbget-bin/www_bget?hsa+925+926">
        <graphics name="CD8A..." fgcolor="#000000" bgcolor="#BFFFBF"
             type="rectangle" x="1117" y="64" width="46" height="17"/>
    </entry>
    <entry id="11" name="hsa:920" type="gene"
        link="http://www.genome.jp/dbget-bin/www_bget?hsa+920">
        <graphics name="CD4" fgcolor="#000000" bgcolor="#BFFFBF"
             type="rectangle" x="1116" y="238" width="46" height="17"/>
    </entry>
    <entry id="12" name="hsa:8517" type="gene"
        link="http://www.genome.jp/dbget-bin/www_bget?hsa+8517">
        <graphics name="IKBKG, IP2, IP1" fgcolor="#000000" bgcolor="#BFFFBF"
             type="rectangle" x="1045" y="530" width="46" height="17"/>
    </entry>
    <entry id="13" name="hsa:57379" type="gene"
        link="http://www.genome.jp/dbget-bin/www_bget?hsa+57379">
        <graphics name="AICDA" fgcolor="#000000" bgcolor="#BFFFBF"
             type="rectangle" x="1071" y="686" width="46" height="17"/>
    </entry>
    <entry id="14" name="hsa:7374" type="gene"
        link="http://www.genome.jp/dbget-bin/www_bget?hsa+7374">
        <graphics name="UNG, DGU" fgcolor="#000000" bgcolor="#BFFFBF"
             type="rectangle" x="1018" y="686" width="46" height="17"/>
    </entry>
    <entry id="15" name="hsa:973" type="gene"
        link="http://www.genome.jp/dbget-bin/www_bget?hsa+973">
        <graphics name="CD79A" fgcolor="#000000" bgcolor="#BFFFBF"
             type="rectangle" x="323" y="687" width="46" height="17"/>
    </entry>
    <entry id="16" name="hsa:29760" type="gene"
        link="http://www.genome.jp/dbget-bin/www_bget?hsa+29760">
        <graphics name="BLNK" fgcolor="#000000" bgcolor="#BFFFBF"
             type="rectangle" x="376" y="687" width="46" height="17"/>
    </entry>
    <entry id="17" name="hsa:695" type="gene"
        link="http://www.genome.jp/dbget-bin/www_bget?hsa+695">
        <graphics name="BTK, AGMX1, IMD1" fgcolor="#000000" bgcolor="#BFFFBF"
             type="rectangle" x="512" y="663" width="46" height="17"/>
    </entry>
    <entry id="18" name="hsa:29851" type="gene"
        link="http://www.genome.jp/dbget-bin/www_bget?hsa+29851">
        <graphics name="ICOS" fgcolor="#000000" bgcolor="#BFFFBF"
             type="rectangle" x="1185" y="663" width="46" height="17"/>
    </entry>
    <entry id="19" name="hsa:115650" type="gene"
        link="http://www.genome.jp/dbget-bin/www_bget?hsa+115650">
        <graphics name="TNFRSF13C" fgcolor="#000000" bgcolor="#BFFFBF"
             type="rectangle" x="1237" y="663" width="46" height="17"/>
    </entry>
    <entry id="20" name="hsa:23495" type="gene"
        link="http://www.genome.jp/dbget-bin/www_bget?hsa+23495">
        <graphics name="TNFRSF13B" fgcolor="#000000" bgcolor="#BFFFBF"
             type="rectangle" x="1237" y="686" width="46" height="17"/>
    </entry>
    <entry id="21" name="hsa:100" type="gene"
        link="http://www.genome.jp/dbget-bin/www_bget?hsa+100">
        <graphics name="ADA" fgcolor="#000000" bgcolor="#BFFFBF"
             type="rectangle" x="357" y="319" width="46" height="17"/>
    </entry>
    <entry id="22" name="hsa:3575" type="gene"
        link="http://www.genome.jp/dbget-bin/www_bget?hsa+3575">
        <graphics name="IL7R" fgcolor="#000000" bgcolor="#BFFFBF"
             type="rectangle" x="410" y="319" width="46" height="17"/>
    </entry>
    <entry id="23" name="hsa:3561" type="gene"
        link="http://www.genome.jp/dbget-bin/www_bget?hsa+3561">
        <graphics name="IL2RG" fgcolor="#000000" bgcolor="#BFFFBF"
             type="rectangle" x="357" y="348" width="46" height="17"/>
    </entry>
    <entry id="24" name="hsa:5896" type="gene"
        link="http://www.genome.jp/dbget-bin/www_bget?hsa+5896">
        <graphics name="RAG1" fgcolor="#000000" bgcolor="#BFFFBF"
             type="rectangle" x="410" y="231" width="46" height="17"/>
    </entry>
    <entry id="25" name="hsa:5897" type="gene"
        link="http://www.genome.jp/dbget-bin/www_bget?hsa+5897">
        <graphics name="RAG2" fgcolor="#000000" bgcolor="#BFFFBF"
             type="rectangle" x="463" y="231" width="46" height="17"/>
    </entry>
    <entry id="26" name="hsa:915" type="gene"
        link="http://www.genome.jp/dbget-bin/www_bget?hsa+915">
        <graphics name="CD3D" fgcolor="#000000" bgcolor="#BFFFBF"
             type="rectangle" x="410" y="254" width="46" height="17"/>
    </entry>
    <entry id="27" name="hsa:916" type="gene"
        link="http://www.genome.jp/dbget-bin/www_bget?hsa+916">
        <graphics name="CD3E" fgcolor="#000000" bgcolor="#BFFFBF"
             type="rectangle" x="463" y="254" width="46" height="17"/>
    </entry>
    <entry id="28" name="hsa:64421" type="gene"
        link="http://www.genome.jp/dbget-bin/www_bget?hsa+64421">
        <graphics name="DCLRE1C, SCIDA" fgcolor="#000000" bgcolor="#BFFFBF"
             type="rectangle" x="358" y="231" width="46" height="17"/>
    </entry>
    <entry id="29" name="hsa:5788" type="gene"
        link="http://www.genome.jp/dbget-bin/www_bget?hsa+5788">
        <graphics name="PTPRC" fgcolor="#000000" bgcolor="#BFFFBF"
             type="rectangle" x="674" y="231" width="46" height="17"/>
    </entry>
    <entry id="30" name="hsa:925" type="gene"
        link="http://www.genome.jp/dbget-bin/www_bget?hsa+925">
        <graphics name="CD8A" fgcolor="#000000" bgcolor="#BFFFBF"
             type="rectangle" x="964" y="85" width="46" height="17"/>
    </entry>
    <entry id="31" name="hsa:7535" type="gene"
        link="http://www.genome.jp/dbget-bin/www_bget?hsa+7535">
        <graphics name="ZAP70, SRK" fgcolor="#000000" bgcolor="#BFFFBF"
             type="rectangle" x="989" y="109" width="46" height="17"/>
    </entry>
    <entry id="32" name="hsa:3932" type="gene"
        link="http://www.genome.jp/dbget-bin/www_bget?hsa+3932">
        <graphics name="LCK" fgcolor="#000000" bgcolor="#BFFFBF"
             type="rectangle" x="1016" y="85" width="46" height="17"/>
    </entry>
    <entry id="33" name="hsa:326" type="gene"
        link="http://www.genome.jp/dbget-bin/www_bget?hsa+326">
        <graphics name="AIRE, APECED" fgcolor="#000000" bgcolor="#BFFFBF"
             type="rectangle" x="894" y="231" width="46" height="17"/>
    </entry>
    <entry id="34" name="hsa:5896" type="gene"
        link="http://www.genome.jp/dbget-bin/www_bget?hsa+5896">
        <graphics name="RAG1" fgcolor="#000000" bgcolor="#BFFFBF"
             type="rectangle" x="323" y="513" width="46" height="17"/>
    </entry>
    <entry id="35" name="hsa:5897" type="gene"
        link="http://www.genome.jp/dbget-bin/www_bget?hsa+5897">
        <graphics name="RAG2" fgcolor="#000000" bgcolor="#BFFFBF"
             type="rectangle" x="376" y="513" width="46" height="17"/>
    </entry>
    <entry id="36" name="hsa:6891" type="gene"
        link="http://www.genome.jp/dbget-bin/www_bget?hsa+6891">
        <graphics name="TAP2, ABCB3" fgcolor="#000000" bgcolor="#BFFFBF"
             type="rectangle" x="1016" y="54" width="46" height="17"/>
    </entry>
    <entry id="37" name="hsa:5993" type="gene"
        link="http://www.genome.jp/dbget-bin/www_bget?hsa+5993">
        <graphics name="RFX5" fgcolor="#000000" bgcolor="#BFFFBF"
             type="rectangle" x="944" y="294" width="46" height="17"/>
    </entry>
    <entry id="38" name="hsa:5994" type="gene"
        link="http://www.genome.jp/dbget-bin/www_bget?hsa+5994">
        <graphics name="RFXAP" fgcolor="#000000" bgcolor="#BFFFBF"
             type="rectangle" x="997" y="294" width="46" height="17"/>
    </entry>
    <entry id="39" name="hsa:8625" type="gene"
        link="http://www.genome.jp/dbget-bin/www_bget?hsa+8625">
        <graphics name="RFXANK" fgcolor="#000000" bgcolor="#BFFFBF"
             type="rectangle" x="944" y="316" width="46" height="17"/>
    </entry>
    <entry id="40" name="hsa:4261" type="gene"
        link="http://www.genome.jp/dbget-bin/www_bget?hsa+4261">
        <graphics name="CIITA, MHC2TA" fgcolor="#000000" bgcolor="#BFFFBF"
             type="rectangle" x="997" y="316" width="46" height="17"/>
    </entry>
    <entry id="41" name="hsa:930" type="gene"
        link="http://www.genome.jp/dbget-bin/www_bget?hsa+930">
        <graphics name="CD19" fgcolor="#000000" bgcolor="#BFFFBF"
             type="rectangle" x="1185" y="686" width="46" height="17"/>
    </entry>
    <entry id="42" name="hsa:3543" type="gene"
        link="http://www.genome.jp/dbget-bin/www_bget?hsa+3543">
        <graphics name="IGLL1" fgcolor="#000000" bgcolor="#BFFFBF"
             type="rectangle" x="376" y="663" width="46" height="17"/>
    </entry>
    <entry id="43" name="hsa:3718" type="gene"
        link="http://www.genome.jp/dbget-bin/www_bget?hsa+3718">
        <graphics name="JAK3" fgcolor="#000000" bgcolor="#BFFFBF"
             type="rectangle" x="410" y="348" width="46" height="17"/>
    </entry>
    <entry id="44" name="ko:K06856" type="ortholog">
        <graphics name="K06856" fgcolor="#000000" bgcolor="#FFFFFF"
             type="rectangle" x="760" y="552" width="46" height="17"/>
    </entry>
    <entry id="45" name="ko:K06856" type="ortholog">
        <graphics name="K06856" fgcolor="#000000" bgcolor="#FFFFFF"
             type="rectangle" x="968" y="596" width="46" height="17"/>
    </entry>
    <entry id="46" name="ko:K06856" type="ortholog">
        <graphics name="K06856" fgcolor="#000000" bgcolor="#FFFFFF"
             type="rectangle" x="1141" y="551" width="46" height="17"/>
    </entry>
    <entry id="47" name="ko:K06856" type="ortholog">
        <graphics name="K06856" fgcolor="#000000" bgcolor="#FFFFFF"
             type="rectangle" x="323" y="663" width="46" height="17"/>
    </entry>
    <entry id="48" name="ko:K06856" type="ortholog">
        <graphics name="K06856" fgcolor="#000000" bgcolor="#FFFFFF"
             type="rectangle" x="923" y="552" width="46" height="17"/>
    </entry>
    <entry id="49" name="ko:K06856" type="ortholog">
        <graphics name="K06856" fgcolor="#000000" bgcolor="#FFFFFF"
             type="rectangle" x="437" y="554" width="46" height="17"/>
    </entry>
    <entry id="50" name="ko:K06856" type="ortholog">
        <graphics name="K06856" fgcolor="#000000" bgcolor="#FFFFFF"
             type="rectangle" x="596" y="552" width="46" height="17"/>
    </entry>
</pathway>
