<?xml version="1.0"?>
<!DOCTYPE pathway SYSTEM "http://www.genome.jp/kegg/xml/KGML_v0.6.1_.dtd">
<!-- Creation date: Oct 21 2008 17:13:26 +0900 (JST) -->
<pathway name="path:hsa00564" org="hsa" number="00564"
         title="Glycerophospholipid metabolism"
         image="http://www.genome.jp/kegg/pathway/hsa/hsa00564.gif"
         link="http://www.genome.jp/dbget-bin/show_pathway?hsa00564">
    <entry id="1" name="path:hsa00565" type="map"
        link="http://www.genome.jp/kegg/pathway/hsa/hsa00565.html">
        <graphics name="Ether lipid metabolism" fgcolor="#000000" bgcolor="#FFFFFF"
             type="roundrectangle" x="147" y="389" width="128" height="27"/>
    </entry>
    <entry id="2" name="hsa:81490" type="gene" reaction="rn:R07376"
        link="http://www.genome.jp/dbget-bin/www_bget?hsa+81490">
        <graphics name="PTDSS2" fgcolor="#000000" bgcolor="#BFFFBF"
             type="rectangle" x="593" y="584" width="46" height="17"/>
    </entry>
    <entry id="3" name="hsa:9791" type="gene" reaction="rn:R07377"
        link="http://www.genome.jp/dbget-bin/www_bget?hsa+9791">
        <graphics name="PTDSS1" fgcolor="#000000" bgcolor="#BFFFBF"
             type="rectangle" x="533" y="328" width="46" height="17"/>
    </entry>
    <entry id="4" name="path:hsa00010" type="map"
        link="http://www.genome.jp/kegg/pathway/hsa/hsa00010.html">
        <graphics name="Glycolysis / Gluconeogenesis" fgcolor="#000000" bgcolor="#FFFFFF"
             type="roundrectangle" x="1186" y="376" width="69" height="25"/>
    </entry>
    <entry id="5" name="undefined:" type="undefined">
        <graphics name="1.1.3.21" fgcolor="#000000" bgcolor="#FFFFFF"
             type="rectangle" x="214" y="215" width="46" height="17"/>
    </entry>
    <entry id="6" name="path:hsa00563" type="map"
        link="http://www.genome.jp/kegg/pathway/hsa/hsa00563.html">
        <graphics name="Glycosylphosphatidylinositol(GPI)-anchor biosynthesis" fgcolor="#000000" bgcolor="#FFFFFF"
             type="roundrectangle" x="127" y="512" width="135" height="27"/>
    </entry>
    <entry id="7" name="cpd:C06771" type="compound"
        link="http://www.genome.jp/dbget-bin/www_bget?compound+C06771">
        <graphics name="C06771" fgcolor="#000000" bgcolor="#FFFFFF"
             type="circle" x="1265" y="458" width="8" height="8"/>
    </entry>
    <entry id="8" name="cpd:C06772" type="compound"
        link="http://www.genome.jp/dbget-bin/www_bget?compound+C06772">
        <graphics name="C06772" fgcolor="#000000" bgcolor="#FFFFFF"
             type="circle" x="1155" y="458" width="8" height="8"/>
    </entry>
    <entry id="9" name="cpd:C00084" type="compound"
        link="http://www.genome.jp/dbget-bin/www_bget?compound+C00084">
        <graphics name="C00084" fgcolor="#000000" bgcolor="#FFFFFF"
             type="circle" x="1080" y="406" width="8" height="8"/>
    </entry>
    <entry id="10" name="undefined:" type="undefined">
        <graphics name="4.3.3.-" fgcolor="#000000" bgcolor="#FFFFFF"
             type="rectangle" x="1220" y="457" width="46" height="17"/>
    </entry>
    <entry id="11" name="undefined:" type="undefined">
        <graphics name="4.3.3.-" fgcolor="#000000" bgcolor="#FFFFFF"
             type="rectangle" x="1116" y="457" width="46" height="17"/>
    </entry>
    <entry id="12" name="path:hsa00561" type="map"
        link="http://www.genome.jp/kegg/pathway/hsa/hsa00561.html">
        <graphics name="Glycerolipid metabolism" fgcolor="#000000" bgcolor="#FFFFFF"
             type="roundrectangle" x="151" y="119" width="137" height="27"/>
    </entry>
    <entry id="13" name="hsa:8443" type="gene" reaction="rn:R01013"
        link="http://www.genome.jp/dbget-bin/www_bget?hsa+8443">
        <graphics name="GNPAT" fgcolor="#000000" bgcolor="#BFFFBF"
             type="rectangle" x="147" y="253" width="46" height="17"/>
    </entry>
    <entry id="14" name="undefined:" type="undefined">
        <graphics name="2.7.8.24" fgcolor="#000000" bgcolor="#FFFFFF"
             type="rectangle" x="495" y="525" width="46" height="17"/>
    </entry>
    <entry id="15" name="undefined:" type="undefined">
        <graphics name="2.3.1.52" fgcolor="#000000" bgcolor="#FFFFFF"
             type="rectangle" x="397" y="370" width="46" height="17"/>
    </entry>
    <entry id="16" name="undefined:" type="undefined">
        <graphics name="2.3.1.62" fgcolor="#000000" bgcolor="#FFFFFF"
             type="rectangle" x="774" y="236" width="45" height="17"/>
    </entry>
    <entry id="17" name="undefined:" type="undefined">
        <graphics name="2.3.1.23" fgcolor="#000000" bgcolor="#FFFFFF"
             type="rectangle" x="774" y="194" width="45" height="17"/>
    </entry>
    <entry id="18" name="hsa:56994" type="gene" reaction="rn:R01321"
        link="http://www.genome.jp/dbget-bin/www_bget?hsa+56994">
        <graphics name="CHPT1" fgcolor="#000000" bgcolor="#BFFFBF"
             type="rectangle" x="739" y="263" width="45" height="17"/>
    </entry>
    <entry id="19" name="hsa:5130 hsa:9468" type="gene" reaction="rn:R01890"
        link="http://www.genome.jp/dbget-bin/www_bget?hsa+5130+9468">
        <graphics name="PCYT1A, PCYT1..." fgcolor="#000000" bgcolor="#BFFFBF"
             type="rectangle" x="885" y="298" width="45" height="17"/>
    </entry>
    <entry id="20" name="hsa:1119 hsa:1120" type="gene" reaction="rn:R01021"
        link="http://www.genome.jp/dbget-bin/www_bget?hsa+1119+1120">
        <graphics name="CHKA, CHK..." fgcolor="#000000" bgcolor="#BFFFBF"
             type="rectangle" x="995" y="286" width="46" height="17"/>
    </entry>
    <entry id="21" name="hsa:43" type="gene" reaction="rn:R01026"
        link="http://www.genome.jp/dbget-bin/www_bget?hsa+43">
        <graphics name="ACHE, YT" fgcolor="#000000" bgcolor="#BFFFBF"
             type="rectangle" x="1105" y="307" width="46" height="17"/>
    </entry>
    <entry id="22" name="hsa:1103" type="gene" reaction="rn:R01023"
        link="http://www.genome.jp/dbget-bin/www_bget?hsa+1103">
        <graphics name="CHAT" fgcolor="#000000" bgcolor="#BFFFBF"
             type="rectangle" x="1105" y="287" width="46" height="17"/>
    </entry>
    <entry id="23" name="undefined:" type="undefined">
        <graphics name="2.7.7.14" fgcolor="#000000" bgcolor="#FFFFFF"
             type="rectangle" x="877" y="465" width="45" height="17"/>
    </entry>
    <entry id="24" name="hsa:1120 hsa:55224 hsa:55500" type="gene" reaction="rn:R01468"
        link="http://www.genome.jp/dbget-bin/www_bget?hsa+1120+55224+55500">
        <graphics name="CHKB, CHKL..." fgcolor="#000000" bgcolor="#BFFFBF"
             type="rectangle" x="995" y="447" width="46" height="17"/>
    </entry>
    <entry id="25" name="undefined:" type="undefined">
        <graphics name="3.1.4.3" fgcolor="#000000" bgcolor="#FFFFFF"
             type="rectangle" x="693" y="284" width="46" height="17"/>
    </entry>
    <entry id="26" name="undefined:" type="undefined">
        <graphics name="3.1.1.32" fgcolor="#000000" bgcolor="#FFFFFF"
             type="rectangle" x="774" y="214" width="45" height="17"/>
    </entry>
    <entry id="27" name="undefined:" type="undefined">
        <graphics name="2.3.1.70" fgcolor="#000000" bgcolor="#FFFFFF"
             type="rectangle" x="330" y="567" width="45" height="17"/>
    </entry>
    <entry id="28" name="hsa:100137049 hsa:26279 hsa:30814 hsa:50487 hsa:5319 hsa:5320 hsa:5321 hsa:5322 hsa:64600 hsa:81579 hsa:8398 hsa:8399 hsa:84647 hsa:8681" type="gene" reaction="rn:R01315"
        link="http://www.genome.jp/dbget-bin/www_bget?hsa+100137049+26279+30814+50487+5319+5320+5321+5322+64600+81579+8398+8399+84647+8681">
        <graphics name="PLA2G4B..." fgcolor="#000000" bgcolor="#BFFFBF"
             type="rectangle" x="774" y="170" width="45" height="17"/>
    </entry>
    <entry id="29" name="undefined:" type="undefined">
        <graphics name="3.1.4.3" fgcolor="#000000" bgcolor="#FFFFFF"
             type="rectangle" x="390" y="738" width="46" height="17"/>
    </entry>
    <entry id="30" name="hsa:1606 hsa:1607 hsa:1608 hsa:160851 hsa:1609 hsa:8525 hsa:8526 hsa:8527 hsa:9162" type="gene" reaction="rn:R02240"
        link="http://www.genome.jp/dbget-bin/www_bget?hsa+1606+1607+1608+160851+1609+8525+8526+8527+9162">
        <graphics name="DGKA, DAGK, DAGK1..." fgcolor="#000000" bgcolor="#BFFFBF"
             type="rectangle" x="590" y="434" width="46" height="17"/>
    </entry>
    <entry id="31" name="hsa:8611 hsa:8612 hsa:8613" type="gene" reaction="rn:R02239"
        link="http://www.genome.jp/dbget-bin/www_bget?hsa+8611+8612+8613">
        <graphics name="PPAP2A..." fgcolor="#000000" bgcolor="#BFFFBF"
             type="rectangle" x="590" y="414" width="46" height="17"/>
    </entry>
    <entry id="32" name="hsa:5337 hsa:5338" type="gene" reaction="rn:R01310"
        link="http://www.genome.jp/dbget-bin/www_bget?hsa+5337+5338">
        <graphics name="PLD1..." fgcolor="#000000" bgcolor="#BFFFBF"
             type="rectangle" x="447" y="409" width="45" height="17"/>
    </entry>
    <entry id="33" name="undefined:" type="undefined">
        <graphics name="3.1.1.32" fgcolor="#000000" bgcolor="#FFFFFF"
             type="rectangle" x="533" y="612" width="46" height="17"/>
    </entry>
    <entry id="34" name="hsa:5337 hsa:5338" type="gene" reaction="rn:R02051"
        link="http://www.genome.jp/dbget-bin/www_bget?hsa+5337+5338">
        <graphics name="PLD1..." fgcolor="#000000" bgcolor="#BFFFBF"
             type="rectangle" x="445" y="486" width="45" height="17"/>
    </entry>
    <entry id="35" name="hsa:51573" type="gene" reaction="rn:R01470"
        link="http://www.genome.jp/dbget-bin/www_bget?hsa+51573">
        <graphics name="GDE1" fgcolor="#000000" bgcolor="#BFFFBF"
             type="rectangle" x="995" y="575" width="46" height="17"/>
    </entry>
    <entry id="36" name="undefined:" type="undefined">
        <graphics name="2.7.8.8" fgcolor="#000000" bgcolor="#FFFFFF"
             type="rectangle" x="434" y="579" width="46" height="17"/>
    </entry>
    <entry id="37" name="hsa:100137049 hsa:26279 hsa:30814 hsa:50487 hsa:5319 hsa:5320 hsa:5321 hsa:5322 hsa:64600 hsa:81579 hsa:8398 hsa:8399 hsa:84647 hsa:8681" type="gene" reaction="rn:R02053"
        link="http://www.genome.jp/dbget-bin/www_bget?hsa+100137049+26279+30814+50487+5319+5320+5321+5322+64600+81579+8398+8399+84647+8681">
        <graphics name="PLA2G4B..." fgcolor="#000000" bgcolor="#BFFFBF"
             type="rectangle" x="774" y="534" width="45" height="17"/>
    </entry>
    <entry id="38" name="hsa:10554 hsa:10555 hsa:137964 hsa:253558 hsa:56894 hsa:56895" type="gene" reaction="rn:R02241"
        link="http://www.genome.jp/dbget-bin/www_bget?hsa+10554+10555+137964+253558+56894+56895">
        <graphics name="AGPAT1..." fgcolor="#000000" bgcolor="#BFFFBF"
             type="rectangle" x="341" y="370" width="46" height="17"/>
    </entry>
    <entry id="39" name="hsa:10423" type="gene" reaction="rn:R01802"
        link="http://www.genome.jp/dbget-bin/www_bget?hsa+10423">
        <graphics name="CDIPT" fgcolor="#000000" bgcolor="#BFFFBF"
             type="rectangle" x="330" y="513" width="45" height="17"/>
    </entry>
    <entry id="40" name="path:hsa00260" type="map"
        link="http://www.genome.jp/kegg/pathway/hsa/hsa00260.html">
        <graphics name="Glycine, serine and threonine metabolism" fgcolor="#000000" bgcolor="#FFFFFF"
             type="roundrectangle" x="720" y="727" width="122" height="37"/>
    </entry>
    <entry id="41" name="undefined:" type="undefined">
        <graphics name="2.7.8.4" fgcolor="#000000" bgcolor="#FFFFFF"
             type="rectangle" x="829" y="434" width="46" height="17"/>
    </entry>
    <entry id="42" name="undefined:" type="undefined">
        <graphics name="3.1.4.3" fgcolor="#000000" bgcolor="#FFFFFF"
             type="rectangle" x="698" y="485" width="46" height="17"/>
    </entry>
    <entry id="43" name="undefined:" type="undefined">
        <graphics name="3.1.1.32" fgcolor="#000000" bgcolor="#FFFFFF"
             type="rectangle" x="774" y="576" width="45" height="17"/>
    </entry>
    <entry id="44" name="hsa:162466" type="gene" reaction="rn:R06870"
        link="http://www.genome.jp/dbget-bin/www_bget?hsa+162466">
        <graphics name="PHOSPHO1" fgcolor="#000000" bgcolor="#BFFFBF"
             type="rectangle" x="995" y="467" width="46" height="17"/>
    </entry>
    <entry id="45" name="undefined:" type="undefined">
        <graphics name="3.1.4.13" fgcolor="#000000" bgcolor="#FFFFFF"
             type="rectangle" x="873" y="404" width="46" height="17"/>
    </entry>
    <entry id="46" name="hsa:57678" type="gene" reaction="rn:R00851"
        link="http://www.genome.jp/dbget-bin/www_bget?hsa+57678">
        <graphics name="GPAM" fgcolor="#000000" bgcolor="#BFFFBF"
             type="rectangle" x="341" y="253" width="46" height="17"/>
    </entry>
    <entry id="47" name="hsa:23171 hsa:2819" type="gene" reaction="rn:R00842"
        link="http://www.genome.jp/dbget-bin/www_bget?hsa+23171+2819">
        <graphics name="GPD1L..." fgcolor="#000000" bgcolor="#BFFFBF"
             type="rectangle" x="214" y="175" width="46" height="17"/>
    </entry>
    <entry id="48" name="undefined:" type="undefined">
        <graphics name="1.1.1.94" fgcolor="#000000" bgcolor="#FFFFFF"
             type="rectangle" x="214" y="194" width="46" height="17"/>
    </entry>
    <entry id="49" name="hsa:2820" type="gene" reaction="rn:R00848"
        link="http://www.genome.jp/dbget-bin/www_bget?hsa+2820">
        <graphics name="GPD2" fgcolor="#000000" bgcolor="#BFFFBF"
             type="rectangle" x="214" y="234" width="46" height="17"/>
    </entry>
    <entry id="50" name="hsa:3931" type="gene" reaction="rn:R02114"
        link="http://www.genome.jp/dbget-bin/www_bget?hsa+3931">
        <graphics name="LCAT" fgcolor="#000000" bgcolor="#BFFFBF"
             type="rectangle" x="774" y="149" width="45" height="17"/>
    </entry>
    <entry id="51" name="undefined:" type="undefined">
        <graphics name="4.3.1.7" fgcolor="#000000" bgcolor="#FFFFFF"
             type="rectangle" x="1044" y="428" width="45" height="17"/>
    </entry>
    <entry id="52" name="undefined:" type="undefined">
        <graphics name="3.1.3.27" fgcolor="#000000" bgcolor="#FFFFFF"
             type="rectangle" x="390" y="665" width="46" height="17"/>
    </entry>
    <entry id="53" name="undefined:" type="undefined">
        <graphics name="3.1.4.2" fgcolor="#000000" bgcolor="#FFFFFF"
             type="rectangle" x="995" y="193" width="46" height="17"/>
    </entry>
    <entry id="54" name="undefined:" type="undefined">
        <graphics name="2.1.1.103" fgcolor="#000000" bgcolor="#FFFFFF"
             type="rectangle" x="936" y="381" width="46" height="17"/>
    </entry>
    <entry id="55" name="undefined:" type="undefined">
        <graphics name="2.7.8.1" fgcolor="#000000" bgcolor="#FFFFFF"
             type="rectangle" x="742" y="505" width="45" height="17"/>
    </entry>
    <entry id="56" name="hsa:10434" type="gene" reaction="rn:R03416"
        link="http://www.genome.jp/dbget-bin/www_bget?hsa+10434">
        <graphics name="LYPLA1" fgcolor="#000000" bgcolor="#BFFFBF"
             type="rectangle" x="864" y="556" width="46" height="17"/>
    </entry>
    <entry id="57" name="undefined:" type="undefined">
        <graphics name="2.1.1.103" fgcolor="#000000" bgcolor="#FFFFFF"
             type="rectangle" x="936" y="433" width="46" height="17"/>
    </entry>
    <entry id="58" name="undefined:" type="undefined">
        <graphics name="2.1.1.103" fgcolor="#000000" bgcolor="#FFFFFF"
             type="rectangle" x="936" y="327" width="46" height="17"/>
    </entry>
    <entry id="59" name="undefined:" type="undefined">
        <graphics name="2.3.1.23" fgcolor="#000000" bgcolor="#FFFFFF"
             type="rectangle" x="774" y="556" width="45" height="17"/>
    </entry>
    <entry id="60" name="hsa:11313" type="gene" reaction="rn:R03417"
        link="http://www.genome.jp/dbget-bin/www_bget?hsa+11313">
        <graphics name="LYPLA2" fgcolor="#000000" bgcolor="#BFFFBF"
             type="rectangle" x="864" y="576" width="46" height="17"/>
    </entry>
    <entry id="61" name="hsa:1040 hsa:8760" type="gene" reaction="rn:R01799"
        link="http://www.genome.jp/dbget-bin/www_bget?hsa+1040+8760">
        <graphics name="CDS1..." fgcolor="#000000" bgcolor="#BFFFBF"
             type="rectangle" x="414" y="510" width="45" height="17"/>
    </entry>
    <entry id="62" name="undefined:" type="undefined">
        <graphics name="1.1.1.101" fgcolor="#000000" bgcolor="#FFFFFF"
             type="rectangle" x="214" y="312" width="46" height="17"/>
    </entry>
    <entry id="63" name="undefined:" type="undefined">
        <graphics name="2.7.7.39" fgcolor="#000000" bgcolor="#FFFFFF"
             type="rectangle" x="396" y="165" width="45" height="17"/>
    </entry>
    <entry id="64" name="path:hsa00620" type="map"
        link="http://www.genome.jp/kegg/pathway/hsa/hsa00620.html">
        <graphics name="Pyruvate metabolism" fgcolor="#000000" bgcolor="#FFFFFF"
             type="roundrectangle" x="1212" y="347" width="118" height="25"/>
    </entry>
    <entry id="65" name="path:hsa00564" type="map"
        link="http://www.genome.jp/dbget-bin/get_linkdb?pathway+hsa00564">
        <graphics name="TITLE:Glycerophospholipid metabolism" fgcolor="#000000" bgcolor="#FFFFFF"
             type="roundrectangle" x="192" y="56" width="283" height="27"/>
    </entry>
    <entry id="66" name="hsa:11313" type="gene" reaction="rn:R02747"
        link="http://www.genome.jp/dbget-bin/www_bget?hsa+11313">
        <graphics name="LYPLA2" fgcolor="#000000" bgcolor="#BFFFBF"
             type="rectangle" x="864" y="214" width="46" height="17"/>
    </entry>
    <entry id="67" name="undefined:" type="undefined">
        <graphics name="3.6.1.16" fgcolor="#000000" bgcolor="#FFFFFF"
             type="rectangle" x="449" y="165" width="46" height="17"/>
    </entry>
    <entry id="68" name="hsa:23761" type="gene" reaction="rn:R02055"
        link="http://www.genome.jp/dbget-bin/www_bget?hsa+23761">
        <graphics name="PISD" fgcolor="#000000" bgcolor="#BFFFBF"
             type="rectangle" x="593" y="564" width="46" height="17"/>
    </entry>
    <entry id="69" name="hsa:162466" type="gene" reaction="rn:R06871"
        link="http://www.genome.jp/dbget-bin/www_bget?hsa+162466">
        <graphics name="PHOSPHO1" fgcolor="#000000" bgcolor="#BFFFBF"
             type="rectangle" x="995" y="306" width="46" height="17"/>
    </entry>
    <entry id="70" name="undefined:" type="undefined">
        <graphics name="2.1.1.71" fgcolor="#000000" bgcolor="#FFFFFF"
             type="rectangle" x="648" y="253" width="46" height="17"/>
    </entry>
    <entry id="71" name="undefined:" type="undefined">
        <graphics name="3.1.4.2" fgcolor="#000000" bgcolor="#FFFFFF"
             type="rectangle" x="995" y="554" width="46" height="17"/>
    </entry>
    <entry id="72" name="undefined:" type="undefined">
        <graphics name="2.3.1.40" fgcolor="#000000" bgcolor="#FFFFFF"
             type="rectangle" x="774" y="608" width="45" height="17"/>
    </entry>
    <entry id="73" name="hsa:51573" type="gene" reaction="rn:R01030"
        link="http://www.genome.jp/dbget-bin/www_bget?hsa+51573">
        <graphics name="GDE1" fgcolor="#000000" bgcolor="#BFFFBF"
             type="rectangle" x="995" y="214" width="46" height="17"/>
    </entry>
    <entry id="74" name="hsa:10434 hsa:23659" type="gene" reaction="rn:R02746"
        link="http://www.genome.jp/dbget-bin/www_bget?hsa+10434+23659">
        <graphics name="LYPLA1..." fgcolor="#000000" bgcolor="#BFFFBF"
             type="rectangle" x="864" y="194" width="46" height="17"/>
    </entry>
    <entry id="75" name="hsa:114799 hsa:157570 hsa:23522 hsa:24142 hsa:253558 hsa:51126 hsa:7994 hsa:80339 hsa:8260" type="gene" reaction="rn:R06872"
        link="http://www.genome.jp/dbget-bin/www_bget?hsa+114799+157570+23522+24142+253558+51126+7994+80339+8260">
        <graphics name="ESCO1..." fgcolor="#000000" bgcolor="#BFFFBF"
             type="rectangle" x="396" y="253" width="45" height="17"/>
    </entry>
    <entry id="76" name="undefined:" type="undefined">
        <graphics name="2.1.1.71" fgcolor="#000000" bgcolor="#FFFFFF"
             type="rectangle" x="648" y="328" width="46" height="17"/>
    </entry>
    <entry id="77" name="hsa:10400" type="gene" reaction="rn:R02056"
        link="http://www.genome.jp/dbget-bin/www_bget?hsa+10400">
        <graphics name="PEMT" fgcolor="#000000" bgcolor="#BFFFBF"
             type="rectangle" x="648" y="393" width="46" height="17"/>
    </entry>
    <entry id="78" name="undefined:" type="undefined">
        <graphics name="3.6.1.26" fgcolor="#000000" bgcolor="#FFFFFF"
             type="rectangle" x="370" y="487" width="46" height="17"/>
    </entry>
    <entry id="79" name="undefined:" type="undefined">
        <graphics name="2.7.8.5" fgcolor="#000000" bgcolor="#FFFFFF"
             type="rectangle" x="390" y="607" width="45" height="17"/>
    </entry>
    <entry id="80" name="path:hsa00562" type="map"
        link="http://www.genome.jp/kegg/pathway/hsa/hsa00562.html">
        <graphics name="Inositol phosphate metabolism" fgcolor="#000000" bgcolor="#FFFFFF"
             type="roundrectangle" x="143" y="479" width="162" height="27"/>
    </entry>
    <entry id="81" name="hsa:54675" type="gene" reaction="rn:R02030 rn:R07390"
        link="http://www.genome.jp/dbget-bin/www_bget?hsa+54675">
        <graphics name="CRLS1, C20orf155" fgcolor="#000000" bgcolor="#BFFFBF"
             type="rectangle" x="330" y="709" width="45" height="17"/>
    </entry>
    <entry id="82" name="cpd:C00641" type="compound"
        link="http://www.genome.jp/dbget-bin/www_bget?compound+C00641">
        <graphics name="C00641" fgcolor="#000000" bgcolor="#FFFFFF"
             type="circle" x="720" y="418" width="8" height="8"/>
    </entry>
    <entry id="83" name="cpd:C01996" type="compound"
        link="http://www.genome.jp/dbget-bin/www_bget?compound+C01996">
        <graphics name="C01996" fgcolor="#000000" bgcolor="#FFFFFF"
             type="circle" x="1156" y="296" width="8" height="8"/>
    </entry>
    <entry id="84" name="cpd:C04230" type="compound"
        link="http://www.genome.jp/dbget-bin/www_bget?compound+C04230">
        <graphics name="C04230" fgcolor="#000000" bgcolor="#FFFFFF"
             type="circle" x="828" y="160" width="8" height="8"/>
    </entry>
    <entry id="85" name="cpd:C00307" type="compound"
        link="http://www.genome.jp/dbget-bin/www_bget?compound+C00307">
        <graphics name="C00307" fgcolor="#000000" bgcolor="#FFFFFF"
             type="circle" x="828" y="295" width="8" height="8"/>
    </entry>
    <entry id="86" name="cpd:C00588" type="compound"
        link="http://www.genome.jp/dbget-bin/www_bget?compound+C00588">
        <graphics name="C00588" fgcolor="#000000" bgcolor="#FFFFFF"
             type="circle" x="936" y="296" width="8" height="8"/>
    </entry>
    <entry id="87" name="cpd:C00114" type="compound"
        link="http://www.genome.jp/dbget-bin/www_bget?compound+C00114">
        <graphics name="C00114" fgcolor="#000000" bgcolor="#FFFFFF"
             type="circle" x="1045" y="296" width="8" height="8"/>
    </entry>
    <entry id="88" name="cpd:C00157" type="compound"
        link="http://www.genome.jp/dbget-bin/www_bget?compound+C00157">
        <graphics name="C00157" fgcolor="#000000" bgcolor="#FFFFFF"
             type="circle" x="720" y="204" width="8" height="8"/>
    </entry>
    <entry id="89" name="cpd:C00570" type="compound"
        link="http://www.genome.jp/dbget-bin/www_bget?compound+C00570">
        <graphics name="C00570" fgcolor="#000000" bgcolor="#FFFFFF"
             type="circle" x="828" y="457" width="8" height="8"/>
    </entry>
    <entry id="90" name="cpd:C01233" type="compound"
        link="http://www.genome.jp/dbget-bin/www_bget?compound+C01233">
        <graphics name="C01233" fgcolor="#000000" bgcolor="#FFFFFF"
             type="circle" x="936" y="566" width="8" height="8"/>
    </entry>
    <entry id="91" name="cpd:C00344" type="compound"
        link="http://www.genome.jp/dbget-bin/www_bget?compound+C00344">
        <graphics name="C00344" fgcolor="#000000" bgcolor="#FFFFFF"
             type="circle" x="389" y="709" width="8" height="8"/>
    </entry>
    <entry id="92" name="cpd:C03892" type="compound"
        link="http://www.genome.jp/dbget-bin/www_bget?compound+C03892">
        <graphics name="C03892" fgcolor="#000000" bgcolor="#FFFFFF"
             type="circle" x="389" y="643" width="8" height="8"/>
    </entry>
    <entry id="93" name="cpd:C00641" type="compound"
        link="http://www.genome.jp/dbget-bin/www_bget?compound+C00641">
        <graphics name="C00641" fgcolor="#000000" bgcolor="#FFFFFF"
             type="circle" x="389" y="775" width="8" height="8"/>
    </entry>
    <entry id="94" name="cpd:C02255" type="compound"
        link="http://www.genome.jp/dbget-bin/www_bget?compound+C02255">
        <graphics name="C02255" fgcolor="#000000" bgcolor="#FFFFFF"
             type="circle" x="290" y="567" width="8" height="8"/>
    </entry>
    <entry id="95" name="cpd:C01210" type="compound"
        link="http://www.genome.jp/dbget-bin/www_bget?compound+C01210">
        <graphics name="C01210" fgcolor="#000000" bgcolor="#FFFFFF"
             type="circle" x="936" y="403" width="8" height="8"/>
    </entry>
    <entry id="96" name="cpd:C13482" type="compound"
        link="http://www.genome.jp/dbget-bin/www_bget?compound+C13482">
        <graphics name="C13482" fgcolor="#000000" bgcolor="#FFFFFF"
             type="circle" x="936" y="350" width="8" height="8"/>
    </entry>
    <entry id="97" name="cpd:C03974" type="compound"
        link="http://www.genome.jp/dbget-bin/www_bget?compound+C03974">
        <graphics name="C03974" fgcolor="#000000" bgcolor="#FFFFFF"
             type="circle" x="396" y="313" width="8" height="8"/>
    </entry>
    <entry id="98" name="cpd:C00093" type="compound"
        link="http://www.genome.jp/dbget-bin/www_bget?compound+C00093">
        <graphics name="C00093" fgcolor="#000000" bgcolor="#FFFFFF"
             type="circle" x="1080" y="565" width="8" height="8"/>
    </entry>
    <entry id="99" name="cpd:C00111" type="compound"
        link="http://www.genome.jp/dbget-bin/www_bget?compound+C00111">
        <graphics name="C00111" fgcolor="#000000" bgcolor="#FFFFFF"
             type="circle" x="147" y="205" width="8" height="8"/>
    </entry>
    <entry id="100" name="cpd:C00189" type="compound"
        link="http://www.genome.jp/dbget-bin/www_bget?compound+C00189">
        <graphics name="C00189" fgcolor="#000000" bgcolor="#FFFFFF"
             type="circle" x="1044" y="458" width="8" height="8"/>
    </entry>
    <entry id="101" name="cpd:C03872" type="compound"
        link="http://www.genome.jp/dbget-bin/www_bget?compound+C03872">
        <graphics name="C03872" fgcolor="#000000" bgcolor="#FFFFFF"
             type="circle" x="828" y="404" width="8" height="8"/>
    </entry>
    <entry id="102" name="cpd:C00093" type="compound"
        link="http://www.genome.jp/dbget-bin/www_bget?compound+C00093">
        <graphics name="C00093" fgcolor="#000000" bgcolor="#FFFFFF"
             type="circle" x="396" y="205" width="8" height="8"/>
    </entry>
    <entry id="103" name="cpd:C00269" type="compound"
        link="http://www.genome.jp/dbget-bin/www_bget?compound+C00269">
        <graphics name="C00269" fgcolor="#000000" bgcolor="#FFFFFF"
             type="circle" x="389" y="571" width="8" height="8"/>
    </entry>
    <entry id="104" name="cpd:C01194" type="compound"
        link="http://www.genome.jp/dbget-bin/www_bget?compound+C01194">
        <graphics name="C01194" fgcolor="#000000" bgcolor="#FFFFFF"
             type="circle" x="289" y="513" width="8" height="8"/>
    </entry>
    <entry id="105" name="cpd:C00513" type="compound"
        link="http://www.genome.jp/dbget-bin/www_bget?compound+C00513">
        <graphics name="C00513" fgcolor="#000000" bgcolor="#FFFFFF"
             type="circle" x="396" y="133" width="8" height="8"/>
    </entry>
    <entry id="106" name="cpd:C00681" type="compound"
        link="http://www.genome.jp/dbget-bin/www_bget?compound+C00681">
        <graphics name="C00681" fgcolor="#000000" bgcolor="#FFFFFF"
             type="circle" x="340" y="313" width="8" height="8"/>
    </entry>
    <entry id="107" name="cpd:C00416" type="compound"
        link="http://www.genome.jp/dbget-bin/www_bget?compound+C00416">
        <graphics name="C00416" fgcolor="#000000" bgcolor="#FFFFFF"
             type="circle" x="396" y="421" width="8" height="8"/>
    </entry>
    <entry id="108" name="cpd:C00093" type="compound"
        link="http://www.genome.jp/dbget-bin/www_bget?compound+C00093">
        <graphics name="C00093" fgcolor="#000000" bgcolor="#FFFFFF"
             type="circle" x="1080" y="204" width="8" height="8"/>
    </entry>
    <entry id="109" name="cpd:C03372" type="compound"
        link="http://www.genome.jp/dbget-bin/www_bget?compound+C03372">
        <graphics name="C03372" fgcolor="#000000" bgcolor="#FFFFFF"
             type="circle" x="147" y="313" width="8" height="8"/>
    </entry>
    <entry id="110" name="cpd:C05973" type="compound"
        link="http://www.genome.jp/dbget-bin/www_bget?compound+C05973">
        <graphics name="C05973" fgcolor="#000000" bgcolor="#FFFFFF"
             type="circle" x="827" y="608" width="8" height="8"/>
    </entry>
    <entry id="111" name="cpd:C04438" type="compound"
        link="http://www.genome.jp/dbget-bin/www_bget?compound+C04438">
        <graphics name="C04438" fgcolor="#000000" bgcolor="#FFFFFF"
             type="circle" x="828" y="529" width="8" height="8"/>
    </entry>
    <entry id="112" name="cpd:C05976" type="compound"
        link="http://www.genome.jp/dbget-bin/www_bget?compound+C05976">
        <graphics name="C05976" fgcolor="#000000" bgcolor="#FFFFFF"
             type="circle" x="479" y="709" width="8" height="8"/>
    </entry>
    <entry id="113" name="cpd:C00040" type="compound"
        link="http://www.genome.jp/dbget-bin/www_bget?compound+C00040">
        <graphics name="C00040" fgcolor="#000000" bgcolor="#FFFFFF"
             type="circle" x="428" y="349" width="8" height="8"/>
    </entry>
    <entry id="114" name="cpd:C05980" type="compound"
        link="http://www.genome.jp/dbget-bin/www_bget?compound+C05980">
        <graphics name="C05980" fgcolor="#000000" bgcolor="#FFFFFF"
             type="circle" x="288" y="709" width="8" height="8"/>
    </entry>
    <entry id="115" name="cpd:C05974" type="compound"
        link="http://www.genome.jp/dbget-bin/www_bget?compound+C05974">
        <graphics name="C05974" fgcolor="#000000" bgcolor="#FFFFFF"
             type="circle" x="534" y="643" width="8" height="8"/>
    </entry>
    <entry id="116" name="cpd:C02737" type="compound"
        link="http://www.genome.jp/dbget-bin/www_bget?compound+C02737">
        <graphics name="C02737" fgcolor="#000000" bgcolor="#FFFFFF"
             type="circle" x="534" y="574" width="8" height="8"/>
    </entry>
    <entry id="117" name="cpd:C00350" type="compound"
        link="http://www.genome.jp/dbget-bin/www_bget?compound+C00350">
        <graphics name="C00350" fgcolor="#000000" bgcolor="#FFFFFF"
             type="circle" x="720" y="565" width="8" height="8"/>
    </entry>
    <entry id="118" name="cpd:C00040" type="compound"
        link="http://www.genome.jp/dbget-bin/www_bget?compound+C00040">
        <graphics name="C00040" fgcolor="#000000" bgcolor="#FFFFFF"
             type="circle" x="306" y="348" width="8" height="8"/>
    </entry>
    <entry id="119" name="cpd:C01241" type="compound"
        link="http://www.genome.jp/dbget-bin/www_bget?compound+C01241">
        <graphics name="C01241" fgcolor="#000000" bgcolor="#FFFFFF"
             type="circle" x="648" y="350" width="8" height="8"/>
    </entry>
    <entry id="120" name="cpd:C00670" type="compound"
        link="http://www.genome.jp/dbget-bin/www_bget?compound+C00670">
        <graphics name="C00670" fgcolor="#000000" bgcolor="#FFFFFF"
             type="circle" x="937" y="204" width="8" height="8"/>
    </entry>
    <entry id="121" name="cpd:C00040" type="compound"
        link="http://www.genome.jp/dbget-bin/www_bget?compound+C00040">
        <graphics name="C00040" fgcolor="#000000" bgcolor="#FFFFFF"
             type="circle" x="433" y="235" width="8" height="8"/>
    </entry>
    <entry id="122" name="cpd:C00346" type="compound"
        link="http://www.genome.jp/dbget-bin/www_bget?compound+C00346">
        <graphics name="C00346" fgcolor="#000000" bgcolor="#FFFFFF"
             type="circle" x="936" y="457" width="8" height="8"/>
    </entry>
    <entry id="123" name="cpd:C04308" type="compound"
        link="http://www.genome.jp/dbget-bin/www_bget?compound+C04308">
        <graphics name="C04308" fgcolor="#000000" bgcolor="#FFFFFF"
             type="circle" x="648" y="294" width="8" height="8"/>
    </entry>
    <entry id="124" name="cpd:C00040" type="compound"
        link="http://www.genome.jp/dbget-bin/www_bget?compound+C00040">
        <graphics name="C00040" fgcolor="#000000" bgcolor="#FFFFFF"
             type="circle" x="303" y="235" width="8" height="8"/>
    </entry>
    <entry id="125" name="cpd:C04233" type="compound"
        link="http://www.genome.jp/dbget-bin/www_bget?compound+C04233">
        <graphics name="C04233" fgcolor="#000000" bgcolor="#FFFFFF"
             type="circle" x="828" y="241" width="8" height="8"/>
    </entry>
    <entry id="126" name="hsa:26007" type="gene" map="12"
        link="http://www.genome.jp/dbget-bin/show_pathway?hsa00561+hsa:26007"/>
    <entry id="127" name="hsa:8540" type="gene" map="1"
        link="http://www.genome.jp/dbget-bin/show_pathway?hsa00565+hsa:8540"/>
    <entry id="128" name="hsa:5289" type="gene" map="80"
        link="http://www.genome.jp/dbget-bin/show_pathway?hsa00562+hsa:5289"/>
    <entry id="129" name="hsa:5297 hsa:5298" type="gene" map="80"
        link="http://www.genome.jp/dbget-bin/show_pathway?hsa00562+hsa:5297+hsa:5298"/>
    <entry id="135" name="hsa:124 hsa:125 hsa:126 hsa:127 hsa:128 hsa:130 hsa:131" type="gene" map="4"
        link="http://www.genome.jp/dbget-bin/show_pathway?hsa00010+hsa:124+hsa:125+hsa:126+hsa:127+hsa:128+hsa:130+hsa:131"/>
    <entry id="136" name="hsa:10327" type="gene" map="4"
        link="http://www.genome.jp/dbget-bin/show_pathway?hsa00010+hsa:10327"/>
    <entry id="139" name="hsa:217 hsa:218 hsa:219 hsa:220 hsa:223 hsa:224 hsa:501" type="gene" map="4"
        link="http://www.genome.jp/dbget-bin/show_pathway?hsa00010+hsa:217+hsa:218+hsa:219+hsa:220+hsa:223+hsa:224+hsa:501"/>
    <entry id="140" name="hsa:218 hsa:220 hsa:221 hsa:222" type="gene" map="4"
        link="http://www.genome.jp/dbget-bin/show_pathway?hsa00010+hsa:218+hsa:220+hsa:221+hsa:222"/>
    <entry id="143" name="hsa:217 hsa:218 hsa:219 hsa:220 hsa:223 hsa:224 hsa:501" type="gene" map="64"
        link="http://www.genome.jp/dbget-bin/show_pathway?hsa00620+hsa:217+hsa:218+hsa:219+hsa:220+hsa:223+hsa:224+hsa:501"/>
    <relation entry1="13" entry2="47" type="ECrel">
        <subtype name="compound" value="99"/>
    </relation>
    <relation entry1="13" entry2="49" type="ECrel">
        <subtype name="compound" value="99"/>
    </relation>
    <relation entry1="46" entry2="75" type="ECrel">
        <subtype name="compound" value="102"/>
    </relation>
    <relation entry1="49" entry2="75" type="ECrel">
        <subtype name="compound" value="102"/>
    </relation>
    <relation entry1="47" entry2="75" type="ECrel">
        <subtype name="compound" value="102"/>
    </relation>
    <relation entry1="46" entry2="49" type="ECrel">
        <subtype name="compound" value="102"/>
    </relation>
    <relation entry1="46" entry2="47" type="ECrel">
        <subtype name="compound" value="102"/>
    </relation>
    <relation entry1="38" entry2="46" type="ECrel">
        <subtype name="compound" value="106"/>
    </relation>
    <relation entry1="32" entry2="38" type="ECrel">
        <subtype name="compound" value="107"/>
    </relation>
    <relation entry1="31" entry2="38" type="ECrel">
        <subtype name="compound" value="107"/>
    </relation>
    <relation entry1="30" entry2="38" type="ECrel">
        <subtype name="compound" value="107"/>
    </relation>
    <relation entry1="34" entry2="38" type="ECrel">
        <subtype name="compound" value="107"/>
    </relation>
    <relation entry1="38" entry2="61" type="ECrel">
        <subtype name="compound" value="107"/>
    </relation>
    <relation entry1="31" entry2="32" type="ECrel">
        <subtype name="compound" value="107"/>
    </relation>
    <relation entry1="30" entry2="32" type="ECrel">
        <subtype name="compound" value="107"/>
    </relation>
    <relation entry1="32" entry2="61" type="ECrel">
        <subtype name="compound" value="107"/>
    </relation>
    <relation entry1="31" entry2="34" type="ECrel">
        <subtype name="compound" value="107"/>
    </relation>
    <relation entry1="31" entry2="61" type="ECrel">
        <subtype name="compound" value="107"/>
    </relation>
    <relation entry1="30" entry2="34" type="ECrel">
        <subtype name="compound" value="107"/>
    </relation>
    <relation entry1="30" entry2="61" type="ECrel">
        <subtype name="compound" value="107"/>
    </relation>
    <relation entry1="34" entry2="61" type="ECrel">
        <subtype name="compound" value="107"/>
    </relation>
    <relation entry1="39" entry2="61" type="ECrel">
        <subtype name="compound" value="103"/>
    </relation>
    <relation entry1="39" entry2="81" type="ECrel">
        <subtype name="compound" value="103"/>
    </relation>
    <relation entry1="61" entry2="81" type="ECrel">
        <subtype name="compound" value="103"/>
    </relation>
    <relation entry1="3" entry2="68" type="ECrel">
        <subtype name="compound" value="116"/>
    </relation>
    <relation entry1="2" entry2="3" type="ECrel">
        <subtype name="compound" value="116"/>
    </relation>
    <relation entry1="18" entry2="50" type="ECrel">
        <subtype name="compound" value="88"/>
    </relation>
    <relation entry1="3" entry2="50" type="ECrel">
        <subtype name="compound" value="88"/>
    </relation>
    <relation entry1="32" entry2="50" type="ECrel">
        <subtype name="compound" value="88"/>
    </relation>
    <relation entry1="18" entry2="28" type="ECrel">
        <subtype name="compound" value="88"/>
    </relation>
    <relation entry1="3" entry2="28" type="ECrel">
        <subtype name="compound" value="88"/>
    </relation>
    <relation entry1="28" entry2="32" type="ECrel">
        <subtype name="compound" value="88"/>
    </relation>
    <relation entry1="3" entry2="18" type="ECrel">
        <subtype name="compound" value="88"/>
    </relation>
    <relation entry1="18" entry2="32" type="ECrel">
        <subtype name="compound" value="88"/>
    </relation>
    <relation entry1="3" entry2="32" type="ECrel">
        <subtype name="compound" value="88"/>
    </relation>
    <relation entry1="18" entry2="30" type="ECrel">
        <subtype name="compound" value="82"/>
    </relation>
    <relation entry1="18" entry2="31" type="ECrel">
        <subtype name="compound" value="82"/>
    </relation>
    <relation entry1="2" entry2="37" type="ECrel">
        <subtype name="compound" value="117"/>
    </relation>
    <relation entry1="37" entry2="68" type="ECrel">
        <subtype name="compound" value="117"/>
    </relation>
    <relation entry1="34" entry2="37" type="ECrel">
        <subtype name="compound" value="117"/>
    </relation>
    <relation entry1="37" entry2="77" type="ECrel">
        <subtype name="compound" value="117"/>
    </relation>
    <relation entry1="2" entry2="34" type="ECrel">
        <subtype name="compound" value="117"/>
    </relation>
    <relation entry1="2" entry2="77" type="ECrel">
        <subtype name="compound" value="117"/>
    </relation>
    <relation entry1="34" entry2="68" type="ECrel">
        <subtype name="compound" value="117"/>
    </relation>
    <relation entry1="68" entry2="77" type="ECrel">
        <subtype name="compound" value="117"/>
    </relation>
    <relation entry1="34" entry2="77" type="ECrel">
        <subtype name="compound" value="117"/>
    </relation>
    <relation entry1="50" entry2="74" type="ECrel">
        <subtype name="compound" value="84"/>
    </relation>
    <relation entry1="28" entry2="74" type="ECrel">
        <subtype name="compound" value="84"/>
    </relation>
    <relation entry1="73" entry2="74" type="ECrel">
        <subtype name="compound" value="120"/>
    </relation>
    <relation entry1="66" entry2="73" type="ECrel">
        <subtype name="compound" value="120"/>
    </relation>
    <relation entry1="18" entry2="19" type="ECrel">
        <subtype name="compound" value="85"/>
    </relation>
    <relation entry1="19" entry2="20" type="ECrel">
        <subtype name="compound" value="86"/>
    </relation>
    <relation entry1="19" entry2="69" type="ECrel">
        <subtype name="compound" value="86"/>
    </relation>
    <relation entry1="20" entry2="21" type="ECrel">
        <subtype name="compound" value="87"/>
    </relation>
    <relation entry1="20" entry2="22" type="ECrel">
        <subtype name="compound" value="87"/>
    </relation>
    <relation entry1="20" entry2="73" type="ECrel">
        <subtype name="compound" value="87"/>
    </relation>
    <relation entry1="21" entry2="69" type="ECrel">
        <subtype name="compound" value="87"/>
    </relation>
    <relation entry1="22" entry2="69" type="ECrel">
        <subtype name="compound" value="87"/>
    </relation>
    <relation entry1="69" entry2="73" type="ECrel">
        <subtype name="compound" value="87"/>
    </relation>
    <relation entry1="21" entry2="73" type="ECrel">
        <subtype name="compound" value="87"/>
    </relation>
    <relation entry1="22" entry2="73" type="ECrel">
        <subtype name="compound" value="87"/>
    </relation>
    <relation entry1="24" entry2="35" type="ECrel">
        <subtype name="compound" value="100"/>
    </relation>
    <relation entry1="35" entry2="44" type="ECrel">
        <subtype name="compound" value="100"/>
    </relation>
    <relation entry1="37" entry2="56" type="ECrel">
        <subtype name="compound" value="111"/>
    </relation>
    <relation entry1="35" entry2="56" type="ECrel">
        <subtype name="compound" value="90"/>
    </relation>
    <relation entry1="35" entry2="60" type="ECrel">
        <subtype name="compound" value="90"/>
    </relation>
    <relation entry1="47" entry2="12" type="maplink">
        <subtype name="compound" value="99"/>
    </relation>
    <relation entry1="49" entry2="12" type="maplink">
        <subtype name="compound" value="99"/>
    </relation>
    <relation entry1="13" entry2="12" type="maplink">
        <subtype name="compound" value="99"/>
    </relation>
    <relation entry1="13" entry2="1" type="maplink">
        <subtype name="compound" value="109"/>
    </relation>
    <relation entry1="39" entry2="80" type="maplink">
        <subtype name="compound" value="104"/>
    </relation>
    <relation entry1="39" entry2="6" type="maplink">
        <subtype name="compound" value="104"/>
    </relation>
    <relation entry1="37" entry2="40" type="maplink">
        <subtype name="compound" value="117"/>
    </relation>
    <relation entry1="2" entry2="40" type="maplink">
        <subtype name="compound" value="117"/>
    </relation>
    <relation entry1="68" entry2="40" type="maplink">
        <subtype name="compound" value="117"/>
    </relation>
    <relation entry1="34" entry2="40" type="maplink">
        <subtype name="compound" value="117"/>
    </relation>
    <relation entry1="77" entry2="40" type="maplink">
        <subtype name="compound" value="117"/>
    </relation>
    <reaction name="rn:R07376" type="irreversible">
        <substrate name="cpd:C00350"/>
        <product name="cpd:C02737"/>
    </reaction>
    <reaction name="rn:R07377" type="irreversible">
        <substrate name="cpd:C00157"/>
        <product name="cpd:C02737"/>
    </reaction>
    <reaction name="rn:R01013" type="irreversible">
        <substrate name="cpd:C00111"/>
        <product name="cpd:C03372"/>
    </reaction>
    <reaction name="rn:R01321" type="irreversible">
        <substrate name="cpd:C00641"/>
        <substrate name="cpd:C00307"/>
        <product name="cpd:C00157"/>
    </reaction>
    <reaction name="rn:R01890" type="irreversible">
        <substrate name="cpd:C00588"/>
        <product name="cpd:C00307"/>
    </reaction>
    <reaction name="rn:R01021" type="irreversible">
        <substrate name="cpd:C00114"/>
        <product name="cpd:C00588"/>
    </reaction>
    <reaction name="rn:R01026" type="irreversible">
        <substrate name="cpd:C01996"/>
        <product name="cpd:C00114"/>
    </reaction>
    <reaction name="rn:R01023" type="irreversible">
        <substrate name="cpd:C00114"/>
        <product name="cpd:C01996"/>
    </reaction>
    <reaction name="rn:R01468" type="irreversible">
        <substrate name="cpd:C00189"/>
        <product name="cpd:C00346"/>
    </reaction>
    <reaction name="rn:R01315" type="irreversible">
        <substrate name="cpd:C00157"/>
        <product name="cpd:C04230"/>
    </reaction>
    <reaction name="rn:R02240" type="irreversible">
        <substrate name="cpd:C00641"/>
        <product name="cpd:C00416"/>
    </reaction>
    <reaction name="rn:R02239" type="irreversible">
        <substrate name="cpd:C00416"/>
        <product name="cpd:C00641"/>
    </reaction>
    <reaction name="rn:R01310" type="irreversible">
        <substrate name="cpd:C00157"/>
        <product name="cpd:C00416"/>
    </reaction>
    <reaction name="rn:R02051" type="irreversible">
        <substrate name="cpd:C00350"/>
        <product name="cpd:C00416"/>
    </reaction>
    <reaction name="rn:R01470" type="irreversible">
        <substrate name="cpd:C01233"/>
        <product name="cpd:C00093"/>
        <product name="cpd:C00189"/>
    </reaction>
    <reaction name="rn:R02053" type="irreversible">
        <substrate name="cpd:C00350"/>
        <product name="cpd:C04438"/>
    </reaction>
    <reaction name="rn:R02241" type="irreversible">
        <substrate name="cpd:C00681"/>
        <substrate name="cpd:C00040"/>
        <product name="cpd:C00416"/>
    </reaction>
    <reaction name="rn:R01802" type="irreversible">
        <substrate name="cpd:C00269"/>
        <product name="cpd:C01194"/>
    </reaction>
    <reaction name="rn:R06870" type="irreversible">
        <substrate name="cpd:C00346"/>
        <product name="cpd:C00189"/>
    </reaction>
    <reaction name="rn:R00851" type="irreversible">
        <substrate name="cpd:C00093"/>
        <substrate name="cpd:C00040"/>
        <product name="cpd:C00681"/>
    </reaction>
    <reaction name="rn:R00842" type="reversible">
        <substrate name="cpd:C00093"/>
        <product name="cpd:C00111"/>
    </reaction>
    <reaction name="rn:R00848" type="reversible">
        <substrate name="cpd:C00093"/>
        <product name="cpd:C00111"/>
    </reaction>
    <reaction name="rn:R02114" type="irreversible">
        <substrate name="cpd:C00157"/>
        <product name="cpd:C04230"/>
    </reaction>
    <reaction name="rn:R03416" type="irreversible">
        <substrate name="cpd:C04438"/>
        <product name="cpd:C01233"/>
    </reaction>
    <reaction name="rn:R03417" type="irreversible">
        <substrate name="cpd:C05973"/>
        <product name="cpd:C01233"/>
    </reaction>
    <reaction name="rn:R01799" type="irreversible">
        <substrate name="cpd:C00416"/>
        <product name="cpd:C00269"/>
    </reaction>
    <reaction name="rn:R02747" type="irreversible">
        <substrate name="cpd:C04233"/>
        <product name="cpd:C00670"/>
    </reaction>
    <reaction name="rn:R02055" type="irreversible">
        <substrate name="cpd:C02737"/>
        <product name="cpd:C00350"/>
    </reaction>
    <reaction name="rn:R06871" type="irreversible">
        <substrate name="cpd:C00588"/>
        <product name="cpd:C00114"/>
    </reaction>
    <reaction name="rn:R01030" type="irreversible">
        <substrate name="cpd:C00670"/>
        <product name="cpd:C00093"/>
        <product name="cpd:C00114"/>
    </reaction>
    <reaction name="rn:R02746" type="irreversible">
        <substrate name="cpd:C04230"/>
        <product name="cpd:C00670"/>
    </reaction>
    <reaction name="rn:R06872" type="irreversible">
        <substrate name="cpd:C00093"/>
        <substrate name="cpd:C00040"/>
        <product name="cpd:C03974"/>
    </reaction>
    <reaction name="rn:R02056" type="irreversible">
        <substrate name="cpd:C00350"/>
        <product name="cpd:C01241"/>
    </reaction>
    <reaction name="rn:R02030" type="irreversible">
        <substrate name="cpd:C00344"/>
        <substrate name="cpd:C00269"/>
        <product name="cpd:C05980"/>
    </reaction>
    <reaction name="rn:R07390" type="irreversible">
        <substrate name="cpd:C00344"/>
        <product name="cpd:C05980"/>
    </reaction>
</pathway>
