<?xml version="1.0"?>
<!DOCTYPE pathway SYSTEM "http://www.genome.jp/kegg/xml/KGML_v0.6.1_.dtd">
<!-- Creation date: Jul 30 2008 19:30:24 +0900 (JST) -->
<pathway name="path:hsa00785" org="hsa" number="00785"
         title="Lipoic acid metabolism"
         image="http://www.genome.jp/kegg/pathway/hsa/hsa00785.gif"
         link="http://www.genome.jp/dbget-bin/show_pathway?hsa00785">
    <entry id="1" name="hsa:11019" type="gene" reaction="rn:R07768"
        link="http://www.genome.jp/dbget-bin/www_bget?hsa+11019">
        <graphics name="LIAS" fgcolor="#000000" bgcolor="#BFFFBF"
             type="rectangle" x="233" y="211" width="45" height="17"/>
    </entry>
    <entry id="2" name="undefined:" type="undefined">
        <graphics name="2.3.1.181" fgcolor="#000000" bgcolor="#FFFFFF"
             type="rectangle" x="233" y="311" width="45" height="17"/>
    </entry>
    <entry id="3" name="cpd:C16239" type="compound"
        link="http://www.genome.jp/dbget-bin/www_bget?compound+C16239">
        <graphics name="C16239" fgcolor="#000000" bgcolor="#FFFFFF"
             type="circle" x="234" y="264" width="8" height="8"/>
    </entry>
    <entry id="4" name="undefined:" type="undefined">
        <graphics name="2.7.7.63" fgcolor="#000000" bgcolor="#FFFFFF"
             type="rectangle" x="451" y="311" width="45" height="17"/>
    </entry>
    <entry id="5" name="path:hsa00785" type="map"
        link="http://www.genome.jp/dbget-bin/get_linkdb?pathway+hsa00785">
        <graphics name="TITLE:Lipoic acid metabolism" fgcolor="#000000" bgcolor="#FFFFFF"
             type="roundrectangle" x="141" y="51" width="206" height="27"/>
    </entry>
    <entry id="6" name="path:hsa00061" type="map"
        link="http://www.genome.jp/kegg/pathway/hsa/hsa00061.html">
        <graphics name="Fatty acid biosynthesis" fgcolor="#000000" bgcolor="#FFFFFF"
             type="roundrectangle" x="116" y="169" width="134" height="25"/>
    </entry>
    <entry id="7" name="hsa:11019" type="gene" reaction="rn:R07767"
        link="http://www.genome.jp/dbget-bin/www_bget?hsa+11019">
        <graphics name="LIAS" fgcolor="#000000" bgcolor="#BFFFBF"
             type="rectangle" x="334" y="311" width="45" height="17"/>
    </entry>
    <entry id="8" name="undefined:" type="undefined">
        <graphics name="2.3.1.181" fgcolor="#000000" bgcolor="#FFFFFF"
             type="rectangle" x="334" y="211" width="45" height="17"/>
    </entry>
    <entry id="9" name="undefined:" type="undefined">
        <graphics name="2.7.7.63" fgcolor="#000000" bgcolor="#FFFFFF"
             type="rectangle" x="451" y="211" width="45" height="17"/>
    </entry>
    <entry id="11" name="hsa:51601" type="gene" reaction="rn:R07771"
        link="http://www.genome.jp/dbget-bin/www_bget?hsa+51601">
        <graphics name="LIPT1" fgcolor="#000000" bgcolor="#BFFFBF"
             type="rectangle" x="500" y="311" width="45" height="17"/>
    </entry>
    <entry id="12" name="cpd:C05752" type="compound"
        link="http://www.genome.jp/dbget-bin/www_bget?compound+C05752">
        <graphics name="C05752" fgcolor="#000000" bgcolor="#FFFFFF"
             type="circle" x="234" y="169" width="8" height="8"/>
    </entry>
    <entry id="13" name="cpd:C00725" type="compound"
        link="http://www.genome.jp/dbget-bin/www_bget?compound+C00725">
        <graphics name="C00725" fgcolor="#000000" bgcolor="#FFFFFF"
             type="circle" x="476" y="169" width="8" height="8"/>
    </entry>
    <entry id="14" name="cpd:C16238" type="compound"
        link="http://www.genome.jp/dbget-bin/www_bget?compound+C16238">
        <graphics name="C16238" fgcolor="#000000" bgcolor="#FFFFFF"
             type="circle" x="476" y="264" width="8" height="8"/>
    </entry>
    <entry id="15" name="cpd:C16236" type="compound"
        link="http://www.genome.jp/dbget-bin/www_bget?compound+C16236">
        <graphics name="C16236" fgcolor="#000000" bgcolor="#FFFFFF"
             type="circle" x="334" y="264" width="8" height="8"/>
    </entry>
    <entry id="16" name="cpd:C16237" type="compound"
        link="http://www.genome.jp/dbget-bin/www_bget?compound+C16237">
        <graphics name="C16237" fgcolor="#000000" bgcolor="#FFFFFF"
             type="circle" x="334" y="360" width="8" height="8"/>
    </entry>
    <entry id="17" name="hsa:2194" type="gene" map="6"
        link="http://www.genome.jp/dbget-bin/show_pathway?hsa00061+hsa:2194"/>
    <entry id="19" name="hsa:54995" type="gene" map="6"
        link="http://www.genome.jp/dbget-bin/show_pathway?hsa00061+hsa:54995"/>
    <entry id="21" name="hsa:2194" type="gene" map="6"
        link="http://www.genome.jp/dbget-bin/show_pathway?hsa00061+hsa:2194"/>
    <entry id="22" name="hsa:2194" type="gene" map="6"
        link="http://www.genome.jp/dbget-bin/show_pathway?hsa00061+hsa:2194"/>
    <relation entry1="7" entry2="11" type="ECrel">
        <subtype name="compound" value="16"/>
    </relation>
    <relation entry1="1" entry2="6" type="maplink">
        <subtype name="compound" value="12"/>
    </relation>
    <reaction name="rn:R07768" type="irreversible">
        <substrate name="cpd:C05752"/>
        <product name="cpd:C16239"/>
    </reaction>
    <reaction name="rn:R07767" type="irreversible">
        <substrate name="cpd:C16236"/>
        <product name="cpd:C16237"/>
    </reaction>
    <reaction name="rn:R07771" type="irreversible">
        <substrate name="cpd:C16238"/>
        <product name="cpd:C16237"/>
    </reaction>
</pathway>
