<?xml version="1.0"?>
<!DOCTYPE pathway SYSTEM "http://www.genome.jp/kegg/xml/KGML_v0.6.1_.dtd">
<!-- Creation date: Sep 06 2008 00:29:29 +0900 (JST) -->
<pathway name="path:hsa00120" org="hsa" number="00120"
         title="Bile acid biosynthesis"
         image="http://www.genome.jp/kegg/pathway/hsa/hsa00120.gif"
         link="http://www.genome.jp/dbget-bin/show_pathway?hsa00120">
    <entry id="1" name="path:hsa00100" type="map"
        link="http://www.genome.jp/kegg/pathway/hsa/hsa00100.html">
        <graphics name="Biosynthesis of steroids" fgcolor="#000000" bgcolor="#FFFFFF"
             type="roundrectangle" x="488" y="61" width="110" height="25"/>
    </entry>
    <entry id="2" name="path:hsa00120" type="map"
        link="http://www.genome.jp/dbget-bin/get_linkdb?pathway+hsa00120">
        <graphics name="TITLE:Bile acid biosynthesis" fgcolor="#000000" bgcolor="#FFFFFF"
             type="roundrectangle" x="144" y="47" width="204" height="27"/>
    </entry>
    <entry id="3" name="undefined:" type="undefined">
        <graphics name="3.5.1.24" fgcolor="#000000" bgcolor="#FFFFFF"
             type="rectangle" x="587" y="937" width="45" height="17"/>
    </entry>
    <entry id="4" name="undefined:" type="undefined">
        <graphics name="3.5.1.24" fgcolor="#000000" bgcolor="#FFFFFF"
             type="rectangle" x="483" y="947" width="45" height="17"/>
    </entry>
    <entry id="5" name="undefined:" type="undefined">
        <graphics name="3.5.1.74" fgcolor="#000000" bgcolor="#FFFFFF"
             type="rectangle" x="483" y="926" width="45" height="17"/>
    </entry>
    <entry id="6" name="undefined:" type="undefined">
        <graphics name="3.5.1.24" fgcolor="#000000" bgcolor="#FFFFFF"
             type="rectangle" x="283" y="973" width="45" height="17"/>
    </entry>
    <entry id="7" name="undefined:" type="undefined">
        <graphics name="3.5.1.24" fgcolor="#000000" bgcolor="#FFFFFF"
             type="rectangle" x="168" y="973" width="45" height="17"/>
    </entry>
    <entry id="8" name="undefined:" type="undefined">
        <graphics name="3.5.1.24" fgcolor="#000000" bgcolor="#FFFFFF"
             type="rectangle" x="278" y="890" width="45" height="17"/>
    </entry>
    <entry id="9" name="undefined:" type="undefined">
        <graphics name="3.5.1.24" fgcolor="#000000" bgcolor="#FFFFFF"
             type="rectangle" x="168" y="889" width="45" height="17"/>
    </entry>
    <entry id="10" name="hsa:10998" type="gene" reaction="rn:R03974"
        link="http://www.genome.jp/dbget-bin/www_bget?hsa+10998">
        <graphics name="SLC27A5" fgcolor="#000000" bgcolor="#BFFFBF"
             type="rectangle" x="540" y="869" width="45" height="17"/>
    </entry>
    <entry id="11" name="hsa:10998" type="gene" reaction="rn:R02794"
        link="http://www.genome.jp/dbget-bin/www_bget?hsa+10998">
        <graphics name="SLC27A5" fgcolor="#000000" bgcolor="#BFFFBF"
             type="rectangle" x="225" y="857" width="45" height="17"/>
    </entry>
    <entry id="12" name="hsa:570" type="gene" reaction="rn:R04828"
        link="http://www.genome.jp/dbget-bin/www_bget?hsa+570">
        <graphics name="BAAT" fgcolor="#000000" bgcolor="#BFFFBF"
             type="rectangle" x="424" y="836" width="45" height="17"/>
    </entry>
    <entry id="13" name="hsa:570" type="gene" reaction="rn:R03718"
        link="http://www.genome.jp/dbget-bin/www_bget?hsa+570">
        <graphics name="BAAT" fgcolor="#000000" bgcolor="#BFFFBF"
             type="rectangle" x="278" y="831" width="45" height="17"/>
    </entry>
    <entry id="14" name="hsa:570" type="gene" reaction="rn:R03720"
        link="http://www.genome.jp/dbget-bin/www_bget?hsa+570">
        <graphics name="BAAT" fgcolor="#000000" bgcolor="#BFFFBF"
             type="rectangle" x="168" y="830" width="45" height="17"/>
    </entry>
    <entry id="15" name="hsa:10449 hsa:30 hsa:3032" type="gene" reaction="rn:R04811"
        link="http://www.genome.jp/dbget-bin/www_bget?hsa+10449+30+3032">
        <graphics name="ACAA2..." fgcolor="#000000" bgcolor="#BFFFBF"
             type="rectangle" x="424" y="777" width="45" height="17"/>
    </entry>
    <entry id="16" name="hsa:10449 hsa:30 hsa:3032" type="gene" reaction="rn:R03719"
        link="http://www.genome.jp/dbget-bin/www_bget?hsa+10449+30+3032">
        <graphics name="ACAA2..." fgcolor="#000000" bgcolor="#BFFFBF"
             type="rectangle" x="225" y="778" width="45" height="17"/>
    </entry>
    <entry id="17" name="hsa:57016 hsa:80270" type="gene" reaction="rn:R04810"
        link="http://www.genome.jp/dbget-bin/www_bget?hsa+57016+80270">
        <graphics name="AKR1B10, AKR1B11..." fgcolor="#000000" bgcolor="#BFFFBF"
             type="rectangle" x="424" y="721" width="45" height="17"/>
    </entry>
    <entry id="18" name="hsa:57016 hsa:80270" type="gene" reaction="rn:R04812"
        link="http://www.genome.jp/dbget-bin/www_bget?hsa+57016+80270">
        <graphics name="AKR1B10, AKR1B11..." fgcolor="#000000" bgcolor="#BFFFBF"
             type="rectangle" x="224" y="721" width="45" height="17"/>
    </entry>
    <entry id="19" name="hsa:10449 hsa:30 hsa:3032" type="gene" reaction="rn:R04546"
        link="http://www.genome.jp/dbget-bin/www_bget?hsa+10449+30+3032">
        <graphics name="ACAA2..." fgcolor="#000000" bgcolor="#BFFFBF"
             type="rectangle" x="539" y="668" width="45" height="17"/>
    </entry>
    <entry id="20" name="undefined:" type="undefined">
        <graphics name="4.2.1.-" fgcolor="#000000" bgcolor="#FFFFFF"
             type="rectangle" x="424" y="663" width="45" height="17"/>
    </entry>
    <entry id="21" name="undefined:" type="undefined">
        <graphics name="4.2.1.-" fgcolor="#000000" bgcolor="#FFFFFF"
             type="rectangle" x="224" y="667" width="45" height="17"/>
    </entry>
    <entry id="22" name="hsa:27034 hsa:28976" type="gene" reaction="rn:R04547"
        link="http://www.genome.jp/dbget-bin/www_bget?hsa+27034+28976">
        <graphics name="ACAD8..." fgcolor="#000000" bgcolor="#BFFFBF"
             type="rectangle" x="424" y="608" width="45" height="17"/>
    </entry>
    <entry id="23" name="hsa:27034 hsa:28976" type="gene" reaction="rn:R04592"
        link="http://www.genome.jp/dbget-bin/www_bget?hsa+27034+28976">
        <graphics name="ACAD8..." fgcolor="#000000" bgcolor="#BFFFBF"
             type="rectangle" x="225" y="607" width="45" height="17"/>
    </entry>
    <entry id="24" name="undefined:" type="undefined">
        <graphics name="6.2.1.28" fgcolor="#000000" bgcolor="#FFFFFF"
             type="rectangle" x="448" y="554" width="45" height="17"/>
    </entry>
    <entry id="25" name="hsa:10998" type="gene" reaction="rn:R04507"
        link="http://www.genome.jp/dbget-bin/www_bget?hsa+10998">
        <graphics name="SLC27A5" fgcolor="#000000" bgcolor="#BFFFBF"
             type="rectangle" x="399" y="554" width="45" height="17"/>
    </entry>
    <entry id="27" name="hsa:10998" type="gene" reaction="rn:R04580"
        link="http://www.genome.jp/dbget-bin/www_bget?hsa+10998">
        <graphics name="SLC27A5" fgcolor="#000000" bgcolor="#BFFFBF"
             type="rectangle" x="226" y="553" width="45" height="17"/>
    </entry>
    <entry id="28" name="hsa:124 hsa:125 hsa:126 hsa:127 hsa:128 hsa:130 hsa:131" type="gene" reaction="rn:R04805"
        link="http://www.genome.jp/dbget-bin/www_bget?hsa+124+125+126+127+128+130+131">
        <graphics name="ADH1A, ADH1..." fgcolor="#000000" bgcolor="#BFFFBF"
             type="rectangle" x="423" y="438" width="45" height="17"/>
    </entry>
    <entry id="29" name="hsa:217 hsa:218 hsa:219 hsa:220 hsa:223 hsa:224 hsa:501" type="gene" reaction="rn:R04506"
        link="http://www.genome.jp/dbget-bin/www_bget?hsa+217+218+219+220+223+224+501">
        <graphics name="ALDH2..." fgcolor="#000000" bgcolor="#BFFFBF"
             type="rectangle" x="423" y="495" width="45" height="17"/>
    </entry>
    <entry id="30" name="undefined:" type="undefined">
        <graphics name="1.2.1.40" fgcolor="#000000" bgcolor="#FFFFFF"
             type="rectangle" x="225" y="496" width="45" height="17"/>
    </entry>
    <entry id="31" name="undefined:" type="undefined">
        <graphics name="1.1.1.161" fgcolor="#000000" bgcolor="#FFFFFF"
             type="rectangle" x="225" y="438" width="45" height="17"/>
    </entry>
    <entry id="32" name="hsa:1593" type="gene" reaction="rn:R04806"
        link="http://www.genome.jp/dbget-bin/www_bget?hsa+1593">
        <graphics name="CYP27A1" fgcolor="#000000" bgcolor="#BFFFBF"
             type="rectangle" x="424" y="380" width="45" height="17"/>
    </entry>
    <entry id="33" name="hsa:1593" type="gene" reaction="rn:R04807"
        link="http://www.genome.jp/dbget-bin/www_bget?hsa+1593">
        <graphics name="CYP27A1" fgcolor="#000000" bgcolor="#BFFFBF"
             type="rectangle" x="225" y="380" width="45" height="17"/>
    </entry>
    <entry id="34" name="hsa:1109" type="gene" reaction="rn:R04818 rn:R04819"
        link="http://www.genome.jp/dbget-bin/www_bget?hsa+1109">
        <graphics name="AKR1C4, CHDR" fgcolor="#000000" bgcolor="#BFFFBF"
             type="rectangle" x="399" y="323" width="45" height="17"/>
    </entry>
    <entry id="35" name="hsa:1109" type="gene" reaction="rn:R04824 rn:R04825"
        link="http://www.genome.jp/dbget-bin/www_bget?hsa+1109">
        <graphics name="AKR1C4, CHDR" fgcolor="#000000" bgcolor="#BFFFBF"
             type="rectangle" x="200" y="323" width="45" height="17"/>
    </entry>
    <entry id="36" name="hsa:6715 hsa:6716" type="gene" reaction="rn:R04827"
        link="http://www.genome.jp/dbget-bin/www_bget?hsa+6715+6716">
        <graphics name="SRD5A1..." fgcolor="#000000" bgcolor="#BFFFBF"
             type="rectangle" x="115" y="268" width="45" height="17"/>
    </entry>
    <entry id="37" name="undefined:" type="undefined">
        <graphics name="1.14.13.-" fgcolor="#000000" bgcolor="#FFFFFF"
             type="rectangle" x="285" y="243" width="45" height="17"/>
    </entry>
    <entry id="38" name="undefined:" type="undefined">
        <graphics name="1.1.1.181" fgcolor="#000000" bgcolor="#FFFFFF"
             type="rectangle" x="333" y="213" width="45" height="17"/>
    </entry>
    <entry id="39" name="hsa:1581" type="gene" reaction="rn:R01463"
        link="http://www.genome.jp/dbget-bin/www_bget?hsa+1581">
        <graphics name="CYP7A1, CYP7" fgcolor="#000000" bgcolor="#BFFFBF"
             type="rectangle" x="333" y="158" width="45" height="17"/>
    </entry>
    <entry id="40" name="hsa:6646 hsa:8435" type="gene" reaction="rn:R01461"
        link="http://www.genome.jp/dbget-bin/www_bget?hsa+6646+8435">
        <graphics name="SOAT1, SOAT, STAT..." fgcolor="#000000" bgcolor="#BFFFBF"
             type="rectangle" x="264" y="133" width="45" height="17"/>
    </entry>
    <entry id="41" name="undefined:" type="undefined">
        <graphics name="1.1.3.6" fgcolor="#000000" bgcolor="#FFFFFF"
             type="rectangle" x="417" y="109" width="45" height="17"/>
    </entry>
    <entry id="42" name="hsa:1056 hsa:3988" type="gene" reaction="rn:R01462"
        link="http://www.genome.jp/dbget-bin/www_bget?hsa+1056+3988">
        <graphics name="CEL..." fgcolor="#000000" bgcolor="#BFFFBF"
             type="rectangle" x="265" y="109" width="46" height="17"/>
    </entry>
    <entry id="43" name="undefined:" type="undefined">
        <graphics name="2.3.1.73" fgcolor="#000000" bgcolor="#FFFFFF"
             type="rectangle" x="264" y="154" width="45" height="17"/>
    </entry>
    <entry id="44" name="hsa:6718" type="gene" reaction="rn:R04817"
        link="http://www.genome.jp/dbget-bin/www_bget?hsa+6718">
        <graphics name="AKR1D1, SRD5B1" fgcolor="#000000" bgcolor="#BFFFBF"
             type="rectangle" x="399" y="268" width="45" height="17"/>
    </entry>
    <entry id="45" name="hsa:6718" type="gene" reaction="rn:R04823"
        link="http://www.genome.jp/dbget-bin/www_bget?hsa+6718">
        <graphics name="AKR1D1, SRD5B1" fgcolor="#000000" bgcolor="#BFFFBF"
             type="rectangle" x="200" y="268" width="45" height="17"/>
    </entry>
    <entry id="46" name="undefined:" type="undefined">
        <graphics name="1.3.1.3" fgcolor="#000000" bgcolor="#FFFFFF"
             type="rectangle" x="249" y="268" width="45" height="17"/>
    </entry>
    <entry id="47" name="undefined:" type="undefined">
        <graphics name="1.1.1.53" fgcolor="#000000" bgcolor="#FFFFFF"
             type="rectangle" x="249" y="323" width="45" height="17"/>
    </entry>
    <entry id="48" name="undefined:" type="undefined">
        <graphics name="1.3.1.3" fgcolor="#000000" bgcolor="#FFFFFF"
             type="rectangle" x="448" y="268" width="45" height="17"/>
    </entry>
    <entry id="49" name="undefined:" type="undefined">
        <graphics name="1.1.1.53" fgcolor="#000000" bgcolor="#FFFFFF"
             type="rectangle" x="448" y="323" width="45" height="17"/>
    </entry>
    <entry id="50" name="cpd:C02530" type="compound"
        link="http://www.genome.jp/dbget-bin/www_bget?compound+C02530">
        <graphics name="C02530" fgcolor="#000000" bgcolor="#FFFFFF"
             type="circle" x="204" y="109" width="8" height="8"/>
    </entry>
    <entry id="51" name="cpd:C00187" type="compound"
        link="http://www.genome.jp/dbget-bin/www_bget?compound+C00187">
        <graphics name="C00187" fgcolor="#000000" bgcolor="#FFFFFF"
             type="circle" x="329" y="109" width="8" height="8"/>
    </entry>
    <entry id="52" name="cpd:C00599" type="compound"
        link="http://www.genome.jp/dbget-bin/www_bget?compound+C00599">
        <graphics name="C00599" fgcolor="#000000" bgcolor="#FFFFFF"
             type="circle" x="510" y="109" width="8" height="8"/>
    </entry>
    <entry id="53" name="cpd:C03594" type="compound"
        link="http://www.genome.jp/dbget-bin/www_bget?compound+C03594">
        <graphics name="C03594" fgcolor="#000000" bgcolor="#FFFFFF"
             type="circle" x="332" y="190" width="8" height="8"/>
    </entry>
    <entry id="54" name="cpd:C05457" type="compound"
        link="http://www.genome.jp/dbget-bin/www_bget?compound+C05457">
        <graphics name="C05457" fgcolor="#000000" bgcolor="#FFFFFF"
             type="circle" x="225" y="244" width="8" height="8"/>
    </entry>
    <entry id="55" name="cpd:C05455" type="compound"
        link="http://www.genome.jp/dbget-bin/www_bget?compound+C05455">
        <graphics name="C05455" fgcolor="#000000" bgcolor="#FFFFFF"
             type="circle" x="332" y="244" width="8" height="8"/>
    </entry>
    <entry id="56" name="cpd:C05458" type="compound"
        link="http://www.genome.jp/dbget-bin/www_bget?compound+C05458">
        <graphics name="C05458" fgcolor="#000000" bgcolor="#FFFFFF"
             type="circle" x="116" y="304" width="8" height="8"/>
    </entry>
    <entry id="57" name="cpd:C05453" type="compound"
        link="http://www.genome.jp/dbget-bin/www_bget?compound+C05453">
        <graphics name="C05453" fgcolor="#000000" bgcolor="#FFFFFF"
             type="circle" x="225" y="300" width="8" height="8"/>
    </entry>
    <entry id="58" name="cpd:C05451" type="compound"
        link="http://www.genome.jp/dbget-bin/www_bget?compound+C05451">
        <graphics name="C05451" fgcolor="#000000" bgcolor="#FFFFFF"
             type="circle" x="424" y="302" width="8" height="8"/>
    </entry>
    <entry id="59" name="cpd:C05452" type="compound"
        link="http://www.genome.jp/dbget-bin/www_bget?compound+C05452">
        <graphics name="C05452" fgcolor="#000000" bgcolor="#FFFFFF"
             type="circle" x="424" y="358" width="8" height="8"/>
    </entry>
    <entry id="60" name="cpd:C05468" type="compound"
        link="http://www.genome.jp/dbget-bin/www_bget?compound+C05468">
        <graphics name="C05468" fgcolor="#000000" bgcolor="#FFFFFF"
             type="circle" x="149" y="414" width="8" height="8"/>
    </entry>
    <entry id="61" name="cpd:C05454" type="compound"
        link="http://www.genome.jp/dbget-bin/www_bget?compound+C05454">
        <graphics name="C05454" fgcolor="#000000" bgcolor="#FFFFFF"
             type="circle" x="225" y="358" width="8" height="8"/>
    </entry>
    <entry id="62" name="cpd:C05444" type="compound"
        link="http://www.genome.jp/dbget-bin/www_bget?compound+C05444">
        <graphics name="C05444" fgcolor="#000000" bgcolor="#FFFFFF"
             type="circle" x="424" y="415" width="8" height="8"/>
    </entry>
    <entry id="63" name="cpd:C05445" type="compound"
        link="http://www.genome.jp/dbget-bin/www_bget?compound+C05445">
        <graphics name="C05445" fgcolor="#000000" bgcolor="#FFFFFF"
             type="circle" x="424" y="473" width="8" height="8"/>
    </entry>
    <entry id="64" name="cpd:C04554" type="compound"
        link="http://www.genome.jp/dbget-bin/www_bget?compound+C04554">
        <graphics name="C04554" fgcolor="#000000" bgcolor="#FFFFFF"
             type="circle" x="424" y="529" width="8" height="8"/>
    </entry>
    <entry id="65" name="cpd:C04760" type="compound"
        link="http://www.genome.jp/dbget-bin/www_bget?compound+C04760">
        <graphics name="C04760" fgcolor="#000000" bgcolor="#FFFFFF"
             type="circle" x="225" y="586" width="8" height="8"/>
    </entry>
    <entry id="66" name="cpd:C05460" type="compound"
        link="http://www.genome.jp/dbget-bin/www_bget?compound+C05460">
        <graphics name="C05460" fgcolor="#000000" bgcolor="#FFFFFF"
             type="circle" x="225" y="641" width="8" height="8"/>
    </entry>
    <entry id="67" name="cpd:C04644" type="compound"
        link="http://www.genome.jp/dbget-bin/www_bget?compound+C04644">
        <graphics name="C04644" fgcolor="#000000" bgcolor="#FFFFFF"
             type="circle" x="424" y="584" width="8" height="8"/>
    </entry>
    <entry id="68" name="cpd:C05447" type="compound"
        link="http://www.genome.jp/dbget-bin/www_bget?compound+C05447">
        <graphics name="C05447" fgcolor="#000000" bgcolor="#FFFFFF"
             type="circle" x="424" y="640" width="8" height="8"/>
    </entry>
    <entry id="69" name="cpd:C05450" type="compound"
        link="http://www.genome.jp/dbget-bin/www_bget?compound+C05450">
        <graphics name="C05450" fgcolor="#000000" bgcolor="#FFFFFF"
             type="circle" x="225" y="702" width="8" height="8"/>
    </entry>
    <entry id="70" name="cpd:C05448" type="compound"
        link="http://www.genome.jp/dbget-bin/www_bget?compound+C05448">
        <graphics name="C05448" fgcolor="#000000" bgcolor="#FFFFFF"
             type="circle" x="424" y="698" width="8" height="8"/>
    </entry>
    <entry id="71" name="cpd:C05467" type="compound"
        link="http://www.genome.jp/dbget-bin/www_bget?compound+C05467">
        <graphics name="C05467" fgcolor="#000000" bgcolor="#FFFFFF"
             type="circle" x="225" y="755" width="8" height="8"/>
    </entry>
    <entry id="72" name="cpd:C05449" type="compound"
        link="http://www.genome.jp/dbget-bin/www_bget?compound+C05449">
        <graphics name="C05449" fgcolor="#000000" bgcolor="#FFFFFF"
             type="circle" x="424" y="755" width="8" height="8"/>
    </entry>
    <entry id="73" name="cpd:C05337" type="compound"
        link="http://www.genome.jp/dbget-bin/www_bget?compound+C05337">
        <graphics name="C05337" fgcolor="#000000" bgcolor="#FFFFFF"
             type="circle" x="540" y="811" width="8" height="8"/>
    </entry>
    <entry id="74" name="cpd:C05461" type="compound"
        link="http://www.genome.jp/dbget-bin/www_bget?compound+C05461">
        <graphics name="C05461" fgcolor="#000000" bgcolor="#FFFFFF"
             type="circle" x="424" y="811" width="8" height="8"/>
    </entry>
    <entry id="75" name="cpd:C05462" type="compound"
        link="http://www.genome.jp/dbget-bin/www_bget?compound+C05462">
        <graphics name="C05462" fgcolor="#000000" bgcolor="#FFFFFF"
             type="circle" x="424" y="870" width="8" height="8"/>
    </entry>
    <entry id="76" name="cpd:C05466" type="compound"
        link="http://www.genome.jp/dbget-bin/www_bget?compound+C05466">
        <graphics name="C05466" fgcolor="#000000" bgcolor="#FFFFFF"
             type="circle" x="634" y="937" width="8" height="8"/>
    </entry>
    <entry id="77" name="cpd:C02528" type="compound"
        link="http://www.genome.jp/dbget-bin/www_bget?compound+C02528">
        <graphics name="C02528" fgcolor="#000000" bgcolor="#FFFFFF"
             type="circle" x="540" y="937" width="8" height="8"/>
    </entry>
    <entry id="78" name="cpd:C05465" type="compound"
        link="http://www.genome.jp/dbget-bin/www_bget?compound+C05465">
        <graphics name="C05465" fgcolor="#000000" bgcolor="#FFFFFF"
             type="circle" x="434" y="937" width="8" height="8"/>
    </entry>
    <entry id="79" name="cpd:C03990" type="compound"
        link="http://www.genome.jp/dbget-bin/www_bget?compound+C03990">
        <graphics name="C03990" fgcolor="#000000" bgcolor="#FFFFFF"
             type="circle" x="540" y="984" width="8" height="8"/>
    </entry>
    <entry id="80" name="cpd:C01794" type="compound"
        link="http://www.genome.jp/dbget-bin/www_bget?compound+C01794">
        <graphics name="C01794" fgcolor="#000000" bgcolor="#FFFFFF"
             type="circle" x="225" y="812" width="8" height="8"/>
    </entry>
    <entry id="81" name="cpd:C00245" type="compound"
        link="http://www.genome.jp/dbget-bin/www_bget?compound+C00245">
        <graphics name="C00245" fgcolor="#000000" bgcolor="#FFFFFF"
             type="circle" x="109" y="866" width="8" height="8"/>
    </entry>
    <entry id="82" name="cpd:C05122" type="compound"
        link="http://www.genome.jp/dbget-bin/www_bget?compound+C05122">
        <graphics name="C05122" fgcolor="#000000" bgcolor="#FFFFFF"
             type="circle" x="168" y="865" width="8" height="8"/>
    </entry>
    <entry id="83" name="cpd:C01921" type="compound"
        link="http://www.genome.jp/dbget-bin/www_bget?compound+C01921">
        <graphics name="C01921" fgcolor="#000000" bgcolor="#FFFFFF"
             type="circle" x="278" y="864" width="8" height="8"/>
    </entry>
    <entry id="84" name="cpd:C00037" type="compound"
        link="http://www.genome.jp/dbget-bin/www_bget?compound+C00037">
        <graphics name="C00037" fgcolor="#000000" bgcolor="#FFFFFF"
             type="circle" x="332" y="864" width="8" height="8"/>
    </entry>
    <entry id="85" name="cpd:C05463" type="compound"
        link="http://www.genome.jp/dbget-bin/www_bget?compound+C05463">
        <graphics name="C05463" fgcolor="#000000" bgcolor="#FFFFFF"
             type="circle" x="116" y="973" width="8" height="8"/>
    </entry>
    <entry id="86" name="cpd:C00695" type="compound"
        link="http://www.genome.jp/dbget-bin/www_bget?compound+C00695">
        <graphics name="C00695" fgcolor="#000000" bgcolor="#FFFFFF"
             type="circle" x="225" y="911" width="8" height="8"/>
    </entry>
    <entry id="87" name="cpd:C04483" type="compound"
        link="http://www.genome.jp/dbget-bin/www_bget?compound+C04483">
        <graphics name="C04483" fgcolor="#000000" bgcolor="#FFFFFF"
             type="circle" x="225" y="973" width="8" height="8"/>
    </entry>
    <entry id="88" name="cpd:C05464" type="compound"
        link="http://www.genome.jp/dbget-bin/www_bget?compound+C05464">
        <graphics name="C05464" fgcolor="#000000" bgcolor="#FFFFFF"
             type="circle" x="335" y="973" width="8" height="8"/>
    </entry>
    <entry id="89" name="cpd:C05446" type="compound"
        link="http://www.genome.jp/dbget-bin/www_bget?compound+C05446">
        <graphics name="C05446" fgcolor="#000000" bgcolor="#FFFFFF"
             type="circle" x="225" y="414" width="8" height="8"/>
    </entry>
    <entry id="90" name="cpd:C01301" type="compound"
        link="http://www.genome.jp/dbget-bin/www_bget?compound+C01301">
        <graphics name="C01301" fgcolor="#000000" bgcolor="#FFFFFF"
             type="circle" x="225" y="473" width="8" height="8"/>
    </entry>
    <entry id="91" name="cpd:C04722" type="compound"
        link="http://www.genome.jp/dbget-bin/www_bget?compound+C04722">
        <graphics name="C04722" fgcolor="#000000" bgcolor="#FFFFFF"
             type="circle" x="225" y="528" width="8" height="8"/>
    </entry>
    <entry id="92" name="hsa:1717" type="gene" map="1"
        link="http://www.genome.jp/dbget-bin/show_pathway?hsa00100+hsa:1717"/>
    <entry id="93" name="hsa:1717" type="gene" map="1"
        link="http://www.genome.jp/dbget-bin/show_pathway?hsa00100+hsa:1717"/>
    <relation entry1="39" entry2="42" type="ECrel">
        <subtype name="compound" value="51"/>
    </relation>
    <relation entry1="39" entry2="40" type="ECrel">
        <subtype name="compound" value="51"/>
    </relation>
    <relation entry1="34" entry2="44" type="ECrel">
        <subtype name="compound" value="58"/>
    </relation>
    <relation entry1="32" entry2="34" type="ECrel">
        <subtype name="compound" value="59"/>
    </relation>
    <relation entry1="28" entry2="32" type="ECrel">
        <subtype name="compound" value="62"/>
    </relation>
    <relation entry1="28" entry2="29" type="ECrel">
        <subtype name="compound" value="63"/>
    </relation>
    <relation entry1="25" entry2="29" type="ECrel">
        <subtype name="compound" value="64"/>
    </relation>
    <relation entry1="22" entry2="25" type="ECrel">
        <subtype name="compound" value="67"/>
    </relation>
    <relation entry1="15" entry2="17" type="ECrel">
        <subtype name="compound" value="72"/>
    </relation>
    <relation entry1="12" entry2="15" type="ECrel">
        <subtype name="compound" value="74"/>
    </relation>
    <relation entry1="19" entry2="25" type="ECrel">
        <subtype name="compound" value="67"/>
    </relation>
    <relation entry1="36" entry2="45" type="ECrel">
        <subtype name="compound" value="54"/>
    </relation>
    <relation entry1="35" entry2="45" type="ECrel">
        <subtype name="compound" value="57"/>
    </relation>
    <relation entry1="33" entry2="35" type="ECrel">
        <subtype name="compound" value="61"/>
    </relation>
    <relation entry1="23" entry2="27" type="ECrel">
        <subtype name="compound" value="65"/>
    </relation>
    <relation entry1="16" entry2="18" type="ECrel">
        <subtype name="compound" value="71"/>
    </relation>
    <relation entry1="14" entry2="16" type="ECrel">
        <subtype name="compound" value="80"/>
    </relation>
    <relation entry1="13" entry2="16" type="ECrel">
        <subtype name="compound" value="80"/>
    </relation>
    <relation entry1="11" entry2="16" type="ECrel">
        <subtype name="compound" value="80"/>
    </relation>
    <relation entry1="11" entry2="14" type="ECrel">
        <subtype name="compound" value="80"/>
    </relation>
    <relation entry1="11" entry2="13" type="ECrel">
        <subtype name="compound" value="80"/>
    </relation>
    <relation entry1="19" entry2="22" type="ECrel">
        <subtype name="compound" value="67"/>
    </relation>
    <relation entry1="10" entry2="19" type="ECrel">
        <subtype name="compound" value="73"/>
    </relation>
    <relation entry1="39" entry2="1" type="maplink">
        <subtype name="compound" value="51"/>
    </relation>
    <relation entry1="40" entry2="1" type="maplink">
        <subtype name="compound" value="51"/>
    </relation>
    <relation entry1="42" entry2="1" type="maplink">
        <subtype name="compound" value="51"/>
    </relation>
    <reaction name="rn:R03974" type="irreversible">
        <substrate name="cpd:C05337"/>
        <product name="cpd:C02528"/>
    </reaction>
    <reaction name="rn:R02794" type="reversible">
        <substrate name="cpd:C00695"/>
        <product name="cpd:C01794"/>
    </reaction>
    <reaction name="rn:R04828" type="irreversible">
        <substrate name="cpd:C05461"/>
        <product name="cpd:C05462"/>
    </reaction>
    <reaction name="rn:R03718" type="irreversible">
        <substrate name="cpd:C01794"/>
        <substrate name="cpd:C00037"/>
        <product name="cpd:C01921"/>
    </reaction>
    <reaction name="rn:R03720" type="irreversible">
        <substrate name="cpd:C01794"/>
        <substrate name="cpd:C00245"/>
        <product name="cpd:C05122"/>
    </reaction>
    <reaction name="rn:R04811" type="irreversible">
        <substrate name="cpd:C05449"/>
        <product name="cpd:C05461"/>
    </reaction>
    <reaction name="rn:R03719" type="irreversible">
        <substrate name="cpd:C05467"/>
        <product name="cpd:C01794"/>
    </reaction>
    <reaction name="rn:R04810" type="irreversible">
        <substrate name="cpd:C05448"/>
        <product name="cpd:C05449"/>
    </reaction>
    <reaction name="rn:R04812" type="reversible">
        <substrate name="cpd:C05450"/>
        <product name="cpd:C05467"/>
    </reaction>
    <reaction name="rn:R04546" type="irreversible">
        <substrate name="cpd:C04644"/>
        <product name="cpd:C05337"/>
    </reaction>
    <reaction name="rn:R04547" type="irreversible">
        <substrate name="cpd:C04644"/>
        <product name="cpd:C05447"/>
    </reaction>
    <reaction name="rn:R04592" type="irreversible">
        <substrate name="cpd:C04760"/>
        <product name="cpd:C05460"/>
    </reaction>
    <reaction name="rn:R04507" type="irreversible">
        <substrate name="cpd:C04554"/>
        <product name="cpd:C04644"/>
    </reaction>
    <reaction name="rn:R04580" type="irreversible">
        <substrate name="cpd:C04722"/>
        <product name="cpd:C04760"/>
    </reaction>
    <reaction name="rn:R04805" type="irreversible">
        <substrate name="cpd:C05444"/>
        <product name="cpd:C05445"/>
    </reaction>
    <reaction name="rn:R04506" type="irreversible">
        <substrate name="cpd:C05445"/>
        <product name="cpd:C04554"/>
    </reaction>
    <reaction name="rn:R04806" type="irreversible">
        <substrate name="cpd:C05452"/>
        <product name="cpd:C05444"/>
    </reaction>
    <reaction name="rn:R04807" type="irreversible">
        <substrate name="cpd:C05454"/>
        <product name="cpd:C05446"/>
    </reaction>
    <reaction name="rn:R04818" type="irreversible">
        <substrate name="cpd:C05451"/>
        <product name="cpd:C05452"/>
    </reaction>
    <reaction name="rn:R04819" type="irreversible">
        <substrate name="cpd:C05451"/>
        <product name="cpd:C05452"/>
    </reaction>
    <reaction name="rn:R04824" type="irreversible">
        <substrate name="cpd:C05453"/>
        <product name="cpd:C05454"/>
    </reaction>
    <reaction name="rn:R04825" type="irreversible">
        <substrate name="cpd:C05453"/>
        <product name="cpd:C05454"/>
    </reaction>
    <reaction name="rn:R04827" type="irreversible">
        <substrate name="cpd:C05457"/>
        <product name="cpd:C05458"/>
    </reaction>
    <reaction name="rn:R01463" type="irreversible">
        <substrate name="cpd:C00187"/>
        <product name="cpd:C03594"/>
    </reaction>
    <reaction name="rn:R01461" type="reversible">
        <substrate name="cpd:C00187"/>
        <product name="cpd:C02530"/>
    </reaction>
    <reaction name="rn:R01462" type="irreversible">
        <substrate name="cpd:C02530"/>
        <product name="cpd:C00187"/>
    </reaction>
    <reaction name="rn:R04817" type="irreversible">
        <substrate name="cpd:C05455"/>
        <product name="cpd:C05451"/>
    </reaction>
    <reaction name="rn:R04823" type="irreversible">
        <substrate name="cpd:C05457"/>
        <product name="cpd:C05453"/>
    </reaction>
</pathway>
