<?xml version="1.0"?>
<!DOCTYPE pathway SYSTEM "http://www.genome.jp/kegg/xml/KGML_v0.6.1_.dtd">
<!-- Creation date: Oct 22 2008 11:12:49 +0900 (JST) -->
<pathway name="path:hsa00290" org="hsa" number="00290"
         title="Valine, leucine and isoleucine biosynthesis"
         image="http://www.genome.jp/kegg/pathway/hsa/hsa00290.gif"
         link="http://www.genome.jp/dbget-bin/show_pathway?hsa00290">
    <entry id="1" name="undefined:" type="undefined">
        <graphics name="4.2.1.35" fgcolor="#000000" bgcolor="#FFFFFF"
             type="rectangle" x="375" y="169" width="45" height="17"/>
    </entry>
    <entry id="2" name="undefined:" type="undefined">
        <graphics name="2.3.1.182" fgcolor="#000000" bgcolor="#FFFFFF"
             type="rectangle" x="436" y="215" width="45" height="17"/>
    </entry>
    <entry id="3" name="undefined:" type="undefined">
        <graphics name="4.2.1.33" fgcolor="#000000" bgcolor="#FFFFFF"
             type="rectangle" x="353" y="190" width="45" height="17"/>
    </entry>
    <entry id="4" name="undefined:" type="undefined">
        <graphics name="4.2.1.33" fgcolor="#000000" bgcolor="#FFFFFF"
             type="rectangle" x="398" y="190" width="45" height="17"/>
    </entry>
    <entry id="5" name="undefined:" type="undefined">
        <graphics name="4.2.1.33" fgcolor="#000000" bgcolor="#FFFFFF"
             type="rectangle" x="250" y="188" width="45" height="17"/>
    </entry>
    <entry id="6" name="undefined:" type="undefined">
        <graphics name="4.2.1.33" fgcolor="#000000" bgcolor="#FFFFFF"
             type="rectangle" x="250" y="171" width="45" height="17"/>
    </entry>
    <entry id="7" name="undefined:" type="undefined">
        <graphics name="1.1.1.85" fgcolor="#000000" bgcolor="#FFFFFF"
             type="rectangle" x="160" y="205" width="45" height="17"/>
    </entry>
    <entry id="8" name="ko:K01754" type="ortholog">
        <graphics name="K01754" fgcolor="#000000" bgcolor="#FFFFFF"
             type="rectangle" x="109" y="237" width="45" height="17"/>
    </entry>
    <entry id="9" name="cpd:C00188" type="compound">
        <graphics name="C00188" fgcolor="#000000" bgcolor="#FFFFFF"
             type="circle" x="74" y="238" width="8" height="8"/>
    </entry>
    <entry id="10" name="cpd:C06032" type="compound"
        link="http://www.genome.jp/dbget-bin/www_bget?compound+C06032">
        <graphics name="C06032" fgcolor="#000000" bgcolor="#FFFFFF"
             type="circle" x="189" y="180" width="8" height="8"/>
    </entry>
    <entry id="11" name="cpd:C02226" type="compound"
        link="http://www.genome.jp/dbget-bin/www_bget?compound+C02226">
        <graphics name="C02226" fgcolor="#000000" bgcolor="#FFFFFF"
             type="circle" x="302" y="180" width="8" height="8"/>
    </entry>
    <entry id="12" name="cpd:C02612" type="compound"
        link="http://www.genome.jp/dbget-bin/www_bget?compound+C02612">
        <graphics name="C02612" fgcolor="#000000" bgcolor="#FFFFFF"
             type="circle" x="436" y="180" width="8" height="8"/>
    </entry>
    <entry id="13" name="cpd:C00024" type="compound"
        link="http://www.genome.jp/dbget-bin/www_bget?compound+C00024">
        <graphics name="C00024" fgcolor="#000000" bgcolor="#FFFFFF"
             type="circle" x="493" y="237" width="8" height="8"/>
    </entry>
    <entry id="14" name="path:map00290" type="map">
        <graphics name="TITLE:Valine, leucine and isoleucine biosynthesis" fgcolor="#000000" bgcolor="#FFFFFF"
             type="roundrectangle" x="236" y="56" width="374" height="27"/>
    </entry>
    <entry id="15" name="path:map00260" type="map">
        <graphics name="Glycine, serine and threonine metabolism" fgcolor="#000000" bgcolor="#FFFFFF"
             type="roundrectangle" x="76" y="138" width="119" height="34"/>
    </entry>
    <entry id="16" name="hsa:586 hsa:587" type="gene" reaction="rn:R02199"
        link="http://www.genome.jp/dbget-bin/www_bget?hsa+586+587">
        <graphics name="BCAT1, BCT1..." fgcolor="#000000" bgcolor="#BFFFBF"
             type="rectangle" x="135" y="562" width="45" height="17"/>
    </entry>
    <entry id="17" name="hsa:23395 hsa:51520" type="gene" reaction="rn:R03657"
        link="http://www.genome.jp/dbget-bin/www_bget?hsa+23395+51520">
        <graphics name="LARS2..." fgcolor="#000000" bgcolor="#BFFFBF"
             type="rectangle" x="663" y="767" width="45" height="17"/>
    </entry>
    <entry id="18" name="undefined:" type="undefined">
        <graphics name="2.6.1.6" fgcolor="#000000" bgcolor="#FFFFFF"
             type="rectangle" x="663" y="692" width="45" height="17"/>
    </entry>
    <entry id="19" name="hsa:586 hsa:587" type="gene" reaction="rn:R01090"
        link="http://www.genome.jp/dbget-bin/www_bget?hsa+586+587">
        <graphics name="BCAT1, BCT1..." fgcolor="#000000" bgcolor="#BFFFBF"
             type="rectangle" x="638" y="711" width="45" height="17"/>
    </entry>
    <entry id="20" name="undefined:" type="undefined">
        <graphics name="1.1.1.86" fgcolor="#000000" bgcolor="#FFFFFF"
             type="rectangle" x="160" y="426" width="46" height="17"/>
    </entry>
    <entry id="21" name="undefined:" type="undefined">
        <graphics name="4.2.1.33" fgcolor="#000000" bgcolor="#FFFFFF"
             type="rectangle" x="494" y="527" width="45" height="17"/>
    </entry>
    <entry id="22" name="undefined:" type="undefined">
        <graphics name="1.1.1.85" fgcolor="#000000" bgcolor="#FFFFFF"
             type="rectangle" x="663" y="562" width="45" height="17"/>
    </entry>
    <entry id="23" name="undefined:" type="undefined">
        <graphics name="4.2.1.33" fgcolor="#000000" bgcolor="#FFFFFF"
             type="rectangle" x="606" y="526" width="45" height="17"/>
    </entry>
    <entry id="24" name="undefined:" type="undefined">
        <graphics name="2.3.3.13" fgcolor="#000000" bgcolor="#FFFFFF"
             type="rectangle" x="356" y="526" width="46" height="17"/>
    </entry>
    <entry id="25" name="hsa:57176 hsa:7407" type="gene" reaction="rn:R03665"
        link="http://www.genome.jp/dbget-bin/www_bget?hsa+57176+7407">
        <graphics name="VARS2, VARS2L, VARSL..." fgcolor="#000000" bgcolor="#BFFFBF"
             type="rectangle" x="302" y="626" width="45" height="17"/>
    </entry>
    <entry id="26" name="undefined:" type="undefined">
        <graphics name="2.6.1.66" fgcolor="#000000" bgcolor="#FFFFFF"
             type="rectangle" x="302" y="550" width="45" height="17"/>
    </entry>
    <entry id="27" name="hsa:586 hsa:587" type="gene" reaction="rn:R01214"
        link="http://www.genome.jp/dbget-bin/www_bget?hsa+586+587">
        <graphics name="BCAT1, BCT1..." fgcolor="#000000" bgcolor="#BFFFBF"
             type="rectangle" x="277" y="569" width="45" height="17"/>
    </entry>
    <entry id="28" name="undefined:" type="undefined">
        <graphics name="4.2.1.9" fgcolor="#000000" bgcolor="#FFFFFF"
             type="rectangle" x="302" y="492" width="45" height="17"/>
    </entry>
    <entry id="29" name="undefined:" type="undefined">
        <graphics name="1.1.1.86" fgcolor="#000000" bgcolor="#FFFFFF"
             type="rectangle" x="135" y="358" width="46" height="17"/>
    </entry>
    <entry id="30" name="undefined:" type="undefined">
        <graphics name="5.4.99.3" fgcolor="#000000" bgcolor="#FFFFFF"
             type="rectangle" x="184" y="358" width="45" height="17"/>
    </entry>
    <entry id="31" name="undefined:" type="undefined">
        <graphics name="1.1.1.86" fgcolor="#000000" bgcolor="#FFFFFF"
             type="rectangle" x="277" y="358" width="46" height="17"/>
    </entry>
    <entry id="32" name="undefined:" type="undefined">
        <graphics name="2.2.1.6" fgcolor="#000000" bgcolor="#FFFFFF"
             type="rectangle" x="302" y="291" width="45" height="17"/>
    </entry>
    <entry id="33" name="hsa:3376 hsa:55699" type="gene" reaction="rn:R03656"
        link="http://www.genome.jp/dbget-bin/www_bget?hsa+3376+55699">
        <graphics name="IARS..." fgcolor="#000000" bgcolor="#BFFFBF"
             type="rectangle" x="160" y="625" width="45" height="17"/>
    </entry>
    <entry id="34" name="undefined:" type="undefined">
        <graphics name="4.2.1.9" fgcolor="#000000" bgcolor="#FFFFFF"
             type="rectangle" x="160" y="492" width="45" height="17"/>
    </entry>
    <entry id="35" name="undefined:" type="undefined">
        <graphics name="1.1.1.86" fgcolor="#000000" bgcolor="#FFFFFF"
             type="rectangle" x="302" y="426" width="46" height="17"/>
    </entry>
    <entry id="36" name="hsa:5160 hsa:5161 hsa:5162" type="gene" reaction="rn:R00014"
        link="http://www.genome.jp/dbget-bin/www_bget?hsa+5160+5161+5162">
        <graphics name="PDHA1, PDHA..." fgcolor="#000000" bgcolor="#BFFFBF"
             type="rectangle" x="375" y="254" width="45" height="17"/>
    </entry>
    <entry id="37" name="undefined:" type="undefined">
        <graphics name="2.2.1.6" fgcolor="#000000" bgcolor="#FFFFFF"
             type="rectangle" x="160" y="290" width="45" height="17"/>
    </entry>
    <entry id="38" name="path:hsa00280" type="map"
        link="http://www.genome.jp/kegg/pathway/hsa/hsa00280.html">
        <graphics name="Valine, leucine and isoleucine degradation" fgcolor="#000000" bgcolor="#FFFFFF"
             type="roundrectangle" x="444" y="840" width="126" height="34"/>
    </entry>
    <entry id="39" name="path:hsa00620" type="map"
        link="http://www.genome.jp/kegg/pathway/hsa/hsa00620.html">
        <graphics name="Pyruvate metabolism" fgcolor="#000000" bgcolor="#FFFFFF"
             type="roundrectangle" x="438" y="390" width="74" height="34"/>
    </entry>
    <entry id="40" name="undefined:" type="undefined">
        <graphics name="5.4.99.3" fgcolor="#000000" bgcolor="#FFFFFF"
             type="rectangle" x="326" y="358" width="45" height="17"/>
    </entry>
    <entry id="41" name="undefined:" type="undefined">
        <graphics name="1.4.1.9" fgcolor="#000000" bgcolor="#FFFFFF"
             type="rectangle" x="687" y="711" width="45" height="17"/>
    </entry>
    <entry id="42" name="undefined:" type="undefined">
        <graphics name="1.4.1.9" fgcolor="#000000" bgcolor="#FFFFFF"
             type="rectangle" x="326" y="569" width="45" height="17"/>
    </entry>
    <entry id="43" name="undefined:" type="undefined">
        <graphics name="1.4.1.9" fgcolor="#000000" bgcolor="#FFFFFF"
             type="rectangle" x="184" y="562" width="45" height="17"/>
    </entry>
    <entry id="44" name="undefined:" type="undefined">
        <graphics name="2.2.1.6" fgcolor="#000000" bgcolor="#FFFFFF"
             type="rectangle" x="375" y="275" width="45" height="17"/>
    </entry>
    <entry id="45" name="cpd:C00022" type="compound"
        link="http://www.genome.jp/dbget-bin/www_bget?compound+C00022">
        <graphics name="C00022" fgcolor="#000000" bgcolor="#FFFFFF"
             type="circle" x="436" y="265" width="8" height="8"/>
    </entry>
    <entry id="46" name="cpd:C05125" type="compound"
        link="http://www.genome.jp/dbget-bin/www_bget?compound+C05125">
        <graphics name="C05125" fgcolor="#000000" bgcolor="#FFFFFF"
             type="circle" x="302" y="265" width="8" height="8"/>
    </entry>
    <entry id="47" name="cpd:C00109" type="compound"
        link="http://www.genome.jp/dbget-bin/www_bget?compound+C00109">
        <graphics name="C00109" fgcolor="#000000" bgcolor="#FFFFFF"
             type="circle" x="160" y="238" width="8" height="8"/>
    </entry>
    <entry id="48" name="cpd:C06006" type="compound"
        link="http://www.genome.jp/dbget-bin/www_bget?compound+C06006">
        <graphics name="C06006" fgcolor="#000000" bgcolor="#FFFFFF"
             type="circle" x="160" y="323" width="8" height="8"/>
    </entry>
    <entry id="49" name="cpd:C14463" type="compound"
        link="http://www.genome.jp/dbget-bin/www_bget?compound+C14463">
        <graphics name="C14463" fgcolor="#000000" bgcolor="#FFFFFF"
             type="circle" x="160" y="389" width="8" height="8"/>
    </entry>
    <entry id="50" name="cpd:C06007" type="compound"
        link="http://www.genome.jp/dbget-bin/www_bget?compound+C06007">
        <graphics name="C06007" fgcolor="#000000" bgcolor="#FFFFFF"
             type="circle" x="160" y="462" width="8" height="8"/>
    </entry>
    <entry id="51" name="cpd:C00671" type="compound"
        link="http://www.genome.jp/dbget-bin/www_bget?compound+C00671">
        <graphics name="C00671" fgcolor="#000000" bgcolor="#FFFFFF"
             type="circle" x="160" y="527" width="8" height="8"/>
    </entry>
    <entry id="52" name="cpd:C00407" type="compound"
        link="http://www.genome.jp/dbget-bin/www_bget?compound+C00407">
        <graphics name="C00407" fgcolor="#000000" bgcolor="#FFFFFF"
             type="circle" x="160" y="597" width="8" height="8"/>
    </entry>
    <entry id="53" name="cpd:C03127" type="compound"
        link="http://www.genome.jp/dbget-bin/www_bget?compound+C03127">
        <graphics name="C03127" fgcolor="#000000" bgcolor="#FFFFFF"
             type="circle" x="160" y="662" width="8" height="8"/>
    </entry>
    <entry id="54" name="cpd:C00017" type="compound"
        link="http://www.genome.jp/dbget-bin/www_bget?compound+C00017">
        <graphics name="C00017" fgcolor="#000000" bgcolor="#FFFFFF"
             type="circle" x="160" y="720" width="8" height="8"/>
    </entry>
    <entry id="55" name="cpd:C00017" type="compound"
        link="http://www.genome.jp/dbget-bin/www_bget?compound+C00017">
        <graphics name="C00017" fgcolor="#000000" bgcolor="#FFFFFF"
             type="circle" x="302" y="720" width="8" height="8"/>
    </entry>
    <entry id="56" name="cpd:C02554" type="compound"
        link="http://www.genome.jp/dbget-bin/www_bget?compound+C02554">
        <graphics name="C02554" fgcolor="#000000" bgcolor="#FFFFFF"
             type="circle" x="302" y="662" width="8" height="8"/>
    </entry>
    <entry id="57" name="cpd:C00183" type="compound"
        link="http://www.genome.jp/dbget-bin/www_bget?compound+C00183">
        <graphics name="C00183" fgcolor="#000000" bgcolor="#FFFFFF"
             type="circle" x="302" y="597" width="8" height="8"/>
    </entry>
    <entry id="58" name="cpd:C00141" type="compound"
        link="http://www.genome.jp/dbget-bin/www_bget?compound+C00141">
        <graphics name="C00141" fgcolor="#000000" bgcolor="#FFFFFF"
             type="circle" x="302" y="527" width="8" height="8"/>
    </entry>
    <entry id="59" name="cpd:C04272" type="compound"
        link="http://www.genome.jp/dbget-bin/www_bget?compound+C04272">
        <graphics name="C04272" fgcolor="#000000" bgcolor="#FFFFFF"
             type="circle" x="302" y="462" width="8" height="8"/>
    </entry>
    <entry id="60" name="cpd:C04181" type="compound"
        link="http://www.genome.jp/dbget-bin/www_bget?compound+C04181">
        <graphics name="C04181" fgcolor="#000000" bgcolor="#FFFFFF"
             type="circle" x="302" y="389" width="8" height="8"/>
    </entry>
    <entry id="61" name="cpd:C06010" type="compound"
        link="http://www.genome.jp/dbget-bin/www_bget?compound+C06010">
        <graphics name="C06010" fgcolor="#000000" bgcolor="#FFFFFF"
             type="circle" x="302" y="323" width="8" height="8"/>
    </entry>
    <entry id="62" name="cpd:C02504" type="compound"
        link="http://www.genome.jp/dbget-bin/www_bget?compound+C02504">
        <graphics name="C02504" fgcolor="#000000" bgcolor="#FFFFFF"
             type="circle" x="436" y="527" width="8" height="8"/>
    </entry>
    <entry id="63" name="cpd:C02631" type="compound"
        link="http://www.genome.jp/dbget-bin/www_bget?compound+C02631">
        <graphics name="C02631" fgcolor="#000000" bgcolor="#FFFFFF"
             type="circle" x="550" y="527" width="8" height="8"/>
    </entry>
    <entry id="64" name="cpd:C04411" type="compound"
        link="http://www.genome.jp/dbget-bin/www_bget?compound+C04411">
        <graphics name="C04411" fgcolor="#000000" bgcolor="#FFFFFF"
             type="circle" x="663" y="527" width="8" height="8"/>
    </entry>
    <entry id="65" name="cpd:C04236" type="compound"
        link="http://www.genome.jp/dbget-bin/www_bget?compound+C04236">
        <graphics name="C04236" fgcolor="#000000" bgcolor="#FFFFFF"
             type="circle" x="663" y="597" width="8" height="8"/>
    </entry>
    <entry id="66" name="cpd:C00233" type="compound"
        link="http://www.genome.jp/dbget-bin/www_bget?compound+C00233">
        <graphics name="C00233" fgcolor="#000000" bgcolor="#FFFFFF"
             type="circle" x="663" y="662" width="8" height="8"/>
    </entry>
    <entry id="67" name="cpd:C00123" type="compound"
        link="http://www.genome.jp/dbget-bin/www_bget?compound+C00123">
        <graphics name="C00123" fgcolor="#000000" bgcolor="#FFFFFF"
             type="circle" x="663" y="739" width="8" height="8"/>
    </entry>
    <entry id="68" name="cpd:C02047" type="compound"
        link="http://www.genome.jp/dbget-bin/www_bget?compound+C02047">
        <graphics name="C02047" fgcolor="#000000" bgcolor="#FFFFFF"
             type="circle" x="663" y="803" width="8" height="8"/>
    </entry>
    <entry id="69" name="cpd:C00017" type="compound"
        link="http://www.genome.jp/dbget-bin/www_bget?compound+C00017">
        <graphics name="C00017" fgcolor="#000000" bgcolor="#FFFFFF"
             type="circle" x="663" y="862" width="8" height="8"/>
    </entry>
    <entry id="70" name="hsa:160287 hsa:3939 hsa:3945 hsa:3948 hsa:92483" type="gene" map="39"
        link="http://www.genome.jp/dbget-bin/show_pathway?hsa00620+hsa:160287+hsa:3939+hsa:3945+hsa:3948+hsa:92483"/>
    <entry id="71" name="hsa:197257" type="gene" map="39"
        link="http://www.genome.jp/dbget-bin/show_pathway?hsa00620+hsa:197257"/>
    <entry id="72" name="hsa:4200" type="gene" map="39"
        link="http://www.genome.jp/dbget-bin/show_pathway?hsa00620+hsa:4200"/>
    <entry id="74" name="hsa:10873 hsa:4199" type="gene" map="39"
        link="http://www.genome.jp/dbget-bin/show_pathway?hsa00620+hsa:10873+hsa:4199"/>
    <entry id="87" name="hsa:1738" type="gene" map="39"
        link="http://www.genome.jp/dbget-bin/show_pathway?hsa00620+hsa:1738"/>
    <entry id="88" name="hsa:1737" type="gene" map="39"
        link="http://www.genome.jp/dbget-bin/show_pathway?hsa00620+hsa:1737"/>
    <entry id="90" name="hsa:5313 hsa:5315" type="gene" map="39"
        link="http://www.genome.jp/dbget-bin/show_pathway?hsa00620+hsa:5313+hsa:5315"/>
    <entry id="96" name="hsa:5091" type="gene" map="39"
        link="http://www.genome.jp/dbget-bin/show_pathway?hsa00620+hsa:5091"/>
    <relation entry1="16" entry2="33" type="ECrel">
        <subtype name="compound" value="52"/>
    </relation>
    <relation entry1="25" entry2="27" type="ECrel">
        <subtype name="compound" value="57"/>
    </relation>
    <relation entry1="17" entry2="19" type="ECrel">
        <subtype name="compound" value="67"/>
    </relation>
    <relation entry1="36" entry2="39" type="maplink">
        <subtype name="compound" value="45"/>
    </relation>
    <relation entry1="16" entry2="38" type="maplink">
        <subtype name="compound" value="52"/>
    </relation>
    <relation entry1="33" entry2="38" type="maplink">
        <subtype name="compound" value="52"/>
    </relation>
    <relation entry1="27" entry2="38" type="maplink">
        <subtype name="compound" value="57"/>
    </relation>
    <relation entry1="25" entry2="38" type="maplink">
        <subtype name="compound" value="57"/>
    </relation>
    <relation entry1="19" entry2="38" type="maplink">
        <subtype name="compound" value="67"/>
    </relation>
    <relation entry1="17" entry2="38" type="maplink">
        <subtype name="compound" value="67"/>
    </relation>
    <reaction name="rn:R02199" type="irreversible">
        <substrate name="cpd:C00671"/>
        <product name="cpd:C00407"/>
    </reaction>
    <reaction name="rn:R03657" type="irreversible">
        <substrate name="cpd:C00123"/>
        <product name="cpd:C02047"/>
    </reaction>
    <reaction name="rn:R01090" type="reversible">
        <substrate name="cpd:C00123"/>
        <product name="cpd:C00233"/>
    </reaction>
    <reaction name="rn:R03665" type="irreversible">
        <substrate name="cpd:C00183"/>
        <product name="cpd:C02554"/>
    </reaction>
    <reaction name="rn:R01214" type="irreversible">
        <substrate name="cpd:C00141"/>
        <product name="cpd:C00183"/>
    </reaction>
    <reaction name="rn:R03656" type="irreversible">
        <substrate name="cpd:C00407"/>
        <product name="cpd:C03127"/>
    </reaction>
    <reaction name="rn:R00014" type="irreversible">
        <substrate name="cpd:C00022"/>
        <product name="cpd:C05125"/>
    </reaction>
</pathway>
