<?xml version="1.0"?>
<!DOCTYPE pathway SYSTEM "http://www.genome.jp/kegg/xml/KGML_v0.6.1_.dtd">
<!-- Creation date: Sep 03 2008 00:32:59 +0900 (JST) -->
<pathway name="path:hsa00363" org="hsa" number="00363"
         title="Bisphenol A degradation"
         image="http://www.genome.jp/kegg/pathway/hsa/hsa00363.gif"
         link="http://www.genome.jp/dbget-bin/show_pathway?hsa00363">
    <entry id="1" name="path:map00623" type="map"
        link="http://www.genome.jp/kegg/pathway/map/map00623.html">
        <graphics name="2,4-Dichlorobenzoate degradation" fgcolor="#000000" bgcolor="#FFFFFF"
             type="roundrectangle" x="563" y="769" width="188" height="25"/>
    </entry>
    <entry id="2" name="path:hsa00361" type="map"
        link="http://www.genome.jp/kegg/pathway/hsa/hsa00361.html">
        <graphics name="gamma-Hexachlorocyclohexane degradation" fgcolor="#000000" bgcolor="#FFFFFF"
             type="roundrectangle" x="318" y="931" width="179" height="34"/>
    </entry>
    <entry id="3" name="path:hsa00363" type="map"
        link="http://www.genome.jp/dbget-bin/get_linkdb?pathway+hsa00363">
        <graphics name="TITLE:Bisphenol A degradation" fgcolor="#000000" bgcolor="#FFFFFF"
             type="roundrectangle" x="389" y="54" width="220" height="26"/>
    </entry>
    <entry id="4" name="path:map00362" type="map"
        link="http://www.genome.jp/kegg/pathway/map/map00362.html">
        <graphics name="Benzoate degradation via hydroxylation" fgcolor="#000000" bgcolor="#FFFFFF"
             type="roundrectangle" x="102" y="639" width="132" height="34"/>
    </entry>
    <entry id="5" name="undefined:" type="undefined">
        <graphics name="1.13.-.-" fgcolor="#000000" bgcolor="#FFFFFF"
             type="rectangle" x="540" y="611" width="45" height="17"/>
    </entry>
    <entry id="6" name="undefined:" type="undefined">
        <graphics name="1.14.13.84" fgcolor="#000000" bgcolor="#FFFFFF"
             type="rectangle" x="318" y="734" width="45" height="17"/>
    </entry>
    <entry id="7" name="undefined:" type="undefined">
        <graphics name="1.13.-.-" fgcolor="#000000" bgcolor="#FFFFFF"
             type="rectangle" x="317" y="611" width="45" height="17"/>
    </entry>
    <entry id="8" name="undefined:" type="undefined">
        <graphics name="1.1.3.-" fgcolor="#000000" bgcolor="#FFFFFF"
             type="rectangle" x="421" y="540" width="46" height="17"/>
    </entry>
    <entry id="9" name="undefined:" type="undefined">
        <graphics name="1.14.13.-" fgcolor="#000000" bgcolor="#FFFFFF"
             type="rectangle" x="465" y="459" width="45" height="17"/>
    </entry>
    <entry id="10" name="undefined:" type="undefined">
        <graphics name="1.97.1.-" fgcolor="#000000" bgcolor="#FFFFFF"
             type="rectangle" x="392" y="213" width="45" height="17"/>
    </entry>
    <entry id="11" name="hsa:5444 hsa:5445 hsa:5446" type="gene" reaction="rn:R06893"
        link="http://www.genome.jp/dbget-bin/www_bget?hsa+5444+5445+5446">
        <graphics name="PON1, PON..." fgcolor="#000000" bgcolor="#BFFFBF"
             type="rectangle" x="318" y="813" width="45" height="17"/>
    </entry>
    <entry id="12" name="undefined:" type="undefined">
        <graphics name="1.14.13.-" fgcolor="#000000" bgcolor="#FFFFFF"
             type="rectangle" x="161" y="701" width="45" height="17"/>
    </entry>
    <entry id="13" name="hsa:57016 hsa:80270" type="gene" reaction="rn:R06891"
        link="http://www.genome.jp/dbget-bin/www_bget?hsa+57016+80270">
        <graphics name="AKR1B10, AKR1B11..." fgcolor="#000000" bgcolor="#BFFFBF"
             type="rectangle" x="261" y="701" width="45" height="17"/>
    </entry>
    <entry id="14" name="undefined:" type="undefined">
        <graphics name="1.1.-.-" fgcolor="#000000" bgcolor="#FFFFFF"
             type="rectangle" x="318" y="539" width="45" height="17"/>
    </entry>
    <entry id="15" name="undefined:" type="undefined">
        <graphics name="1.14.13.-" fgcolor="#000000" bgcolor="#FFFFFF"
             type="rectangle" x="318" y="462" width="45" height="17"/>
    </entry>
    <entry id="16" name="undefined:" type="undefined">
        <graphics name="1.97.1.-" fgcolor="#000000" bgcolor="#FFFFFF"
             type="rectangle" x="392" y="370" width="45" height="17"/>
    </entry>
    <entry id="17" name="undefined:" type="undefined">
        <graphics name="1.14.13.-" fgcolor="#000000" bgcolor="#FFFFFF"
             type="rectangle" x="540" y="541" width="45" height="17"/>
    </entry>
    <entry id="18" name="undefined:" type="undefined">
        <graphics name="1.97.1.-" fgcolor="#000000" bgcolor="#FFFFFF"
             type="rectangle" x="392" y="134" width="45" height="17"/>
    </entry>
    <entry id="19" name="undefined:" type="undefined">
        <graphics name="1.97.1.-" fgcolor="#000000" bgcolor="#FFFFFF"
             type="rectangle" x="392" y="292" width="45" height="17"/>
    </entry>
    <entry id="20" name="cpd:C13620" type="compound"
        link="http://www.genome.jp/dbget-bin/www_bget?compound+C13620">
        <graphics name="C13620" fgcolor="#000000" bgcolor="#FFFFFF"
             type="circle" x="392" y="100" width="8" height="8"/>
    </entry>
    <entry id="21" name="cpd:C13632" type="compound"
        link="http://www.genome.jp/dbget-bin/www_bget?compound+C13632">
        <graphics name="C13632" fgcolor="#000000" bgcolor="#FFFFFF"
             type="circle" x="318" y="585" width="8" height="8"/>
    </entry>
    <entry id="22" name="cpd:C00530" type="compound"
        link="http://www.genome.jp/dbget-bin/www_bget?compound+C00530">
        <graphics name="C00530" fgcolor="#000000" bgcolor="#FFFFFF"
             type="circle" x="318" y="858" width="8" height="8"/>
    </entry>
    <entry id="23" name="cpd:C13621" type="compound"
        link="http://www.genome.jp/dbget-bin/www_bget?compound+C13621">
        <graphics name="C13621" fgcolor="#000000" bgcolor="#FFFFFF"
             type="circle" x="392" y="179" width="8" height="8"/>
    </entry>
    <entry id="24" name="cpd:C00156" type="compound"
        link="http://www.genome.jp/dbget-bin/www_bget?compound+C00156">
        <graphics name="C00156" fgcolor="#000000" bgcolor="#FFFFFF"
             type="circle" x="540" y="698" width="8" height="8"/>
    </entry>
    <entry id="25" name="cpd:C13634" type="compound"
        link="http://www.genome.jp/dbget-bin/www_bget?compound+C13634">
        <graphics name="C13634" fgcolor="#000000" bgcolor="#FFFFFF"
             type="circle" x="540" y="584" width="8" height="8"/>
    </entry>
    <entry id="26" name="cpd:C13631" type="compound"
        link="http://www.genome.jp/dbget-bin/www_bget?compound+C13631">
        <graphics name="C13631" fgcolor="#000000" bgcolor="#FFFFFF"
             type="circle" x="465" y="503" width="8" height="8"/>
    </entry>
    <entry id="27" name="cpd:C13629" type="compound"
        link="http://www.genome.jp/dbget-bin/www_bget?compound+C13629">
        <graphics name="C13629" fgcolor="#000000" bgcolor="#FFFFFF"
             type="circle" x="318" y="505" width="8" height="8"/>
    </entry>
    <entry id="28" name="cpd:C00633" type="compound"
        link="http://www.genome.jp/dbget-bin/www_bget?compound+C00633">
        <graphics name="C00633" fgcolor="#000000" bgcolor="#FFFFFF"
             type="circle" x="235" y="639" width="8" height="8"/>
    </entry>
    <entry id="29" name="cpd:C13637" type="compound"
        link="http://www.genome.jp/dbget-bin/www_bget?compound+C13637">
        <graphics name="C13637" fgcolor="#000000" bgcolor="#FFFFFF"
             type="circle" x="115" y="702" width="8" height="8"/>
    </entry>
    <entry id="30" name="cpd:C13638" type="compound"
        link="http://www.genome.jp/dbget-bin/www_bget?compound+C13638">
        <graphics name="C13638" fgcolor="#000000" bgcolor="#FFFFFF"
             type="circle" x="216" y="702" width="8" height="8"/>
    </entry>
    <entry id="31" name="cpd:C13625" type="compound"
        link="http://www.genome.jp/dbget-bin/www_bget?compound+C13625">
        <graphics name="C13625" fgcolor="#000000" bgcolor="#FFFFFF"
             type="circle" x="233" y="415" width="8" height="8"/>
    </entry>
    <entry id="32" name="cpd:C13622" type="compound"
        link="http://www.genome.jp/dbget-bin/www_bget?compound+C13622">
        <graphics name="C13622" fgcolor="#000000" bgcolor="#FFFFFF"
             type="circle" x="392" y="258" width="8" height="8"/>
    </entry>
    <entry id="33" name="cpd:C13623" type="compound"
        link="http://www.genome.jp/dbget-bin/www_bget?compound+C13623">
        <graphics name="C13623" fgcolor="#000000" bgcolor="#FFFFFF"
             type="circle" x="392" y="337" width="8" height="8"/>
    </entry>
    <entry id="34" name="cpd:C13624" type="compound"
        link="http://www.genome.jp/dbget-bin/www_bget?compound+C13624">
        <graphics name="C13624" fgcolor="#000000" bgcolor="#FFFFFF"
             type="circle" x="392" y="416" width="8" height="8"/>
    </entry>
    <entry id="35" name="cpd:C13626" type="compound"
        link="http://www.genome.jp/dbget-bin/www_bget?compound+C13626">
        <graphics name="C13626" fgcolor="#000000" bgcolor="#FFFFFF"
             type="circle" x="530" y="414" width="8" height="8"/>
    </entry>
    <entry id="36" name="cpd:C13633" type="compound"
        link="http://www.genome.jp/dbget-bin/www_bget?compound+C13633">
        <graphics name="C13633" fgcolor="#000000" bgcolor="#FFFFFF"
             type="circle" x="420" y="584" width="8" height="8"/>
    </entry>
    <entry id="37" name="cpd:C10700" type="compound"
        link="http://www.genome.jp/dbget-bin/www_bget?compound+C10700">
        <graphics name="C10700" fgcolor="#000000" bgcolor="#FFFFFF"
             type="circle" x="318" y="700" width="8" height="8"/>
    </entry>
    <entry id="38" name="cpd:C13636" type="compound"
        link="http://www.genome.jp/dbget-bin/www_bget?compound+C13636">
        <graphics name="C13636" fgcolor="#000000" bgcolor="#FFFFFF"
             type="circle" x="318" y="779" width="8" height="8"/>
    </entry>
    <entry id="39" name="cpd:C13628" type="compound"
        link="http://www.genome.jp/dbget-bin/www_bget?compound+C13628">
        <graphics name="C13628" fgcolor="#000000" bgcolor="#FFFFFF"
             type="circle" x="641" y="414" width="8" height="8"/>
    </entry>
    <entry id="40" name="cpd:C13635" type="compound"
        link="http://www.genome.jp/dbget-bin/www_bget?compound+C13635">
        <graphics name="C13635" fgcolor="#000000" bgcolor="#FFFFFF"
             type="circle" x="626" y="638" width="8" height="8"/>
    </entry>
    <entry id="54" name="undefined:" type="undefined">
        <graphics name="1.13.11.41" fgcolor="#000000" bgcolor="#FFFFFF"
             type="rectangle" x="627" y="666" width="45" height="17"/>
    </entry>
    <relation entry1="11" entry2="2" type="maplink">
        <subtype name="compound" value="22"/>
    </relation>
    <reaction name="rn:R06893" type="irreversible">
        <substrate name="cpd:C13636"/>
        <product name="cpd:C00530"/>
    </reaction>
    <reaction name="rn:R06891" type="irreversible">
        <substrate name="cpd:C13638"/>
        <product name="cpd:C10700"/>
    </reaction>
</pathway>
