<?xml version="1.0"?>
<!DOCTYPE pathway SYSTEM "http://www.genome.jp/kegg/xml/KGML_v0.6.1_.dtd">
<!-- Creation date: Sep 30 2008 05:03:09 +0900 (JST) -->
<pathway name="path:hsa03020" org="hsa" number="03020"
         title="RNA polymerase"
         image="http://www.genome.jp/kegg/pathway/hsa/hsa03020.gif"
         link="http://www.genome.jp/dbget-bin/show_pathway?hsa03020">
    <entry id="1" name="path:hsa03020" type="map"
        link="http://www.genome.jp/dbget-bin/get_linkdb?pathway+hsa03020">
        <graphics name="TITLE:RNA polymerase" fgcolor="#000000" bgcolor="#FFFFFF"
             type="roundrectangle" x="349" y="41" width="146" height="27"/>
    </entry>
    <entry id="2" name="undefined:" type="undefined">
        <graphics name="2.7.7.6" fgcolor="#000000" bgcolor="#FFFFFF"
             type="rectangle" x="77" y="373" width="45" height="18"/>
    </entry>
    <entry id="3" name="undefined:" type="undefined">
        <graphics name="2.7.7.6" fgcolor="#000000" bgcolor="#FFFFFF"
             type="rectangle" x="77" y="390" width="45" height="17"/>
    </entry>
    <entry id="4" name="undefined:" type="undefined">
        <graphics name="2.7.7.6" fgcolor="#000000" bgcolor="#FFFFFF"
             type="rectangle" x="122" y="383" width="45" height="17"/>
    </entry>
    <entry id="5" name="undefined:" type="undefined">
        <graphics name="2.7.7.6" fgcolor="#000000" bgcolor="#FFFFFF"
             type="rectangle" x="167" y="383" width="45" height="17"/>
    </entry>
    <entry id="6" name="hsa:5431" type="gene"
        link="http://www.genome.jp/dbget-bin/www_bget?hsa+5431">
        <graphics name="POLR2B" fgcolor="#000000" bgcolor="#BFFFBF"
             type="rectangle" x="399" y="373" width="45" height="17"/>
    </entry>
    <entry id="7" name="hsa:5430" type="gene"
        link="http://www.genome.jp/dbget-bin/www_bget?hsa+5430">
        <graphics name="POLR2A, POLR2" fgcolor="#000000" bgcolor="#BFFFBF"
             type="rectangle" x="399" y="390" width="45" height="17"/>
    </entry>
    <entry id="8" name="hsa:5432" type="gene"
        link="http://www.genome.jp/dbget-bin/www_bget?hsa+5432">
        <graphics name="POLR2C" fgcolor="#000000" bgcolor="#BFFFBF"
             type="rectangle" x="445" y="383" width="46" height="18"/>
    </entry>
    <entry id="9" name="hsa:5433" type="gene"
        link="http://www.genome.jp/dbget-bin/www_bget?hsa+5433">
        <graphics name="POLR2D" fgcolor="#000000" bgcolor="#BFFFBF"
             type="rectangle" x="490" y="383" width="46" height="18"/>
    </entry>
    <entry id="10" name="hsa:5434" type="gene"
        link="http://www.genome.jp/dbget-bin/www_bget?hsa+5434">
        <graphics name="POLR2E" fgcolor="#000000" bgcolor="#BFFFBF"
             type="rectangle" x="535" y="383" width="46" height="18"/>
    </entry>
    <entry id="11" name="hsa:5435" type="gene"
        link="http://www.genome.jp/dbget-bin/www_bget?hsa+5435">
        <graphics name="POLR2F" fgcolor="#000000" bgcolor="#BFFFBF"
             type="rectangle" x="580" y="383" width="46" height="18"/>
    </entry>
    <entry id="12" name="hsa:5436" type="gene"
        link="http://www.genome.jp/dbget-bin/www_bget?hsa+5436">
        <graphics name="POLR2G" fgcolor="#000000" bgcolor="#BFFFBF"
             type="rectangle" x="625" y="383" width="46" height="18"/>
    </entry>
    <entry id="13" name="hsa:5437" type="gene"
        link="http://www.genome.jp/dbget-bin/www_bget?hsa+5437">
        <graphics name="POLR2H" fgcolor="#000000" bgcolor="#BFFFBF"
             type="rectangle" x="445" y="400" width="46" height="18"/>
    </entry>
    <entry id="14" name="hsa:5438" type="gene"
        link="http://www.genome.jp/dbget-bin/www_bget?hsa+5438">
        <graphics name="POLR2I" fgcolor="#000000" bgcolor="#BFFFBF"
             type="rectangle" x="490" y="400" width="46" height="18"/>
    </entry>
    <entry id="15" name="hsa:5441" type="gene"
        link="http://www.genome.jp/dbget-bin/www_bget?hsa+5441">
        <graphics name="POLR2L" fgcolor="#000000" bgcolor="#BFFFBF"
             type="rectangle" x="535" y="400" width="46" height="18"/>
    </entry>
    <entry id="16" name="hsa:5439" type="gene"
        link="http://www.genome.jp/dbget-bin/www_bget?hsa+5439">
        <graphics name="POLR2J" fgcolor="#000000" bgcolor="#BFFFBF"
             type="rectangle" x="580" y="400" width="46" height="18"/>
    </entry>
    <entry id="17" name="hsa:5440" type="gene"
        link="http://www.genome.jp/dbget-bin/www_bget?hsa+5440">
        <graphics name="POLR2K" fgcolor="#000000" bgcolor="#BFFFBF"
             type="rectangle" x="625" y="400" width="46" height="18"/>
    </entry>
    <entry id="18" name="hsa:55703" type="gene"
        link="http://www.genome.jp/dbget-bin/www_bget?hsa+55703">
        <graphics name="POLR3B" fgcolor="#000000" bgcolor="#BFFFBF"
             type="rectangle" x="400" y="459" width="46" height="18"/>
    </entry>
    <entry id="19" name="hsa:11128" type="gene"
        link="http://www.genome.jp/dbget-bin/www_bget?hsa+11128">
        <graphics name="POLR3A" fgcolor="#000000" bgcolor="#BFFFBF"
             type="rectangle" x="400" y="476" width="46" height="18"/>
    </entry>
    <entry id="20" name="undefined:" type="undefined">
        <graphics name="2.7.7.6" fgcolor="#000000" bgcolor="#FFFFFF"
             type="rectangle" x="445" y="468" width="46" height="18"/>
    </entry>
    <entry id="21" name="hsa:9533" type="gene"
        link="http://www.genome.jp/dbget-bin/www_bget?hsa+9533">
        <graphics name="POLR1C" fgcolor="#000000" bgcolor="#BFFFBF"
             type="rectangle" x="535" y="468" width="46" height="18"/>
    </entry>
    <entry id="22" name="hsa:51728" type="gene"
        link="http://www.genome.jp/dbget-bin/www_bget?hsa+51728">
        <graphics name="POLR3K" fgcolor="#000000" bgcolor="#BFFFBF"
             type="rectangle" x="580" y="468" width="46" height="18"/>
    </entry>
    <entry id="23" name="hsa:51082" type="gene"
        link="http://www.genome.jp/dbget-bin/www_bget?hsa+51082">
        <graphics name="POLR1D" fgcolor="#000000" bgcolor="#BFFFBF"
             type="rectangle" x="445" y="485" width="46" height="18"/>
    </entry>
    <entry id="24" name="hsa:171568" type="gene"
        link="http://www.genome.jp/dbget-bin/www_bget?hsa+171568">
        <graphics name="POLR3H" fgcolor="#000000" bgcolor="#BFFFBF"
             type="rectangle" x="490" y="485" width="46" height="18"/>
    </entry>
    <entry id="25" name="undefined:" type="undefined">
        <graphics name="2.7.7.6" fgcolor="#000000" bgcolor="#FFFFFF"
             type="rectangle" x="580" y="485" width="46" height="18"/>
    </entry>
    <entry id="26" name="hsa:84172" type="gene"
        link="http://www.genome.jp/dbget-bin/www_bget?hsa+84172">
        <graphics name="POLR1B" fgcolor="#000000" bgcolor="#BFFFBF"
             type="rectangle" x="400" y="545" width="46" height="18"/>
    </entry>
    <entry id="27" name="hsa:25885" type="gene"
        link="http://www.genome.jp/dbget-bin/www_bget?hsa+25885">
        <graphics name="POLR1A" fgcolor="#000000" bgcolor="#BFFFBF"
             type="rectangle" x="400" y="562" width="46" height="18"/>
    </entry>
    <entry id="28" name="hsa:30834" type="gene"
        link="http://www.genome.jp/dbget-bin/www_bget?hsa+30834">
        <graphics name="ZNRD1" fgcolor="#000000" bgcolor="#BFFFBF"
             type="rectangle" x="445" y="554" width="46" height="18"/>
    </entry>
    <entry id="29" name="undefined:" type="undefined">
        <graphics name="2.7.7.6" fgcolor="#000000" bgcolor="#FFFFFF"
             type="rectangle" x="580" y="554" width="46" height="18"/>
    </entry>
    <entry id="30" name="hsa:64425" type="gene"
        link="http://www.genome.jp/dbget-bin/www_bget?hsa+64425">
        <graphics name="POLR1E, PRAF1" fgcolor="#000000" bgcolor="#BFFFBF"
             type="rectangle" x="625" y="554" width="46" height="18"/>
    </entry>
    <entry id="31" name="undefined:" type="undefined">
        <graphics name="2.7.7.6" fgcolor="#000000" bgcolor="#FFFFFF"
             type="rectangle" x="78" y="459" width="46" height="18"/>
    </entry>
    <entry id="32" name="undefined:" type="undefined">
        <graphics name="2.7.7.6" fgcolor="#000000" bgcolor="#FFFFFF"
             type="rectangle" x="123" y="459" width="46" height="18"/>
    </entry>
    <entry id="33" name="undefined:" type="undefined">
        <graphics name="2.7.7.6" fgcolor="#000000" bgcolor="#FFFFFF"
             type="rectangle" x="78" y="476" width="46" height="18"/>
    </entry>
    <entry id="34" name="undefined:" type="undefined">
        <graphics name="2.7.7.6" fgcolor="#000000" bgcolor="#FFFFFF"
             type="rectangle" x="123" y="476" width="46" height="18"/>
    </entry>
    <entry id="35" name="undefined:" type="undefined">
        <graphics name="2.7.7.6" fgcolor="#000000" bgcolor="#FFFFFF"
             type="rectangle" x="168" y="468" width="46" height="18"/>
    </entry>
    <entry id="36" name="undefined:" type="undefined">
        <graphics name="2.7.7.6" fgcolor="#000000" bgcolor="#FFFFFF"
             type="rectangle" x="168" y="485" width="46" height="18"/>
    </entry>
    <entry id="37" name="undefined:" type="undefined">
        <graphics name="2.7.7.6" fgcolor="#000000" bgcolor="#FFFFFF"
             type="rectangle" x="213" y="468" width="46" height="18"/>
    </entry>
    <entry id="38" name="undefined:" type="undefined">
        <graphics name="2.7.7.6" fgcolor="#000000" bgcolor="#FFFFFF"
             type="rectangle" x="258" y="468" width="46" height="18"/>
    </entry>
    <entry id="39" name="undefined:" type="undefined">
        <graphics name="2.7.7.6" fgcolor="#000000" bgcolor="#FFFFFF"
             type="rectangle" x="303" y="468" width="46" height="18"/>
    </entry>
    <entry id="40" name="undefined:" type="undefined">
        <graphics name="2.7.7.6" fgcolor="#000000" bgcolor="#FFFFFF"
             type="rectangle" x="213" y="485" width="46" height="18"/>
    </entry>
    <entry id="41" name="undefined:" type="undefined">
        <graphics name="2.7.7.6" fgcolor="#000000" bgcolor="#FFFFFF"
             type="rectangle" x="258" y="485" width="46" height="18"/>
    </entry>
    <entry id="42" name="undefined:" type="undefined">
        <graphics name="2.7.7.6" fgcolor="#000000" bgcolor="#FFFFFF"
             type="rectangle" x="303" y="485" width="46" height="18"/>
    </entry>
    <entry id="43" name="hsa:661" type="gene"
        link="http://www.genome.jp/dbget-bin/www_bget?hsa+661">
        <graphics name="POLR3D, BN51T" fgcolor="#000000" bgcolor="#BFFFBF"
             type="rectangle" x="490" y="468" width="46" height="18"/>
    </entry>
    <entry id="44" name="hsa:10622 hsa:84265" type="gene"
        link="http://www.genome.jp/dbget-bin/www_bget?hsa+10622+84265">
        <graphics name="POLR3G..." fgcolor="#000000" bgcolor="#BFFFBF"
             type="rectangle" x="535" y="485" width="46" height="18"/>
    </entry>
    <entry id="45" name="undefined:" type="undefined">
        <graphics name="2.7.7.6" fgcolor="#000000" bgcolor="#FFFFFF"
             type="rectangle" x="535" y="554" width="46" height="18"/>
    </entry>
    <entry id="46" name="undefined:" type="undefined">
        <graphics name="2.7.7.6" fgcolor="#000000" bgcolor="#FFFFFF"
             type="rectangle" x="213" y="383" width="44" height="17"/>
    </entry>
    <entry id="47" name="undefined:" type="undefined">
        <graphics name="2.7.7.6" fgcolor="#000000" bgcolor="#FFFFFF"
             type="rectangle" x="490" y="554" width="46" height="18"/>
    </entry>
</pathway>
