<?xml version="1.0"?>
<!DOCTYPE pathway SYSTEM "http://www.genome.jp/kegg/xml/KGML_v0.6.1_.dtd">
<!-- Creation date: Jul 30 2008 19:30:25 +0900 (JST) -->
<pathway name="path:hsa05120" org="hsa" number="05120"
         title="Epithelial cell signaling in Helicobacter pylori infection"
         image="http://www.genome.jp/kegg/pathway/hsa/hsa05120.gif"
         link="http://www.genome.jp/dbget-bin/show_pathway?hsa05120">
    <entry id="1" name="cpd:C01342" type="compound"
        link="http://www.genome.jp/dbget-bin/www_bget?compound+C01342">
        <graphics name="C01342" fgcolor="#000000" bgcolor="#FFFFFF"
             type="circle" x="717" y="855" width="8" height="8"/>
    </entry>
    <entry id="3" name="hsa:1432 hsa:5600 hsa:5603 hsa:6300" type="gene"
        link="http://www.genome.jp/dbget-bin/www_bget?hsa+1432+5600+5603+6300">
        <graphics name="MAPK14, CSPB1, CSBP1, CSBP2..." fgcolor="#000000" bgcolor="#BFFFBF"
             type="rectangle" x="688" y="475" width="45" height="17"/>
    </entry>
    <entry id="4" name="hsa:3725" type="gene"
        link="http://www.genome.jp/dbget-bin/www_bget?hsa+3725">
        <graphics name="JUN" fgcolor="#000000" bgcolor="#BFFFBF"
             type="rectangle" x="757" y="516" width="45" height="17"/>
    </entry>
    <entry id="5" name="hsa:5599 hsa:5601 hsa:5602" type="gene"
        link="http://www.genome.jp/dbget-bin/www_bget?hsa+5599+5601+5602">
        <graphics name="MAPK8, PRKM8..." fgcolor="#000000" bgcolor="#BFFFBF"
             type="rectangle" x="688" y="516" width="45" height="17"/>
    </entry>
    <entry id="6" name="hsa:6416" type="gene"
        link="http://www.genome.jp/dbget-bin/www_bget?hsa+6416">
        <graphics name="MAP2K4, SERK1" fgcolor="#000000" bgcolor="#BFFFBF"
             type="rectangle" x="619" y="516" width="45" height="17"/>
    </entry>
    <entry id="7" name="hsa:1147" type="gene"
        link="http://www.genome.jp/dbget-bin/www_bget?hsa+1147">
        <graphics name="CHUK" fgcolor="#000000" bgcolor="#BFFFBF"
             type="rectangle" x="654" y="558" width="45" height="17"/>
    </entry>
    <entry id="8" name="hsa:8517" type="gene"
        link="http://www.genome.jp/dbget-bin/www_bget?hsa+8517">
        <graphics name="IKBKG, IP2, IP1" fgcolor="#000000" bgcolor="#BFFFBF"
             type="rectangle" x="654" y="592" width="45" height="17"/>
    </entry>
    <entry id="9" name="hsa:3551" type="gene"
        link="http://www.genome.jp/dbget-bin/www_bget?hsa+3551">
        <graphics name="IKBKB" fgcolor="#000000" bgcolor="#BFFFBF"
             type="rectangle" x="654" y="575" width="45" height="17"/>
    </entry>
    <entry id="10" name="hsa:4792" type="gene"
        link="http://www.genome.jp/dbget-bin/www_bget?hsa+4792">
        <graphics name="NFKBIA" fgcolor="#000000" bgcolor="#BFFFBF"
             type="rectangle" x="757" y="566" width="45" height="17"/>
    </entry>
    <entry id="12" name="hsa:10312 hsa:127124 hsa:155066 hsa:23545 hsa:245972 hsa:245973 hsa:50617 hsa:51382 hsa:51606 hsa:523 hsa:525 hsa:526 hsa:527 hsa:528 hsa:529 hsa:533 hsa:534 hsa:535 hsa:537 hsa:8992 hsa:90423 hsa:9114 hsa:9296 hsa:9550" type="gene"
        link="http://www.genome.jp/dbget-bin/www_bget?hsa+10312+127124+155066+23545+245972+245973+50617+51382+51606+523+525+526+527+528+529+533+534+535+537+8992+90423+9114+9296+9550">
        <graphics name="TCIRG1..." fgcolor="#000000" bgcolor="#BFFFBF"
             type="rectangle" x="685" y="780" width="45" height="17"/>
    </entry>
    <entry id="13" name="hsa:836" type="gene"
        link="http://www.genome.jp/dbget-bin/www_bget?hsa+836">
        <graphics name="CASP3" fgcolor="#000000" bgcolor="#BFFFBF"
             type="rectangle" x="779" y="729" width="45" height="17"/>
    </entry>
    <entry id="14" name="hsa:5058" type="gene"
        link="http://www.genome.jp/dbget-bin/www_bget?hsa+5058">
        <graphics name="PAK1" fgcolor="#000000" bgcolor="#BFFFBF"
             type="rectangle" x="481" y="540" width="45" height="17"/>
    </entry>
    <entry id="15" name="hsa:4790 hsa:4791 hsa:5970" type="gene"
        link="http://www.genome.jp/dbget-bin/www_bget?hsa+4790+4791+5970">
        <graphics name="NFKB1..." fgcolor="#000000" bgcolor="#BFFFBF"
             type="rectangle" x="757" y="614" width="45" height="17"/>
    </entry>
    <entry id="16" name="hsa:6352" type="gene"
        link="http://www.genome.jp/dbget-bin/www_bget?hsa+6352">
        <graphics name="CCL5, D17S136E, SCYA5" fgcolor="#000000" bgcolor="#BFFFBF"
             type="rectangle" x="886" y="614" width="45" height="17"/>
    </entry>
    <entry id="17" name="hsa:2919" type="gene"
        link="http://www.genome.jp/dbget-bin/www_bget?hsa+2919">
        <graphics name="CXCL1, MGSA, GRO1, FSP" fgcolor="#000000" bgcolor="#BFFFBF"
             type="rectangle" x="886" y="527" width="45" height="17"/>
    </entry>
    <entry id="18" name="hsa:3576" type="gene"
        link="http://www.genome.jp/dbget-bin/www_bget?hsa+3576">
        <graphics name="IL8" fgcolor="#000000" bgcolor="#BFFFBF"
             type="rectangle" x="886" y="503" width="45" height="17"/>
    </entry>
    <entry id="20" name="hsa:998" type="gene"
        link="http://www.genome.jp/dbget-bin/www_bget?hsa+998">
        <graphics name="CDC42" fgcolor="#000000" bgcolor="#BFFFBF"
             type="rectangle" x="592" y="428" width="45" height="17"/>
    </entry>
    <entry id="21" name="hsa:5879" type="gene"
        link="http://www.genome.jp/dbget-bin/www_bget?hsa+5879">
        <graphics name="RAC1" fgcolor="#000000" bgcolor="#BFFFBF"
             type="rectangle" x="592" y="406" width="45" height="17"/>
    </entry>
    <entry id="22" name="hsa:9020" type="gene"
        link="http://www.genome.jp/dbget-bin/www_bget?hsa+9020">
        <graphics name="MAP3K14" fgcolor="#000000" bgcolor="#BFFFBF"
             type="rectangle" x="551" y="567" width="45" height="17"/>
    </entry>
    <entry id="23" name="undefined:" type="undefined">
        <graphics name="3.4.-.-" fgcolor="#000000" bgcolor="#FFFFFF"
             type="rectangle" x="258" y="641" width="45" height="17"/>
    </entry>
    <entry id="24" name="undefined:" type="undefined">
        <graphics name="3.5.1.5" fgcolor="#000000" bgcolor="#FFFFFF"
             type="rectangle" x="182" y="612" width="45" height="17"/>
    </entry>
    <entry id="25" name="undefined:" type="undefined">
        <graphics name="3.5.1.5" fgcolor="#000000" bgcolor="#FFFFFF"
             type="rectangle" x="182" y="595" width="45" height="17"/>
    </entry>
    <entry id="29" name="path:hsa04530" type="map"
        link="http://www.genome.jp/kegg/pathway/hsa/hsa04530.html">
        <graphics name="Tight junction" fgcolor="#000000" bgcolor="#FFFFFF"
             type="roundrectangle" x="668" y="124" width="96" height="26"/>
    </entry>
    <entry id="30" name="hsa:4233" type="gene"
        link="http://www.genome.jp/dbget-bin/www_bget?hsa+4233">
        <graphics name="MET" fgcolor="#000000" bgcolor="#BFFFBF"
             type="rectangle" x="400" y="141" width="45" height="17"/>
    </entry>
    <entry id="31" name="hsa:150084 hsa:50848 hsa:58494 hsa:83700" type="gene"
        link="http://www.genome.jp/dbget-bin/www_bget?hsa+150084+50848+58494+83700">
        <graphics name="IGSF5..." fgcolor="#000000" bgcolor="#BFFFBF"
             type="rectangle" x="619" y="97" width="45" height="17"/>
    </entry>
    <entry id="32" name="hsa:5335 hsa:5336" type="gene"
        link="http://www.genome.jp/dbget-bin/www_bget?hsa+5335+5336">
        <graphics name="PLCG1, PLC1..." fgcolor="#000000" bgcolor="#BFFFBF"
             type="rectangle" x="451" y="141" width="45" height="17"/>
    </entry>
    <entry id="33" name="hsa:6868" type="gene"
        link="http://www.genome.jp/dbget-bin/www_bget?hsa+6868">
        <graphics name="ADAM17" fgcolor="#000000" bgcolor="#BFFFBF"
             type="rectangle" x="400" y="231" width="45" height="17"/>
    </entry>
    <entry id="34" name="hsa:1839" type="gene"
        link="http://www.genome.jp/dbget-bin/www_bget?hsa+1839">
        <graphics name="HBEGF, HEGFL, DTS, DTR" fgcolor="#000000" bgcolor="#BFFFBF"
             type="rectangle" x="309" y="260" width="45" height="17"/>
    </entry>
    <entry id="35" name="cpd:C00080" type="compound"
        link="http://www.genome.jp/dbget-bin/www_bget?compound+C00080">
        <graphics name="C00080" fgcolor="#000000" bgcolor="#FFFFFF"
             type="circle" x="686" y="822" width="8" height="8"/>
    </entry>
    <entry id="36" name="cpd:C00014" type="compound"
        link="http://www.genome.jp/dbget-bin/www_bget?compound+C00014">
        <graphics name="C00014" fgcolor="#000000" bgcolor="#FFFFFF"
             type="circle" x="647" y="855" width="8" height="8"/>
    </entry>
    <entry id="37" name="glycan:G00263" type="compound"
        link="http://www.genome.jp/dbget-bin/www_bget?glycan+G00263">
        <graphics name="G00263" fgcolor="#000000" bgcolor="#FFFFFF"
             type="circle" x="371" y="864" width="8" height="8"/>
    </entry>
    <entry id="38" name="cpd:C00698" type="compound"
        link="http://www.genome.jp/dbget-bin/www_bget?compound+C00698">
        <graphics name="C00698" fgcolor="#000000" bgcolor="#FFFFFF"
             type="circle" x="647" y="822" width="8" height="8"/>
    </entry>
    <entry id="39" name="hsa:102" type="gene"
        link="http://www.genome.jp/dbget-bin/www_bget?hsa+102">
        <graphics name="ADAM10" fgcolor="#000000" bgcolor="#BFFFBF"
             type="rectangle" x="400" y="289" width="45" height="17"/>
    </entry>
    <entry id="40" name="hsa:3576" type="gene"
        link="http://www.genome.jp/dbget-bin/www_bget?hsa+3576">
        <graphics name="IL8" fgcolor="#000000" bgcolor="#BFFFBF"
             type="rectangle" x="309" y="332" width="45" height="17"/>
    </entry>
    <entry id="42" name="cpd:C00086" type="compound"
        link="http://www.genome.jp/dbget-bin/www_bget?compound+C00086">
        <graphics name="C00086" fgcolor="#000000" bgcolor="#FFFFFF"
             type="circle" x="132" y="604" width="8" height="8"/>
    </entry>
    <entry id="43" name="glycan:G00242" type="compound"
        link="http://www.genome.jp/dbget-bin/www_bget?glycan+G00242">
        <graphics name="G00242" fgcolor="#000000" bgcolor="#FFFFFF"
             type="circle" x="371" y="888" width="8" height="8"/>
    </entry>
    <entry id="44" name="cpd:C00014" type="compound"
        link="http://www.genome.jp/dbget-bin/www_bget?compound+C00014">
        <graphics name="C00014" fgcolor="#000000" bgcolor="#FFFFFF"
             type="circle" x="267" y="604" width="8" height="8"/>
    </entry>
    <entry id="45" name="path:map03080" type="map"
        link="http://www.genome.jp/kegg/pathway/map/map03080.html">
        <graphics name="Type IV secretion system" fgcolor="#000000" bgcolor="#FFFFFF"
             type="roundrectangle" x="310" y="418" width="184" height="38"/>
    </entry>
    <entry id="46" name="path:hsa04010" type="map"
        link="http://www.genome.jp/kegg/pathway/hsa/hsa04010.html">
        <graphics name="MAPK signaling pathway" fgcolor="#000000" bgcolor="#FFFFFF"
             type="roundrectangle" x="771" y="252" width="184" height="38"/>
    </entry>
    <entry id="47" name="hsa:7082" type="gene"
        link="http://www.genome.jp/dbget-bin/www_bget?hsa+7082">
        <graphics name="TJP1" fgcolor="#000000" bgcolor="#BFFFBF"
             type="rectangle" x="590" y="114" width="45" height="17"/>
    </entry>
    <entry id="48" name="hsa:3577 hsa:3579" type="gene"
        link="http://www.genome.jp/dbget-bin/www_bget?hsa+3577+3579">
        <graphics name="IL8RA, CMKAR1..." fgcolor="#000000" bgcolor="#BFFFBF"
             type="rectangle" x="400" y="332" width="45" height="17"/>
    </entry>
    <entry id="49" name="hsa:1445" type="gene"
        link="http://www.genome.jp/dbget-bin/www_bget?hsa+1445">
        <graphics name="CSK" fgcolor="#000000" bgcolor="#BFFFBF"
             type="rectangle" x="619" y="364" width="45" height="17"/>
    </entry>
    <entry id="50" name="hsa:1956" type="gene"
        link="http://www.genome.jp/dbget-bin/www_bget?hsa+1956">
        <graphics name="EGFR, ERBB" fgcolor="#000000" bgcolor="#BFFFBF"
             type="rectangle" x="400" y="260" width="45" height="17"/>
    </entry>
    <entry id="52" name="hsa:4067 hsa:6714" type="gene"
        link="http://www.genome.jp/dbget-bin/www_bget?hsa+4067+6714">
        <graphics name="LYN..." fgcolor="#000000" bgcolor="#BFFFBF"
             type="rectangle" x="539" y="364" width="45" height="17"/>
    </entry>
    <entry id="54" name="hsa:28964" type="gene"
        link="http://www.genome.jp/dbget-bin/www_bget?hsa+28964">
        <graphics name="GIT1" fgcolor="#000000" bgcolor="#BFFFBF"
             type="rectangle" x="481" y="673" width="45" height="17"/>
    </entry>
    <entry id="55" name="ko:K03191" type="ortholog">
        <graphics name="K03191" fgcolor="#000000" bgcolor="#FFFFFF"
             type="rectangle" x="79" y="603" width="45" height="17"/>
    </entry>
    <entry id="56" name="hsa:5803" type="gene"
        link="http://www.genome.jp/dbget-bin/www_bget?hsa+5803">
        <graphics name="PTPRZ1, PTPZ, PTPRZ" fgcolor="#000000" bgcolor="#BFFFBF"
             type="rectangle" x="400" y="673" width="45" height="17"/>
    </entry>
    <entry id="58" name="hsa:5781" type="gene"
        link="http://www.genome.jp/dbget-bin/www_bget?hsa+5781">
        <graphics name="PTPN11, NS1" fgcolor="#000000" bgcolor="#BFFFBF"
             type="rectangle" x="619" y="319" width="45" height="17"/>
    </entry>
    <entry id="59" name="hsa:10392" type="gene"
        link="http://www.genome.jp/dbget-bin/www_bget?hsa+10392">
        <graphics name="NOD1, CARD4" fgcolor="#000000" bgcolor="#BFFFBF"
             type="rectangle" x="551" y="614" width="45" height="17"/>
    </entry>
    <entry id="62" name="undefined" type="group">
        <graphics fgcolor="#000000" bgcolor="#FFFFFF"
             type="rectangle" x="654" y="575" width="65" height="71"/>
        <component id="7"/>
        <component id="8"/>
        <component id="9"/>
    </entry>
    <entry id="63" name="path:hsa05120" type="map"
        link="http://www.genome.jp/dbget-bin/get_linkdb?pathway+hsa05120">
        <graphics name="TITLE:Epithelial cell signaling in Helicobacter pylori infection" fgcolor="#000000" bgcolor="#FFFFFF"
             type="roundrectangle" x="297" y="46" width="498" height="24"/>
    </entry>
    <entry id="64" name="path:hsa04210" type="map"
        link="http://www.genome.jp/kegg/pathway/hsa/hsa04210.html">
        <graphics name="Apoptosis" fgcolor="#000000" bgcolor="#FFFFFF"
             type="roundrectangle" x="1000" y="322" width="89" height="26"/>
    </entry>
    <entry id="65" name="undefined" type="group">
        <graphics fgcolor="#000000" bgcolor="#FFFFFF"
             type="rectangle" x="182" y="604" width="65" height="54"/>
        <component id="24"/>
        <component id="25"/>
    </entry>
    <entry id="69" name="path:hsa00190" type="map"
        link="http://www.genome.jp/kegg/pathway/hsa/hsa00190.html">
        <graphics name="Oxidative phosphorylation" fgcolor="#000000" bgcolor="#FFFFFF"
             type="roundrectangle" x="790" y="782" width="153" height="26"/>
    </entry>
    <relation entry1="56" entry2="54" type="PPrel">
        <subtype name="phosphorylation" value="+p"/>
        <subtype name="indirect" value="..>"/>
    </relation>
    <relation entry1="14" entry2="22" type="PPrel">
        <subtype name="activation" value="-->"/>
    </relation>
    <relation entry1="6" entry2="5" type="PPrel">
        <subtype name="activation" value="-->"/>
        <subtype name="phosphorylation" value="+p"/>
    </relation>
    <relation entry1="5" entry2="4" type="PPrel">
        <subtype name="activation" value="-->"/>
    </relation>
    <relation entry1="40" entry2="48" type="PPrel">
        <subtype name="activation" value="-->"/>
    </relation>
    <relation entry1="48" entry2="39" type="PPrel">
        <subtype name="indirect" value="..>"/>
    </relation>
    <relation entry1="39" entry2="34" type="PPrel">
        <subtype name="activation" value="-->"/>
    </relation>
    <relation entry1="34" entry2="50" type="PPrel">
        <subtype name="activation" value="-->"/>
    </relation>
    <relation entry1="33" entry2="34" type="PPrel">
        <subtype name="activation" value="-->"/>
    </relation>
    <relation entry1="49" entry2="52" type="PPrel">
        <subtype name="inhibition" value="--|"/>
    </relation>
    <relation entry1="31" entry2="47" type="PPrel">
        <subtype name="binding/association" value="---"/>
    </relation>
    <relation entry1="10" entry2="15" type="PPrel">
        <subtype name="dissociation" value="-+-"/>
    </relation>
    <relation entry1="22" entry2="62" type="PPrel">
        <subtype name="activation" value="-->"/>
        <subtype name="phosphorylation" value="+p"/>
    </relation>
    <relation entry1="7" entry2="10" type="PPrel">
        <subtype name="activation" value="-->"/>
        <subtype name="phosphorylation" value="+p"/>
    </relation>
    <relation entry1="9" entry2="10" type="PPrel">
        <subtype name="activation" value="-->"/>
        <subtype name="phosphorylation" value="+p"/>
    </relation>
    <relation entry1="4" entry2="18" type="GErel">
        <subtype name="expression" value="-->"/>
    </relation>
    <relation entry1="4" entry2="17" type="GErel">
        <subtype name="expression" value="-->"/>
    </relation>
    <relation entry1="15" entry2="16" type="GErel">
        <subtype name="expression" value="-->"/>
    </relation>
    <relation entry1="15" entry2="17" type="GErel">
        <subtype name="expression" value="-->"/>
    </relation>
    <relation entry1="15" entry2="18" type="GErel">
        <subtype name="expression" value="-->"/>
    </relation>
    <relation entry1="14" entry2="6" type="PPrel">
        <subtype name="indirect" value="..>"/>
        <subtype name="phosphorylation" value="+p"/>
    </relation>
    <relation entry1="59" entry2="15" type="PPrel">
        <subtype name="indirect" value="..>"/>
    </relation>
    <relation entry1="12" entry2="35" type="PCrel"/>
    <relation entry1="3" entry2="18" type="GErel">
        <subtype name="expression" value="-->"/>
    </relation>
    <relation entry1="3" entry2="17" type="GErel">
        <subtype name="expression" value="-->"/>
    </relation>
</pathway>
