<?xml version="1.0"?>
<!DOCTYPE pathway SYSTEM "http://www.genome.jp/kegg/xml/KGML_v0.6.1_.dtd">
<!-- Creation date: Feb 20 2009 02:06:22 +0900 (JST) -->
<pathway name="path:hsa00530" org="hsa" number="00530"
         title="Aminosugars metabolism"
         image="http://www.genome.jp/kegg/pathway/hsa/hsa00530.gif"
         link="http://www.genome.jp/dbget-bin/show_pathway?hsa00530">
    <entry id="1" name="cpd:C13952" type="compound"
        link="http://www.genome.jp/dbget-bin/www_bget?compound+C13952">
        <graphics name="C13952" fgcolor="#000000" bgcolor="#FFFFFF"
             type="circle" x="811" y="359" width="8" height="8"/>
    </entry>
    <entry id="2" name="ko:K02474" type="ortholog">
        <graphics name="K02474" fgcolor="#000000" bgcolor="#FFFFFF"
             type="rectangle" x="746" y="359" width="46" height="17"/>
    </entry>
    <entry id="3" name="cpd:C00996" type="compound"
        link="http://www.genome.jp/dbget-bin/www_bget?compound+C00996">
        <graphics name="C00996" fgcolor="#000000" bgcolor="#FFFFFF"
             type="circle" x="839" y="218" width="8" height="8"/>
    </entry>
    <entry id="4" name="cpd:C00999" type="compound"
        link="http://www.genome.jp/dbget-bin/www_bget?compound+C00999">
        <graphics name="C00999" fgcolor="#000000" bgcolor="#FFFFFF"
             type="circle" x="839" y="161" width="8" height="8"/>
    </entry>
    <entry id="5" name="hsa:1727 hsa:51706" type="gene" reaction="rn:R00100"
        link="http://www.genome.jp/dbget-bin/www_bget?hsa+1727+51706">
        <graphics name="CYB5R3..." fgcolor="#000000" bgcolor="#BFFFBF"
             type="rectangle" x="838" y="191" width="46" height="17"/>
    </entry>
    <entry id="6" name="hsa:10007 hsa:132789" type="gene" reaction="rn:R00765"
        link="http://www.genome.jp/dbget-bin/www_bget?hsa+10007+132789">
        <graphics name="GNPDA1..." fgcolor="#000000" bgcolor="#BFFFBF"
             type="rectangle" x="139" y="369" width="46" height="17"/>
    </entry>
    <entry id="7" name="path:hsa00531" type="map"
        link="http://www.genome.jp/kegg/pathway/hsa/hsa00531.html">
        <graphics name="Glycosaminoglycan degradation" fgcolor="#000000" bgcolor="#FFFFFF"
             type="roundrectangle" x="233" y="513" width="112" height="34"/>
    </entry>
    <entry id="8" name="path:map00540" type="map"
        link="http://www.genome.jp/kegg/pathway/map/map00540.html">
        <graphics name="Lipopolysaccharide biosynthesis" fgcolor="#000000" bgcolor="#FFFFFF"
             type="roundrectangle" x="675" y="515" width="107" height="34"/>
    </entry>
    <entry id="9" name="path:hsa00550" type="map"
        link="http://www.genome.jp/kegg/pathway/hsa/hsa00550.html">
        <graphics name="Peptidoglycan biosynthesis" fgcolor="#000000" bgcolor="#FFFFFF"
             type="roundrectangle" x="818" y="515" width="86" height="34"/>
    </entry>
    <entry id="10" name="path:hsa00471" type="map"
        link="http://www.genome.jp/kegg/pathway/hsa/hsa00471.html">
        <graphics name="D-Glutamine and D-glutamate metabolism" fgcolor="#000000" bgcolor="#FFFFFF"
             type="roundrectangle" x="913" y="515" width="95" height="34"/>
    </entry>
    <entry id="11" name="hsa:3073 hsa:3074" type="gene" reaction="rn:R00022"
        link="http://www.genome.jp/dbget-bin/www_bget?hsa+3073+3074">
        <graphics name="HEXA..." fgcolor="#000000" bgcolor="#BFFFBF"
             type="rectangle" x="339" y="211" width="46" height="17"/>
    </entry>
    <entry id="12" name="ko:K00075" type="ortholog">
        <graphics name="K00075" fgcolor="#000000" bgcolor="#FFFFFF"
             type="rectangle" x="752" y="430" width="46" height="17"/>
    </entry>
    <entry id="13" name="ko:K00790" type="ortholog">
        <graphics name="K00790" fgcolor="#000000" bgcolor="#FFFFFF"
             type="rectangle" x="629" y="430" width="46" height="17"/>
    </entry>
    <entry id="15" name="ko:K00698" type="ortholog">
        <graphics name="K00698" fgcolor="#000000" bgcolor="#FFFFFF"
             type="rectangle" x="511" y="456" width="46" height="17"/>
    </entry>
    <entry id="16" name="ko:K02473" type="ortholog">
        <graphics name="K02473" fgcolor="#000000" bgcolor="#FFFFFF"
             type="rectangle" x="629" y="359" width="46" height="17"/>
    </entry>
    <entry id="17" name="ko:K02472" type="ortholog">
        <graphics name="K02472" fgcolor="#000000" bgcolor="#FFFFFF"
             type="rectangle" x="746" y="309" width="46" height="17"/>
    </entry>
    <entry id="18" name="hsa:10020" type="gene" reaction="rn:R00420"
        link="http://www.genome.jp/dbget-bin/www_bget?hsa+10020">
        <graphics name="GNE" fgcolor="#000000" bgcolor="#BFFFBF"
             type="rectangle" x="646" y="308" width="46" height="17"/>
    </entry>
    <entry id="20" name="hsa:54187" type="gene" reaction="rn:R01804"
        link="http://www.genome.jp/dbget-bin/www_bget?hsa+54187">
        <graphics name="NANS" fgcolor="#000000" bgcolor="#BFFFBF"
             type="rectangle" x="715" y="213" width="46" height="17"/>
    </entry>
    <entry id="21" name="hsa:80896" type="gene" reaction="rn:R01811"
        link="http://www.genome.jp/dbget-bin/www_bget?hsa+80896">
        <graphics name="NPL" fgcolor="#000000" bgcolor="#BFFFBF"
             type="rectangle" x="665" y="213" width="46" height="17"/>
    </entry>
    <entry id="22" name="hsa:55907" type="gene" reaction="rn:R04215"
        link="http://www.genome.jp/dbget-bin/www_bget?hsa+55907">
        <graphics name="CMAS" fgcolor="#000000" bgcolor="#BFFFBF"
             type="rectangle" x="839" y="255" width="46" height="17"/>
    </entry>
    <entry id="23" name="ko:K08080" type="ortholog">
        <graphics name="K08080" fgcolor="#000000" bgcolor="#FFFFFF"
             type="rectangle" x="785" y="191" width="46" height="17"/>
    </entry>
    <entry id="24" name="hsa:55907" type="gene" reaction="rn:R01117"
        link="http://www.genome.jp/dbget-bin/www_bget?hsa+55907">
        <graphics name="CMAS" fgcolor="#000000" bgcolor="#BFFFBF"
             type="rectangle" x="837" y="130" width="46" height="17"/>
    </entry>
    <entry id="25" name="hsa:140838" type="gene" reaction="rn:R01805"
        link="http://www.genome.jp/dbget-bin/www_bget?hsa+140838">
        <graphics name="NANP" fgcolor="#000000" bgcolor="#BFFFBF"
             type="rectangle" x="725" y="130" width="46" height="17"/>
    </entry>
    <entry id="26" name="hsa:54187" type="gene" reaction="rn:R04435"
        link="http://www.genome.jp/dbget-bin/www_bget?hsa+54187">
        <graphics name="NANS" fgcolor="#000000" bgcolor="#BFFFBF"
             type="rectangle" x="619" y="140" width="46" height="17"/>
    </entry>
    <entry id="27" name="hsa:54187" type="gene" reaction="rn:R04435"
        link="http://www.genome.jp/dbget-bin/www_bget?hsa+54187">
        <graphics name="NANS" fgcolor="#000000" bgcolor="#BFFFBF"
             type="rectangle" x="619" y="119" width="46" height="17"/>
    </entry>
    <entry id="28" name="hsa:10020" type="gene" reaction="rn:R00414"
        link="http://www.genome.jp/dbget-bin/www_bget?hsa+10020">
        <graphics name="GNE" fgcolor="#000000" bgcolor="#BFFFBF"
             type="rectangle" x="564" y="304" width="46" height="17"/>
    </entry>
    <entry id="29" name="hsa:29085 hsa:8776 hsa:8898 hsa:9107" type="gene" reaction="rn:R02706"
        link="http://www.genome.jp/dbget-bin/www_bget?hsa+29085+8776+8898+9107">
        <graphics name="PHPT1..." fgcolor="#000000" bgcolor="#BFFFBF"
             type="rectangle" x="584" y="182" width="46" height="17"/>
    </entry>
    <entry id="30" name="hsa:10020" type="gene" reaction="rn:R02705"
        link="http://www.genome.jp/dbget-bin/www_bget?hsa+10020">
        <graphics name="GNE" fgcolor="#000000" bgcolor="#BFFFBF"
             type="rectangle" x="542" y="201" width="46" height="17"/>
    </entry>
    <entry id="31" name="hsa:6675" type="gene" reaction="rn:R00416"
        link="http://www.genome.jp/dbget-bin/www_bget?hsa+6675">
        <graphics name="UAP1" fgcolor="#000000" bgcolor="#BFFFBF"
             type="rectangle" x="508" y="358" width="46" height="17"/>
    </entry>
    <entry id="32" name="ko:K01836" type="ortholog">
        <graphics name="K01836" fgcolor="#000000" bgcolor="#FFFFFF"
             type="rectangle" x="397" y="358" width="46" height="17"/>
    </entry>
    <entry id="33" name="ko:K01788" type="ortholog">
        <graphics name="K01788" fgcolor="#000000" bgcolor="#FFFFFF"
             type="rectangle" x="516" y="273" width="46" height="17"/>
    </entry>
    <entry id="34" name="hsa:51005" type="gene" reaction="rn:R02059"
        link="http://www.genome.jp/dbget-bin/www_bget?hsa+51005">
        <graphics name="AMDHD2" fgcolor="#000000" bgcolor="#BFFFBF"
             type="rectangle" x="285" y="367" width="46" height="17"/>
    </entry>
    <entry id="35" name="hsa:64841" type="gene" reaction="rn:R02058"
        link="http://www.genome.jp/dbget-bin/www_bget?hsa+64841">
        <graphics name="GNPNAT1" fgcolor="#000000" bgcolor="#BFFFBF"
             type="rectangle" x="285" y="348" width="46" height="17"/>
    </entry>
    <entry id="36" name="hsa:55577" type="gene" reaction="rn:R01201"
        link="http://www.genome.jp/dbget-bin/www_bget?hsa+55577">
        <graphics name="NAGK" fgcolor="#000000" bgcolor="#BFFFBF"
             type="rectangle" x="314" y="282" width="46" height="17"/>
    </entry>
    <entry id="37" name="hsa:5973" type="gene" reaction="rn:R01207"
        link="http://www.genome.jp/dbget-bin/www_bget?hsa+5973">
        <graphics name="RENBP" fgcolor="#000000" bgcolor="#BFFFBF"
             type="rectangle" x="453" y="251" width="46" height="17"/>
    </entry>
    <entry id="38" name="hsa:1118 hsa:27159" type="gene" reaction="rn:R01206"
        link="http://www.genome.jp/dbget-bin/www_bget?hsa+1118+27159">
        <graphics name="CHIT1..." fgcolor="#000000" bgcolor="#BFFFBF"
             type="rectangle" x="420" y="211" width="46" height="17"/>
    </entry>
    <entry id="40" name="ko:K02763 ko:K02764 ko:K02765" type="ortholog">
        <graphics name="K02763..." fgcolor="#000000" bgcolor="#FFFFFF"
             type="rectangle" x="232" y="316" width="46" height="17"/>
    </entry>
    <entry id="42" name="hsa:2645 hsa:3098 hsa:3099 hsa:3101" type="gene" reaction="rn:R01961"
        link="http://www.genome.jp/dbget-bin/www_bget?hsa+2645+3098+3099+3101">
        <graphics name="GCK..." fgcolor="#000000" bgcolor="#BFFFBF"
             type="rectangle" x="207" y="297" width="46" height="17"/>
    </entry>
    <entry id="43" name="path:hsa00051" type="map"
        link="http://www.genome.jp/kegg/pathway/hsa/hsa00051.html">
        <graphics name="Fructose and mannose metabolism" fgcolor="#000000" bgcolor="#FFFFFF"
             type="roundrectangle" x="89" y="292" width="121" height="34"/>
    </entry>
    <entry id="44" name="path:hsa00530" type="map"
        link="http://www.genome.jp/dbget-bin/get_linkdb?pathway+hsa00530">
        <graphics name="TITLE:Aminosugars metabolism" fgcolor="#000000" bgcolor="#FFFFFF"
             type="roundrectangle" x="173" y="67" width="226" height="25"/>
    </entry>
    <entry id="45" name="ko:K08080" type="ortholog">
        <graphics name="K08080" fgcolor="#000000" bgcolor="#FFFFFF"
             type="rectangle" x="891" y="191" width="46" height="17"/>
    </entry>
    <entry id="46" name="hsa:1118 hsa:27159" type="gene" reaction="rn:R02334"
        link="http://www.genome.jp/dbget-bin/www_bget?hsa+1118+27159">
        <graphics name="CHIT1..." fgcolor="#000000" bgcolor="#BFFFBF"
             type="rectangle" x="385" y="179" width="46" height="17"/>
    </entry>
    <entry id="47" name="hsa:1486" type="gene" reaction="rn:R01966"
        link="http://www.genome.jp/dbget-bin/www_bget?hsa+1486">
        <graphics name="CTBS" fgcolor="#000000" bgcolor="#BFFFBF"
             type="rectangle" x="233" y="219" width="46" height="17"/>
    </entry>
    <entry id="48" name="ko:K01233" type="ortholog">
        <graphics name="K01233" fgcolor="#000000" bgcolor="#FFFFFF"
             type="rectangle" x="232" y="157" width="46" height="17"/>
    </entry>
    <entry id="49" name="ko:K01452" type="ortholog">
        <graphics name="K01452" fgcolor="#000000" bgcolor="#FFFFFF"
             type="rectangle" x="336" y="131" width="46" height="17"/>
    </entry>
    <entry id="50" name="ko:K03431" type="ortholog">
        <graphics name="K03431" fgcolor="#000000" bgcolor="#FFFFFF"
             type="rectangle" x="285" y="407" width="46" height="17"/>
    </entry>
    <entry id="51" name="ko:K04042" type="ortholog">
        <graphics name="K04042" fgcolor="#000000" bgcolor="#FFFFFF"
             type="rectangle" x="397" y="407" width="46" height="17"/>
    </entry>
    <entry id="52" name="hsa:2673 hsa:9945" type="gene" reaction="rn:R00768"
        link="http://www.genome.jp/dbget-bin/www_bget?hsa+2673+9945">
        <graphics name="GFPT1..." fgcolor="#000000" bgcolor="#BFFFBF"
             type="rectangle" x="139" y="348" width="46" height="17"/>
    </entry>
    <entry id="55" name="ko:K02802 ko:K02803 ko:K02804" type="ortholog">
        <graphics name="K02802..." fgcolor="#000000" bgcolor="#FFFFFF"
             type="rectangle" x="364" y="282" width="46" height="17"/>
    </entry>
    <entry id="56" name="cpd:C00734" type="compound"
        link="http://www.genome.jp/dbget-bin/www_bget?compound+C00734">
        <graphics name="C00734" fgcolor="#000000" bgcolor="#FFFFFF"
             type="circle" x="232" y="132" width="8" height="8"/>
    </entry>
    <entry id="57" name="cpd:C00461" type="compound"
        link="http://www.genome.jp/dbget-bin/www_bget?compound+C00461">
        <graphics name="C00461" fgcolor="#000000" bgcolor="#FFFFFF"
             type="circle" x="420" y="178" width="8" height="8"/>
    </entry>
    <entry id="58" name="cpd:C01674" type="compound"
        link="http://www.genome.jp/dbget-bin/www_bget?compound+C01674">
        <graphics name="C01674" fgcolor="#000000" bgcolor="#FFFFFF"
             type="circle" x="339" y="178" width="8" height="8"/>
    </entry>
    <entry id="59" name="cpd:C00140" type="compound"
        link="http://www.genome.jp/dbget-bin/www_bget?compound+C00140">
        <graphics name="C00140" fgcolor="#000000" bgcolor="#FFFFFF"
             type="circle" x="339" y="253" width="8" height="8"/>
    </entry>
    <entry id="60" name="cpd:C00357" type="compound"
        link="http://www.genome.jp/dbget-bin/www_bget?compound+C00357">
        <graphics name="C00357" fgcolor="#000000" bgcolor="#FFFFFF"
             type="circle" x="339" y="359" width="8" height="8"/>
    </entry>
    <entry id="61" name="cpd:C00329" type="compound"
        link="http://www.genome.jp/dbget-bin/www_bget?compound+C00329">
        <graphics name="C00329" fgcolor="#000000" bgcolor="#FFFFFF"
             type="circle" x="232" y="253" width="8" height="8"/>
    </entry>
    <entry id="62" name="cpd:C00352" type="compound"
        link="http://www.genome.jp/dbget-bin/www_bget?compound+C00352">
        <graphics name="C00352" fgcolor="#000000" bgcolor="#FFFFFF"
             type="circle" x="232" y="359" width="8" height="8"/>
    </entry>
    <entry id="63" name="cpd:C04501" type="compound"
        link="http://www.genome.jp/dbget-bin/www_bget?compound+C04501">
        <graphics name="C04501" fgcolor="#000000" bgcolor="#FFFFFF"
             type="circle" x="451" y="359" width="8" height="8"/>
    </entry>
    <entry id="64" name="cpd:C00043" type="compound"
        link="http://www.genome.jp/dbget-bin/www_bget?compound+C00043">
        <graphics name="C00043" fgcolor="#000000" bgcolor="#FFFFFF"
             type="circle" x="563" y="359" width="8" height="8"/>
    </entry>
    <entry id="65" name="cpd:C00645" type="compound"
        link="http://www.genome.jp/dbget-bin/www_bget?compound+C00645">
        <graphics name="C00645" fgcolor="#000000" bgcolor="#FFFFFF"
             type="circle" x="563" y="253" width="8" height="8"/>
    </entry>
    <entry id="66" name="cpd:C04257" type="compound"
        link="http://www.genome.jp/dbget-bin/www_bget?compound+C04257">
        <graphics name="C04257" fgcolor="#000000" bgcolor="#FFFFFF"
             type="circle" x="563" y="130" width="8" height="8"/>
    </entry>
    <entry id="67" name="cpd:C06241" type="compound"
        link="http://www.genome.jp/dbget-bin/www_bget?compound+C06241">
        <graphics name="C06241" fgcolor="#000000" bgcolor="#FFFFFF"
             type="circle" x="675" y="130" width="8" height="8"/>
    </entry>
    <entry id="68" name="cpd:C00270" type="compound"
        link="http://www.genome.jp/dbget-bin/www_bget?compound+C00270">
        <graphics name="C00270" fgcolor="#000000" bgcolor="#FFFFFF"
             type="circle" x="782" y="130" width="8" height="8"/>
    </entry>
    <entry id="69" name="cpd:C00128" type="compound"
        link="http://www.genome.jp/dbget-bin/www_bget?compound+C00128">
        <graphics name="C00128" fgcolor="#000000" bgcolor="#FFFFFF"
             type="circle" x="891" y="130" width="8" height="8"/>
    </entry>
    <entry id="70" name="cpd:C03691" type="compound"
        link="http://www.genome.jp/dbget-bin/www_bget?compound+C03691">
        <graphics name="C03691" fgcolor="#000000" bgcolor="#FFFFFF"
             type="circle" x="891" y="255" width="8" height="8"/>
    </entry>
    <entry id="71" name="cpd:C03410" type="compound"
        link="http://www.genome.jp/dbget-bin/www_bget?compound+C03410">
        <graphics name="C03410" fgcolor="#000000" bgcolor="#FFFFFF"
             type="circle" x="786" y="255" width="8" height="8"/>
    </entry>
    <entry id="72" name="cpd:C06240" type="compound"
        link="http://www.genome.jp/dbget-bin/www_bget?compound+C06240">
        <graphics name="C06240" fgcolor="#000000" bgcolor="#FFFFFF"
             type="circle" x="808" y="306" width="8" height="8"/>
    </entry>
    <entry id="73" name="cpd:C01170" type="compound"
        link="http://www.genome.jp/dbget-bin/www_bget?compound+C01170">
        <graphics name="C01170" fgcolor="#000000" bgcolor="#FFFFFF"
             type="circle" x="689" y="306" width="8" height="8"/>
    </entry>
    <entry id="74" name="cpd:C00203" type="compound"
        link="http://www.genome.jp/dbget-bin/www_bget?compound+C00203">
        <graphics name="C00203" fgcolor="#000000" bgcolor="#FFFFFF"
             type="circle" x="692" y="359" width="8" height="8"/>
    </entry>
    <entry id="75" name="cpd:C01050" type="compound"
        link="http://www.genome.jp/dbget-bin/www_bget?compound+C01050">
        <graphics name="C01050" fgcolor="#000000" bgcolor="#FFFFFF"
             type="circle" x="818" y="430" width="8" height="8"/>
    </entry>
    <entry id="76" name="cpd:C05114" type="compound"
        link="http://www.genome.jp/dbget-bin/www_bget?compound+C05114">
        <graphics name="C05114" fgcolor="#000000" bgcolor="#FFFFFF"
             type="circle" x="455" y="530" width="8" height="8"/>
    </entry>
    <entry id="77" name="cpd:C00461" type="compound"
        link="http://www.genome.jp/dbget-bin/www_bget?compound+C00461">
        <graphics name="C00461" fgcolor="#000000" bgcolor="#FFFFFF"
             type="circle" x="455" y="456" width="8" height="8"/>
    </entry>
    <entry id="78" name="cpd:C03752" type="compound"
        link="http://www.genome.jp/dbget-bin/www_bget?compound+C03752">
        <graphics name="C03752" fgcolor="#000000" bgcolor="#FFFFFF"
             type="circle" x="103" y="253" width="8" height="8"/>
    </entry>
    <entry id="79" name="cpd:C04631" type="compound"
        link="http://www.genome.jp/dbget-bin/www_bget?compound+C04631">
        <graphics name="C04631" fgcolor="#000000" bgcolor="#FFFFFF"
             type="circle" x="694" y="430" width="8" height="8"/>
    </entry>
    <entry id="80" name="cpd:C04573" type="compound"
        link="http://www.genome.jp/dbget-bin/www_bget?compound+C04573">
        <graphics name="C04573" fgcolor="#000000" bgcolor="#FFFFFF"
             type="circle" x="455" y="493" width="8" height="8"/>
    </entry>
    <entry id="81" name="cpd:C04799" type="compound"
        link="http://www.genome.jp/dbget-bin/www_bget?compound+C04799">
        <graphics name="C04799" fgcolor="#000000" bgcolor="#FFFFFF"
             type="circle" x="891" y="74" width="8" height="8"/>
    </entry>
    <entry id="82" name="cpd:C06023" type="compound"
        link="http://www.genome.jp/dbget-bin/www_bget?compound+C06023">
        <graphics name="C06023" fgcolor="#000000" bgcolor="#FFFFFF"
             type="circle" x="232" y="193" width="8" height="8"/>
    </entry>
    <entry id="83" name="cpd:C05005" type="compound"
        link="http://www.genome.jp/dbget-bin/www_bget?compound+C05005">
        <graphics name="C05005" fgcolor="#000000" bgcolor="#FFFFFF"
             type="circle" x="891" y="351" width="8" height="8"/>
    </entry>
    <entry id="84" name="cpd:C00326" type="compound"
        link="http://www.genome.jp/dbget-bin/www_bget?compound+C00326">
        <graphics name="C00326" fgcolor="#000000" bgcolor="#FFFFFF"
             type="circle" x="891" y="366" width="8" height="8"/>
    </entry>
    <entry id="85" name="cpd:C00085" type="compound"
        link="http://www.genome.jp/dbget-bin/www_bget?compound+C00085">
        <graphics name="C00085" fgcolor="#000000" bgcolor="#FFFFFF"
             type="circle" x="84" y="359" width="8" height="8"/>
    </entry>
    <entry id="86" name="cpd:C06156" type="compound"
        link="http://www.genome.jp/dbget-bin/www_bget?compound+C06156">
        <graphics name="C06156" fgcolor="#000000" bgcolor="#FFFFFF"
             type="circle" x="339" y="407" width="8" height="8"/>
    </entry>
    <entry id="87" name="cpd:C03412" type="compound"
        link="http://www.genome.jp/dbget-bin/www_bget?compound+C03412">
        <graphics name="C03412" fgcolor="#000000" bgcolor="#FFFFFF"
             type="circle" x="970" y="433" width="8" height="8"/>
    </entry>
    <entry id="136" name="cpd:C16698" type="compound"
        link="http://www.genome.jp/dbget-bin/www_bget?compound+C16698">
        <graphics name="C16698" fgcolor="#000000" bgcolor="#FFFFFF"
             type="circle" x="410" y="302" width="8" height="8"/>
    </entry>
    <entry id="137" name="ko:K07106" type="ortholog">
        <graphics name="K07106" fgcolor="#000000" bgcolor="#FFFFFF"
             type="rectangle" x="374" y="302" width="46" height="17"/>
    </entry>
    <entry id="140" name="ko:K02777 ko:K11191 ko:K11192" type="ortholog">
        <graphics name="K02777..." fgcolor="#000000" bgcolor="#FFFFFF"
             type="rectangle" x="455" y="302" width="46" height="17"/>
    </entry>
    <entry id="141" name="cpd:C02713" type="compound"
        link="http://www.genome.jp/dbget-bin/www_bget?compound+C02713">
        <graphics name="C02713" fgcolor="#000000" bgcolor="#FFFFFF"
             type="circle" x="491" y="302" width="8" height="8"/>
    </entry>
    <relation entry1="11" entry2="46" type="ECrel">
        <subtype name="compound" value="58"/>
    </relation>
    <relation entry1="37" entry2="38" type="ECrel">
        <subtype name="compound" value="59"/>
    </relation>
    <relation entry1="11" entry2="37" type="ECrel">
        <subtype name="compound" value="59"/>
    </relation>
    <relation entry1="36" entry2="37" type="ECrel">
        <subtype name="compound" value="59"/>
    </relation>
    <relation entry1="11" entry2="38" type="ECrel">
        <subtype name="compound" value="59"/>
    </relation>
    <relation entry1="36" entry2="38" type="ECrel">
        <subtype name="compound" value="59"/>
    </relation>
    <relation entry1="11" entry2="36" type="ECrel">
        <subtype name="compound" value="59"/>
    </relation>
    <relation entry1="42" entry2="47" type="ECrel">
        <subtype name="compound" value="61"/>
    </relation>
    <relation entry1="34" entry2="36" type="ECrel">
        <subtype name="compound" value="60"/>
    </relation>
    <relation entry1="35" entry2="36" type="ECrel">
        <subtype name="compound" value="60"/>
    </relation>
    <relation entry1="6" entry2="35" type="ECrel">
        <subtype name="compound" value="62"/>
    </relation>
    <relation entry1="35" entry2="52" type="ECrel">
        <subtype name="compound" value="62"/>
    </relation>
    <relation entry1="35" entry2="42" type="ECrel">
        <subtype name="compound" value="62"/>
    </relation>
    <relation entry1="6" entry2="34" type="ECrel">
        <subtype name="compound" value="62"/>
    </relation>
    <relation entry1="34" entry2="52" type="ECrel">
        <subtype name="compound" value="62"/>
    </relation>
    <relation entry1="34" entry2="42" type="ECrel">
        <subtype name="compound" value="62"/>
    </relation>
    <relation entry1="6" entry2="42" type="ECrel">
        <subtype name="compound" value="62"/>
    </relation>
    <relation entry1="42" entry2="52" type="ECrel">
        <subtype name="compound" value="62"/>
    </relation>
    <relation entry1="28" entry2="31" type="ECrel">
        <subtype name="compound" value="64"/>
    </relation>
    <relation entry1="21" entry2="37" type="ECrel">
        <subtype name="compound" value="65"/>
    </relation>
    <relation entry1="20" entry2="37" type="ECrel">
        <subtype name="compound" value="65"/>
    </relation>
    <relation entry1="30" entry2="37" type="ECrel">
        <subtype name="compound" value="65"/>
    </relation>
    <relation entry1="29" entry2="37" type="ECrel">
        <subtype name="compound" value="65"/>
    </relation>
    <relation entry1="28" entry2="37" type="ECrel">
        <subtype name="compound" value="65"/>
    </relation>
    <relation entry1="21" entry2="30" type="ECrel">
        <subtype name="compound" value="65"/>
    </relation>
    <relation entry1="21" entry2="29" type="ECrel">
        <subtype name="compound" value="65"/>
    </relation>
    <relation entry1="21" entry2="28" type="ECrel">
        <subtype name="compound" value="65"/>
    </relation>
    <relation entry1="20" entry2="30" type="ECrel">
        <subtype name="compound" value="65"/>
    </relation>
    <relation entry1="20" entry2="29" type="ECrel">
        <subtype name="compound" value="65"/>
    </relation>
    <relation entry1="20" entry2="28" type="ECrel">
        <subtype name="compound" value="65"/>
    </relation>
    <relation entry1="28" entry2="30" type="ECrel">
        <subtype name="compound" value="65"/>
    </relation>
    <relation entry1="28" entry2="29" type="ECrel">
        <subtype name="compound" value="65"/>
    </relation>
    <relation entry1="24" entry2="25" type="ECrel">
        <subtype name="compound" value="68"/>
    </relation>
    <relation entry1="21" entry2="25" type="ECrel">
        <subtype name="compound" value="68"/>
    </relation>
    <relation entry1="20" entry2="25" type="ECrel">
        <subtype name="compound" value="68"/>
    </relation>
    <relation entry1="21" entry2="24" type="ECrel">
        <subtype name="compound" value="68"/>
    </relation>
    <relation entry1="20" entry2="24" type="ECrel">
        <subtype name="compound" value="68"/>
    </relation>
    <relation entry1="25" entry2="27" type="ECrel">
        <subtype name="compound" value="67"/>
    </relation>
    <relation entry1="25" entry2="26" type="ECrel">
        <subtype name="compound" value="67"/>
    </relation>
    <relation entry1="27" entry2="29" type="ECrel">
        <subtype name="compound" value="66"/>
    </relation>
    <relation entry1="27" entry2="30" type="ECrel">
        <subtype name="compound" value="66"/>
    </relation>
    <relation entry1="26" entry2="29" type="ECrel">
        <subtype name="compound" value="66"/>
    </relation>
    <relation entry1="26" entry2="30" type="ECrel">
        <subtype name="compound" value="66"/>
    </relation>
    <relation entry1="18" entry2="28" type="ECrel">
        <subtype name="compound" value="64"/>
    </relation>
    <relation entry1="52" entry2="43" type="maplink">
        <subtype name="compound" value="85"/>
    </relation>
    <relation entry1="6" entry2="43" type="maplink">
        <subtype name="compound" value="85"/>
    </relation>
    <relation entry1="31" entry2="8" type="maplink">
        <subtype name="compound" value="64"/>
    </relation>
    <relation entry1="28" entry2="8" type="maplink">
        <subtype name="compound" value="64"/>
    </relation>
    <relation entry1="31" entry2="7" type="maplink">
        <subtype name="compound" value="64"/>
    </relation>
    <relation entry1="28" entry2="7" type="maplink">
        <subtype name="compound" value="64"/>
    </relation>
    <reaction name="rn:R00100" type="irreversible">
        <substrate name="cpd:C00996"/>
        <product name="cpd:C00999"/>
    </reaction>
    <reaction name="rn:R00765" type="reversible">
        <substrate name="cpd:C00352"/>
        <product name="cpd:C00085"/>
    </reaction>
    <reaction name="rn:R00022" type="irreversible">
        <substrate name="cpd:C01674"/>
        <product name="cpd:C00140"/>
    </reaction>
    <reaction name="rn:R00420" type="reversible">
        <substrate name="cpd:C00043"/>
        <product name="cpd:C01170"/>
    </reaction>
    <reaction name="rn:R01804" type="reversible">
        <substrate name="cpd:C00270"/>
        <product name="cpd:C00645"/>
    </reaction>
    <reaction name="rn:R01811" type="reversible">
        <substrate name="cpd:C00270"/>
        <product name="cpd:C00645"/>
    </reaction>
    <reaction name="rn:R04215" type="reversible">
        <substrate name="cpd:C03410"/>
        <product name="cpd:C03691"/>
    </reaction>
    <reaction name="rn:R01117" type="reversible">
        <substrate name="cpd:C00270"/>
        <product name="cpd:C00128"/>
    </reaction>
    <reaction name="rn:R01805" type="irreversible">
        <substrate name="cpd:C06241"/>
        <product name="cpd:C00270"/>
    </reaction>
    <reaction name="rn:R04435" type="reversible">
        <substrate name="cpd:C06241"/>
        <product name="cpd:C04257"/>
    </reaction>
    <reaction name="rn:R00414" type="reversible">
        <substrate name="cpd:C00043"/>
        <product name="cpd:C00645"/>
    </reaction>
    <reaction name="rn:R02706" type="reversible">
        <substrate name="cpd:C00645"/>
        <product name="cpd:C04257"/>
    </reaction>
    <reaction name="rn:R02705" type="irreversible">
        <substrate name="cpd:C00645"/>
        <product name="cpd:C04257"/>
    </reaction>
    <reaction name="rn:R00416" type="reversible">
        <substrate name="cpd:C04501"/>
        <product name="cpd:C00043"/>
    </reaction>
    <reaction name="rn:R02059" type="reversible">
        <substrate name="cpd:C00357"/>
        <product name="cpd:C00352"/>
    </reaction>
    <reaction name="rn:R02058" type="irreversible">
        <substrate name="cpd:C00352"/>
        <product name="cpd:C00357"/>
    </reaction>
    <reaction name="rn:R01201" type="irreversible">
        <substrate name="cpd:C00140"/>
        <product name="cpd:C00357"/>
    </reaction>
    <reaction name="rn:R01207" type="reversible">
        <substrate name="cpd:C00140"/>
        <product name="cpd:C00645"/>
    </reaction>
    <reaction name="rn:R01206" type="irreversible">
        <substrate name="cpd:C00461"/>
        <product name="cpd:C00140"/>
    </reaction>
    <reaction name="rn:R01961" type="irreversible">
        <substrate name="cpd:C00329"/>
        <product name="cpd:C00352"/>
    </reaction>
    <reaction name="rn:R02334" type="irreversible">
        <substrate name="cpd:C00461"/>
        <product name="cpd:C03518"/>
    </reaction>
    <reaction name="rn:R01966" type="irreversible">
        <substrate name="cpd:C06023"/>
        <product name="cpd:C00329"/>
    </reaction>
    <reaction name="rn:R00768" type="reversible">
        <substrate name="cpd:C00085"/>
        <product name="cpd:C00352"/>
    </reaction>
</pathway>
