<?xml version="1.0"?>
<!DOCTYPE pathway SYSTEM "http://www.genome.jp/kegg/xml/KGML_v0.6.1_.dtd">
<!-- Creation date: Jul 30 2008 19:30:24 +0900 (JST) -->
<pathway name="path:hsa04130" org="hsa" number="04130"
         title="SNARE interactions in vesicular transport"
         image="http://www.genome.jp/kegg/pathway/hsa/hsa04130.gif"
         link="http://www.genome.jp/dbget-bin/show_pathway?hsa04130">
    <entry id="1" name="hsa:662" type="gene"
        link="http://www.genome.jp/dbget-bin/www_bget?hsa+662">
        <graphics name="BNIP1" fgcolor="#000000" bgcolor="#BFFFBF"
             type="rectangle" x="318" y="652" width="45" height="17"/>
    </entry>
    <entry id="2" name="hsa:55850" type="gene"
        link="http://www.genome.jp/dbget-bin/www_bget?hsa+55850">
        <graphics name="USE1" fgcolor="#000000" bgcolor="#BFFFBF"
             type="rectangle" x="318" y="635" width="45" height="17"/>
    </entry>
    <entry id="3" name="hsa:53407" type="gene"
        link="http://www.genome.jp/dbget-bin/www_bget?hsa+53407">
        <graphics name="STX18" fgcolor="#000000" bgcolor="#BFFFBF"
             type="rectangle" x="318" y="618" width="45" height="17"/>
    </entry>
    <entry id="4" name="hsa:55014" type="gene"
        link="http://www.genome.jp/dbget-bin/www_bget?hsa+55014">
        <graphics name="STX17" fgcolor="#000000" bgcolor="#BFFFBF"
             type="rectangle" x="220" y="618" width="45" height="17"/>
    </entry>
    <entry id="5" name="hsa:9554" type="gene"
        link="http://www.genome.jp/dbget-bin/www_bget?hsa+9554">
        <graphics name="SEC22B, SEC22L1" fgcolor="#000000" bgcolor="#BFFFBF"
             type="rectangle" x="383" y="571" width="45" height="17"/>
    </entry>
    <entry id="6" name="hsa:10282 hsa:51272" type="gene"
        link="http://www.genome.jp/dbget-bin/www_bget?hsa+10282+51272">
        <graphics name="BET1..." fgcolor="#000000" bgcolor="#BFFFBF"
             type="rectangle" x="198" y="571" width="45" height="17"/>
    </entry>
    <entry id="7" name="hsa:10652" type="gene"
        link="http://www.genome.jp/dbget-bin/www_bget?hsa+10652">
        <graphics name="YKT6" fgcolor="#000000" bgcolor="#BFFFBF"
             type="rectangle" x="294" y="489" width="45" height="17"/>
    </entry>
    <entry id="8" name="hsa:9527" type="gene"
        link="http://www.genome.jp/dbget-bin/www_bget?hsa+9527">
        <graphics name="GOSR1" fgcolor="#000000" bgcolor="#BFFFBF"
             type="rectangle" x="294" y="472" width="45" height="17"/>
    </entry>
    <entry id="9" name="hsa:6811" type="gene"
        link="http://www.genome.jp/dbget-bin/www_bget?hsa+6811">
        <graphics name="STX5, STX5A" fgcolor="#000000" bgcolor="#BFFFBF"
             type="rectangle" x="294" y="455" width="45" height="17"/>
    </entry>
    <entry id="10" name="hsa:9554" type="gene"
        link="http://www.genome.jp/dbget-bin/www_bget?hsa+9554">
        <graphics name="SEC22B, SEC22L1" fgcolor="#000000" bgcolor="#BFFFBF"
             type="rectangle" x="245" y="489" width="45" height="17"/>
    </entry>
    <entry id="11" name="hsa:9570" type="gene"
        link="http://www.genome.jp/dbget-bin/www_bget?hsa+9570">
        <graphics name="GOSR2" fgcolor="#000000" bgcolor="#BFFFBF"
             type="rectangle" x="245" y="472" width="45" height="17"/>
    </entry>
    <entry id="12" name="hsa:6811" type="gene"
        link="http://www.genome.jp/dbget-bin/www_bget?hsa+6811">
        <graphics name="STX5, STX5A" fgcolor="#000000" bgcolor="#BFFFBF"
             type="rectangle" x="245" y="455" width="45" height="17"/>
    </entry>
    <entry id="13" name="ko:K08505" type="ortholog">
        <graphics name="K08505" fgcolor="#000000" bgcolor="#FFFFFF"
             type="rectangle" x="382" y="373" width="45" height="17"/>
    </entry>
    <entry id="14" name="hsa:116841 hsa:9342" type="gene"
        link="http://www.genome.jp/dbget-bin/www_bget?hsa+116841+9342">
        <graphics name="C1orf142..." fgcolor="#000000" bgcolor="#BFFFBF"
             type="rectangle" x="294" y="378" width="45" height="17"/>
    </entry>
    <entry id="15" name="hsa:10228 hsa:8677" type="gene"
        link="http://www.genome.jp/dbget-bin/www_bget?hsa+10228+8677">
        <graphics name="STX6..." fgcolor="#000000" bgcolor="#BFFFBF"
             type="rectangle" x="245" y="398" width="45" height="17"/>
    </entry>
    <entry id="16" name="hsa:8675" type="gene"
        link="http://www.genome.jp/dbget-bin/www_bget?hsa+8675">
        <graphics name="STX16" fgcolor="#000000" bgcolor="#BFFFBF"
             type="rectangle" x="245" y="378" width="45" height="17"/>
    </entry>
    <entry id="17" name="hsa:415117 hsa:8676" type="gene"
        link="http://www.genome.jp/dbget-bin/www_bget?hsa+415117+8676">
        <graphics name="STX19..." fgcolor="#000000" bgcolor="#BFFFBF"
             type="rectangle" x="245" y="358" width="45" height="17"/>
    </entry>
    <entry id="18" name="hsa:10652" type="gene"
        link="http://www.genome.jp/dbget-bin/www_bget?hsa+10652">
        <graphics name="YKT6" fgcolor="#000000" bgcolor="#BFFFBF"
             type="rectangle" x="416" y="320" width="45" height="17"/>
    </entry>
    <entry id="19" name="hsa:6845" type="gene"
        link="http://www.genome.jp/dbget-bin/www_bget?hsa+6845">
        <graphics name="VAMP7, SYBL1" fgcolor="#000000" bgcolor="#BFFFBF"
             type="rectangle" x="404" y="276" width="45" height="17"/>
    </entry>
    <entry id="20" name="hsa:10490 hsa:143187" type="gene"
        link="http://www.genome.jp/dbget-bin/www_bget?hsa+10490+143187">
        <graphics name="VTI1B..." fgcolor="#000000" bgcolor="#BFFFBF"
             type="rectangle" x="504" y="294" width="45" height="17"/>
    </entry>
    <entry id="21" name="hsa:9482" type="gene"
        link="http://www.genome.jp/dbget-bin/www_bget?hsa+9482">
        <graphics name="STX8" fgcolor="#000000" bgcolor="#BFFFBF"
             type="rectangle" x="504" y="277" width="45" height="17"/>
    </entry>
    <entry id="22" name="hsa:203062 hsa:23673 hsa:8417" type="gene"
        link="http://www.genome.jp/dbget-bin/www_bget?hsa+203062+23673+8417">
        <graphics name="TSNARE1..." fgcolor="#000000" bgcolor="#BFFFBF"
             type="rectangle" x="504" y="260" width="45" height="17"/>
    </entry>
    <entry id="23" name="hsa:10490 hsa:143187" type="gene"
        link="http://www.genome.jp/dbget-bin/www_bget?hsa+10490+143187">
        <graphics name="VTI1B..." fgcolor="#000000" bgcolor="#BFFFBF"
             type="rectangle" x="424" y="177" width="45" height="17"/>
    </entry>
    <entry id="24" name="hsa:10228 hsa:8677" type="gene"
        link="http://www.genome.jp/dbget-bin/www_bget?hsa+10228+8677">
        <graphics name="STX6..." fgcolor="#000000" bgcolor="#BFFFBF"
             type="rectangle" x="424" y="160" width="45" height="17"/>
    </entry>
    <entry id="25" name="hsa:8675" type="gene"
        link="http://www.genome.jp/dbget-bin/www_bget?hsa+8675">
        <graphics name="STX16" fgcolor="#000000" bgcolor="#BFFFBF"
             type="rectangle" x="424" y="143" width="45" height="17"/>
    </entry>
    <entry id="26" name="hsa:8674" type="gene"
        link="http://www.genome.jp/dbget-bin/www_bget?hsa+8674">
        <graphics name="VAMP4" fgcolor="#000000" bgcolor="#BFFFBF"
             type="rectangle" x="361" y="120" width="45" height="17"/>
    </entry>
    <entry id="27" name="hsa:10791" type="gene"
        link="http://www.genome.jp/dbget-bin/www_bget?hsa+10791">
        <graphics name="VAMP5" fgcolor="#000000" bgcolor="#BFFFBF"
             type="rectangle" x="346" y="91" width="45" height="17"/>
    </entry>
    <entry id="28" name="hsa:8674" type="gene"
        link="http://www.genome.jp/dbget-bin/www_bget?hsa+8674">
        <graphics name="VAMP4" fgcolor="#000000" bgcolor="#BFFFBF"
             type="rectangle" x="262" y="192" width="45" height="17"/>
    </entry>
    <entry id="29" name="hsa:8673" type="gene"
        link="http://www.genome.jp/dbget-bin/www_bget?hsa+8673">
        <graphics name="VAMP8" fgcolor="#000000" bgcolor="#BFFFBF"
             type="rectangle" x="125" y="249" width="45" height="17"/>
    </entry>
    <entry id="30" name="hsa:6843 hsa:6844 hsa:9341" type="gene"
        link="http://www.genome.jp/dbget-bin/www_bget?hsa+6843+6844+9341">
        <graphics name="VAMP1..." fgcolor="#000000" bgcolor="#BFFFBF"
             type="rectangle" x="113" y="226" width="45" height="17"/>
    </entry>
    <entry id="31" name="hsa:6616 hsa:8773" type="gene"
        link="http://www.genome.jp/dbget-bin/www_bget?hsa+6616+8773">
        <graphics name="SNAP25..." fgcolor="#000000" bgcolor="#BFFFBF"
             type="rectangle" x="280" y="88" width="45" height="17"/>
    </entry>
    <entry id="32" name="ko:K08506" type="ortholog">
        <graphics name="K08506" fgcolor="#000000" bgcolor="#FFFFFF"
             type="rectangle" x="269" y="635" width="45" height="17"/>
    </entry>
    <entry id="33" name="hsa:6616 hsa:8773" type="gene"
        link="http://www.genome.jp/dbget-bin/www_bget?hsa+6616+8773">
        <graphics name="SNAP25..." fgcolor="#000000" bgcolor="#BFFFBF"
             type="rectangle" x="118" y="125" width="45" height="17"/>
    </entry>
    <entry id="34" name="hsa:112755 hsa:2054 hsa:6804 hsa:6809 hsa:6810" type="gene"
        link="http://www.genome.jp/dbget-bin/www_bget?hsa+112755+2054+6804+6809+6810">
        <graphics name="STX1B..." fgcolor="#000000" bgcolor="#BFFFBF"
             type="rectangle" x="235" y="88" width="45" height="17"/>
    </entry>
    <entry id="35" name="hsa:112755 hsa:2054 hsa:6804 hsa:6809 hsa:6810" type="gene"
        link="http://www.genome.jp/dbget-bin/www_bget?hsa+112755+2054+6804+6809+6810">
        <graphics name="STX1B..." fgcolor="#000000" bgcolor="#BFFFBF"
             type="rectangle" x="73" y="125" width="45" height="17"/>
    </entry>
    <entry id="36" name="path:hsa04130" type="map"
        link="http://www.genome.jp/dbget-bin/get_linkdb?pathway+hsa04130">
        <graphics name="TITLE:SNARE interactions in vesicular transport" fgcolor="#000000" bgcolor="#FFFFFF"
             type="roundrectangle" x="217" y="36" width="356" height="25"/>
    </entry>
    <entry id="37" name="undefined" type="group">
        <graphics fgcolor="#000000" bgcolor="#FFFFFF"
             type="rectangle" x="96" y="125" width="110" height="37"/>
        <component id="33"/>
        <component id="35"/>
    </entry>
    <entry id="38" name="undefined" type="group">
        <graphics fgcolor="#000000" bgcolor="#FFFFFF"
             type="rectangle" x="258" y="88" width="110" height="37"/>
        <component id="31"/>
        <component id="34"/>
    </entry>
    <entry id="39" name="undefined" type="group">
        <graphics fgcolor="#000000" bgcolor="#FFFFFF"
             type="rectangle" x="424" y="160" width="65" height="71"/>
        <component id="23"/>
        <component id="24"/>
        <component id="25"/>
    </entry>
    <entry id="40" name="undefined" type="group">
        <graphics fgcolor="#000000" bgcolor="#FFFFFF"
             type="rectangle" x="504" y="277" width="65" height="71"/>
        <component id="20"/>
        <component id="21"/>
        <component id="22"/>
    </entry>
    <entry id="41" name="undefined" type="group">
        <graphics fgcolor="#000000" bgcolor="#FFFFFF"
             type="rectangle" x="294" y="472" width="65" height="71"/>
        <component id="7"/>
        <component id="8"/>
        <component id="9"/>
    </entry>
    <entry id="42" name="undefined" type="group">
        <graphics fgcolor="#000000" bgcolor="#FFFFFF"
             type="rectangle" x="245" y="472" width="65" height="71"/>
        <component id="10"/>
        <component id="11"/>
        <component id="12"/>
    </entry>
    <entry id="43" name="undefined" type="group">
        <graphics fgcolor="#000000" bgcolor="#FFFFFF"
             type="rectangle" x="318" y="635" width="65" height="71"/>
        <component id="1"/>
        <component id="2"/>
        <component id="3"/>
    </entry>
    <relation entry1="30" entry2="37" type="PPrel">
        <subtype name="activation" value="-->"/>
    </relation>
    <relation entry1="28" entry2="38" type="PPrel">
        <subtype name="activation" value="-->"/>
    </relation>
    <relation entry1="26" entry2="39" type="PPrel">
        <subtype name="activation" value="-->"/>
    </relation>
    <relation entry1="18" entry2="40" type="PPrel">
        <subtype name="activation" value="-->"/>
    </relation>
    <relation entry1="6" entry2="42" type="PPrel">
        <subtype name="activation" value="-->"/>
    </relation>
    <relation entry1="5" entry2="43" type="PPrel">
        <subtype name="activation" value="-->"/>
    </relation>
</pathway>
