<?xml version="1.0"?>
<!DOCTYPE pathway SYSTEM "http://www.genome.jp/kegg/xml/KGML_v0.6.1_.dtd">
<!-- Creation date: Oct 23 2008 02:34:18 +0900 (JST) -->
<pathway name="path:hsa00910" org="hsa" number="00910"
         title="Nitrogen metabolism"
         image="http://www.genome.jp/kegg/pathway/hsa/hsa00910.gif"
         link="http://www.genome.jp/dbget-bin/show_pathway?hsa00910">
    <entry id="1" name="undefined:" type="undefined">
        <graphics name="4.3.1.24" fgcolor="#000000" bgcolor="#FFFFFF"
             type="rectangle" x="575" y="337" width="45" height="17"/>
    </entry>
    <entry id="2" name="undefined:" type="undefined">
        <graphics name="4.3.1.23" fgcolor="#000000" bgcolor="#FFFFFF"
             type="rectangle" x="528" y="337" width="45" height="17"/>
    </entry>
    <entry id="3" name="cpd:C00037" type="compound"
        link="http://www.genome.jp/dbget-bin/www_bget?compound+C00037">
        <graphics name="C00037" fgcolor="#000000" bgcolor="#FFFFFF"
             type="circle" x="813" y="275" width="8" height="8"/>
    </entry>
    <entry id="4" name="undefined:" type="undefined">
        <graphics name="1.7.2.2" fgcolor="#000000" bgcolor="#FFFFFF"
             type="rectangle" x="306" y="527" width="45" height="17"/>
    </entry>
    <entry id="5" name="path:hsa00910" type="map"
        link="http://www.genome.jp/dbget-bin/get_linkdb?pathway+hsa00910">
        <graphics name="TITLE:Nitrogen metabolism" fgcolor="#000000" bgcolor="#FFFFFF"
             type="roundrectangle" x="737" y="61" width="396" height="27"/>
    </entry>
    <entry id="6" name="path:hsa00680" type="map"
        link="http://www.genome.jp/kegg/pathway/hsa/hsa00680.html">
        <graphics name="Methane metabolism" fgcolor="#000000" bgcolor="#FFFFFF"
             type="roundrectangle" x="336" y="108" width="119" height="26"/>
    </entry>
    <entry id="7" name="path:hsa00630" type="map"
        link="http://www.genome.jp/kegg/pathway/hsa/hsa00630.html">
        <graphics name="Glyoxylate and dicarboxylate metabolism" fgcolor="#000000" bgcolor="#FFFFFF"
             type="roundrectangle" x="190" y="215" width="131" height="26"/>
    </entry>
    <entry id="8" name="undefined:" type="undefined">
        <graphics name="3.5.1.49" fgcolor="#000000" bgcolor="#FFFFFF"
             type="rectangle" x="392" y="191" width="45" height="17"/>
    </entry>
    <entry id="9" name="hsa:1373" type="gene" reaction="rn:R00149"
        link="http://www.genome.jp/dbget-bin/www_bget?hsa+1373">
        <graphics name="CPS1" fgcolor="#000000" bgcolor="#BFFFBF"
             type="rectangle" x="535" y="227" width="45" height="17"/>
    </entry>
    <entry id="10" name="undefined:" type="undefined">
        <graphics name="2.7.2.2" fgcolor="#000000" bgcolor="#FFFFFF"
             type="rectangle" x="685" y="184" width="45" height="17"/>
    </entry>
    <entry id="11" name="undefined:" type="undefined">
        <graphics name="4.2.1.104" fgcolor="#000000" bgcolor="#FFFFFF"
             type="rectangle" x="759" y="160" width="45" height="17"/>
    </entry>
    <entry id="12" name="undefined:" type="undefined">
        <graphics name="2.7.2.2" fgcolor="#000000" bgcolor="#FFFFFF"
             type="rectangle" x="535" y="206" width="45" height="17"/>
    </entry>
    <entry id="13" name="hsa:11238 hsa:23632 hsa:377677 hsa:759 hsa:760 hsa:761 hsa:762 hsa:763 hsa:765 hsa:766 hsa:767 hsa:768 hsa:771" type="gene" reaction="rn:R00132"
        link="http://www.genome.jp/dbget-bin/www_bget?hsa+11238+23632+377677+759+760+761+762+763+765+766+767+768+771">
        <graphics name="CA5B..." fgcolor="#000000" bgcolor="#BFFFBF"
             type="rectangle" x="675" y="133" width="45" height="17"/>
    </entry>
    <entry id="14" name="undefined:" type="undefined">
        <graphics name="1.7.3.4" fgcolor="#000000" bgcolor="#FFFFFF"
             type="rectangle" x="217" y="364" width="45" height="17"/>
    </entry>
    <entry id="15" name="path:hsa00220" type="map"
        link="http://www.genome.jp/kegg/pathway/hsa/hsa00220.html">
        <graphics name="Urea cycle and metabolism of amino groups" fgcolor="#000000" bgcolor="#FFFFFF"
             type="roundrectangle" x="860" y="217" width="147" height="34"/>
    </entry>
    <entry id="16" name="undefined:" type="undefined">
        <graphics name="6.3.1.5" fgcolor="#000000" bgcolor="#FFFFFF"
             type="rectangle" x="620" y="254" width="45" height="17"/>
    </entry>
    <entry id="17" name="hsa:275" type="gene" reaction="rn:R01221"
        link="http://www.genome.jp/dbget-bin/www_bget?hsa+275">
        <graphics name="AMT" fgcolor="#000000" bgcolor="#BFFFBF"
             type="rectangle" x="620" y="275" width="45" height="17"/>
    </entry>
    <entry id="18" name="undefined:" type="undefined">
        <graphics name="4.1.99.1" fgcolor="#000000" bgcolor="#FFFFFF"
             type="rectangle" x="674" y="290" width="45" height="17"/>
    </entry>
    <entry id="19" name="undefined:" type="undefined">
        <graphics name="4.1.99.2" fgcolor="#000000" bgcolor="#FFFFFF"
             type="rectangle" x="674" y="311" width="45" height="17"/>
    </entry>
    <entry id="20" name="undefined:" type="undefined">
        <graphics name="4.3.1.2" fgcolor="#000000" bgcolor="#FFFFFF"
             type="rectangle" x="598" y="316" width="45" height="17"/>
    </entry>
    <entry id="22" name="undefined:" type="undefined">
        <graphics name="1.4.99.1" fgcolor="#000000" bgcolor="#FFFFFF"
             type="rectangle" x="662" y="363" width="45" height="17"/>
    </entry>
    <entry id="23" name="undefined:" type="undefined">
        <graphics name="1.4.2.-" fgcolor="#000000" bgcolor="#FFFFFF"
             type="rectangle" x="710" y="363" width="45" height="17"/>
    </entry>
    <entry id="24" name="undefined:" type="undefined">
        <graphics name="1.7.1.1" fgcolor="#000000" bgcolor="#FFFFFF"
             type="rectangle" x="127" y="508" width="45" height="17"/>
    </entry>
    <entry id="25" name="undefined:" type="undefined">
        <graphics name="1.7.1.2" fgcolor="#000000" bgcolor="#FFFFFF"
             type="rectangle" x="174" y="508" width="45" height="17"/>
    </entry>
    <entry id="26" name="undefined:" type="undefined">
        <graphics name="1.7.1.3" fgcolor="#000000" bgcolor="#FFFFFF"
             type="rectangle" x="151" y="527" width="45" height="17"/>
    </entry>
    <entry id="27" name="undefined:" type="undefined">
        <graphics name="1.13.11.32" fgcolor="#000000" bgcolor="#FFFFFF"
             type="rectangle" x="222" y="438" width="45" height="17"/>
    </entry>
    <entry id="28" name="undefined:" type="undefined">
        <graphics name="1.7.3.1" fgcolor="#000000" bgcolor="#FFFFFF"
             type="rectangle" x="222" y="458" width="45" height="17"/>
    </entry>
    <entry id="29" name="undefined:" type="undefined">
        <graphics name="1.9.6.1" fgcolor="#000000" bgcolor="#FFFFFF"
             type="rectangle" x="174" y="489" width="45" height="17"/>
    </entry>
    <entry id="30" name="undefined:" type="undefined">
        <graphics name="1.7.99.4" fgcolor="#000000" bgcolor="#FFFFFF"
             type="rectangle" x="151" y="555" width="45" height="17"/>
    </entry>
    <entry id="31" name="undefined:" type="undefined">
        <graphics name="1.7.2.1" fgcolor="#000000" bgcolor="#FFFFFF"
             type="rectangle" x="222" y="563" width="45" height="17"/>
    </entry>
    <entry id="32" name="undefined:" type="undefined">
        <graphics name="1.7.1.10" fgcolor="#000000" bgcolor="#FFFFFF"
             type="rectangle" x="336" y="442" width="45" height="17"/>
    </entry>
    <entry id="33" name="undefined:" type="undefined">
        <graphics name="1.7.99.1" fgcolor="#000000" bgcolor="#FFFFFF"
             type="rectangle" x="336" y="461" width="45" height="17"/>
    </entry>
    <entry id="34" name="undefined:" type="undefined">
        <graphics name="1.7.1.4" fgcolor="#000000" bgcolor="#FFFFFF"
             type="rectangle" x="306" y="489" width="45" height="17"/>
    </entry>
    <entry id="35" name="undefined:" type="undefined">
        <graphics name="1.7.7.1" fgcolor="#000000" bgcolor="#FFFFFF"
             type="rectangle" x="306" y="508" width="45" height="17"/>
    </entry>
    <entry id="36" name="undefined:" type="undefined">
        <graphics name="1.18.6.1" fgcolor="#000000" bgcolor="#FFFFFF"
             type="rectangle" x="378" y="575" width="45" height="17"/>
    </entry>
    <entry id="37" name="undefined:" type="undefined">
        <graphics name="1.19.6.1" fgcolor="#000000" bgcolor="#FFFFFF"
             type="rectangle" x="378" y="594" width="45" height="17"/>
    </entry>
    <entry id="38" name="undefined:" type="undefined">
        <graphics name="1.7.99.7" fgcolor="#000000" bgcolor="#FFFFFF"
             type="rectangle" x="261" y="656" width="45" height="17"/>
    </entry>
    <entry id="39" name="undefined:" type="undefined">
        <graphics name="1.7.99.6" fgcolor="#000000" bgcolor="#FFFFFF"
             type="rectangle" x="347" y="656" width="45" height="17"/>
    </entry>
    <entry id="40" name="undefined:" type="undefined">
        <graphics name="4.3.1.1" fgcolor="#000000" bgcolor="#FFFFFF"
             type="rectangle" x="470" y="416" width="45" height="17"/>
    </entry>
    <entry id="41" name="undefined:" type="undefined">
        <graphics name="3.5.1.38" fgcolor="#000000" bgcolor="#FFFFFF"
             type="rectangle" x="451" y="435" width="45" height="17"/>
    </entry>
    <entry id="42" name="undefined:" type="undefined">
        <graphics name="6.3.1.1" fgcolor="#000000" bgcolor="#FFFFFF"
             type="rectangle" x="597" y="394" width="45" height="17"/>
    </entry>
    <entry id="43" name="undefined:" type="undefined">
        <graphics name="6.3.1.4" fgcolor="#000000" bgcolor="#FFFFFF"
             type="rectangle" x="597" y="415" width="45" height="17"/>
    </entry>
    <entry id="44" name="hsa:80150" type="gene" reaction="rn:R00485"
        link="http://www.genome.jp/dbget-bin/www_bget?hsa+80150">
        <graphics name="ASRGL1" fgcolor="#000000" bgcolor="#BFFFBF"
             type="rectangle" x="671" y="429" width="45" height="17"/>
    </entry>
    <entry id="45" name="undefined:" type="undefined">
        <graphics name="1.4.1.2" fgcolor="#000000" bgcolor="#FFFFFF"
             type="rectangle" x="717" y="471" width="46" height="17"/>
    </entry>
    <entry id="46" name="path:hsa00251" type="map"
        link="http://www.genome.jp/kegg/pathway/hsa/hsa00251.html">
        <graphics name="Glutamate metabolism" fgcolor="#000000" bgcolor="#FFFFFF"
             type="roundrectangle" x="794" y="453" width="74" height="34"/>
    </entry>
    <entry id="47" name="hsa:2746 hsa:2747" type="gene" reaction="rn:R00243 rn:R00248"
        link="http://www.genome.jp/dbget-bin/www_bget?hsa+2746+2747">
        <graphics name="GLUD1, GLUD..." fgcolor="#000000" bgcolor="#BFFFBF"
             type="rectangle" x="693" y="492" width="45" height="17"/>
    </entry>
    <entry id="48" name="undefined:" type="undefined">
        <graphics name="1.4.1.4" fgcolor="#000000" bgcolor="#FFFFFF"
             type="rectangle" x="741" y="492" width="45" height="17"/>
    </entry>
    <entry id="49" name="undefined:" type="undefined">
        <graphics name="1.4.1.13" fgcolor="#000000" bgcolor="#FFFFFF"
             type="rectangle" x="588" y="500" width="45" height="17"/>
    </entry>
    <entry id="50" name="hsa:2752" type="gene" reaction="rn:R00253"
        link="http://www.genome.jp/dbget-bin/www_bget?hsa+2752">
        <graphics name="GLUL, GLNS" fgcolor="#000000" bgcolor="#BFFFBF"
             type="rectangle" x="464" y="511" width="45" height="17"/>
    </entry>
    <entry id="51" name="hsa:27165 hsa:2744" type="gene" reaction="rn:R00256 rn:R01579"
        link="http://www.genome.jp/dbget-bin/www_bget?hsa+27165+2744">
        <graphics name="GLS2..." fgcolor="#000000" bgcolor="#BFFFBF"
             type="rectangle" x="464" y="531" width="45" height="17"/>
    </entry>
    <entry id="52" name="undefined:" type="undefined">
        <graphics name="3.5.1.35" fgcolor="#000000" bgcolor="#FFFFFF"
             type="rectangle" x="441" y="552" width="45" height="17"/>
    </entry>
    <entry id="53" name="undefined:" type="undefined">
        <graphics name="3.5.1.38" fgcolor="#000000" bgcolor="#FFFFFF"
             type="rectangle" x="488" y="552" width="45" height="17"/>
    </entry>
    <entry id="54" name="undefined:" type="undefined">
        <graphics name="1.4.1.14" fgcolor="#000000" bgcolor="#FFFFFF"
             type="rectangle" x="588" y="521" width="45" height="17"/>
    </entry>
    <entry id="55" name="undefined:" type="undefined">
        <graphics name="1.4.7.1" fgcolor="#000000" bgcolor="#FFFFFF"
             type="rectangle" x="636" y="521" width="45" height="17"/>
    </entry>
    <entry id="59" name="undefined:" type="undefined">
        <graphics name="1.14.12.1" fgcolor="#000000" bgcolor="#FFFFFF"
             type="rectangle" x="592" y="623" width="45" height="17"/>
    </entry>
    <entry id="61" name="hsa:1491" type="gene" reaction="rn:R01001"
        link="http://www.genome.jp/dbget-bin/www_bget?hsa+1491">
        <graphics name="CTH" fgcolor="#000000" bgcolor="#BFFFBF"
             type="rectangle" x="612" y="649" width="45" height="17"/>
    </entry>
    <entry id="62" name="undefined:" type="undefined">
        <graphics name="4.4.1.2" fgcolor="#000000" bgcolor="#FFFFFF"
             type="rectangle" x="660" y="649" width="45" height="17"/>
    </entry>
    <entry id="63" name="undefined:" type="undefined">
        <graphics name="4.4.1.8" fgcolor="#000000" bgcolor="#FFFFFF"
             type="rectangle" x="708" y="649" width="45" height="17"/>
    </entry>
    <entry id="68" name="undefined:" type="undefined">
        <graphics name="3.5.5.1" fgcolor="#000000" bgcolor="#FFFFFF"
             type="rectangle" x="612" y="756" width="45" height="17"/>
    </entry>
    <entry id="69" name="undefined:" type="undefined">
        <graphics name="3.5.5.2" fgcolor="#000000" bgcolor="#FFFFFF"
             type="rectangle" x="612" y="777" width="45" height="17"/>
    </entry>
    <entry id="70" name="hsa:3034" type="gene" reaction="rn:R01168"
        link="http://www.genome.jp/dbget-bin/www_bget?hsa+3034">
        <graphics name="HAL, HIS" fgcolor="#000000" bgcolor="#BFFFBF"
             type="rectangle" x="551" y="316" width="45" height="17"/>
    </entry>
    <entry id="71" name="undefined:" type="undefined">
        <graphics name="4.3.1.25" fgcolor="#000000" bgcolor="#FFFFFF"
             type="rectangle" x="622" y="337" width="45" height="17"/>
    </entry>
    <entry id="72" name="hsa:440" type="gene" reaction="rn:R00578"
        link="http://www.genome.jp/dbget-bin/www_bget?hsa+440">
        <graphics name="ASNS" fgcolor="#000000" bgcolor="#BFFFBF"
             type="rectangle" x="636" y="500" width="45" height="17"/>
    </entry>
    <entry id="73" name="undefined:" type="undefined">
        <graphics name="1.14.13.35" fgcolor="#000000" bgcolor="#FFFFFF"
             type="rectangle" x="592" y="602" width="45" height="17"/>
    </entry>
    <entry id="74" name="undefined:" type="undefined">
        <graphics name="1.7.7.2" fgcolor="#000000" bgcolor="#FFFFFF"
             type="rectangle" x="127" y="489" width="45" height="17"/>
    </entry>
    <entry id="75" name="undefined:" type="undefined">
        <graphics name="1.13.12.-" fgcolor="#000000" bgcolor="#FFFFFF"
             type="rectangle" x="362" y="422" width="45" height="17"/>
    </entry>
    <entry id="76" name="cpd:C00058" type="compound"
        link="http://www.genome.jp/dbget-bin/www_bget?compound+C00058">
        <graphics name="C00058" fgcolor="#000000" bgcolor="#FFFFFF"
             type="circle" x="336" y="215" width="8" height="8"/>
    </entry>
    <entry id="77" name="cpd:C00488" type="compound"
        link="http://www.genome.jp/dbget-bin/www_bget?compound+C00488">
        <graphics name="C00488" fgcolor="#000000" bgcolor="#FFFFFF"
             type="circle" x="392" y="161" width="8" height="8"/>
    </entry>
    <entry id="78" name="cpd:C01417" type="compound"
        link="http://www.genome.jp/dbget-bin/www_bget?compound+C01417">
        <graphics name="C01417" fgcolor="#000000" bgcolor="#FFFFFF"
             type="circle" x="827" y="161" width="8" height="8"/>
    </entry>
    <entry id="79" name="cpd:C00011" type="compound"
        link="http://www.genome.jp/dbget-bin/www_bget?compound+C00011">
        <graphics name="C00011" fgcolor="#000000" bgcolor="#FFFFFF"
             type="circle" x="721" y="133" width="8" height="8"/>
    </entry>
    <entry id="80" name="cpd:C01353" type="compound"
        link="http://www.genome.jp/dbget-bin/www_bget?compound+C01353">
        <graphics name="C01353" fgcolor="#000000" bgcolor="#FFFFFF"
             type="circle" x="618" y="133" width="8" height="8"/>
    </entry>
    <entry id="81" name="cpd:C00169" type="compound"
        link="http://www.genome.jp/dbget-bin/www_bget?compound+C00169">
        <graphics name="C00169" fgcolor="#000000" bgcolor="#FFFFFF"
             type="circle" x="685" y="217" width="8" height="8"/>
    </entry>
    <entry id="82" name="cpd:C00088" type="compound"
        link="http://www.genome.jp/dbget-bin/www_bget?compound+C00088">
        <graphics name="C00088" fgcolor="#000000" bgcolor="#FFFFFF"
             type="circle" x="86" y="364" width="8" height="8"/>
    </entry>
    <entry id="83" name="cpd:C00192" type="compound"
        link="http://www.genome.jp/dbget-bin/www_bget?compound+C00192">
        <graphics name="C00192" fgcolor="#000000" bgcolor="#FFFFFF"
             type="circle" x="337" y="364" width="8" height="8"/>
    </entry>
    <entry id="84" name="cpd:C00014" type="compound"
        link="http://www.genome.jp/dbget-bin/www_bget?compound+C00014">
        <graphics name="C00014" fgcolor="#000000" bgcolor="#FFFFFF"
             type="circle" x="399" y="505" width="8" height="8"/>
    </entry>
    <entry id="85" name="cpd:C06058" type="compound"
        link="http://www.genome.jp/dbget-bin/www_bget?compound+C06058">
        <graphics name="C06058" fgcolor="#000000" bgcolor="#FFFFFF"
             type="circle" x="223" y="408" width="8" height="8"/>
    </entry>
    <entry id="86" name="cpd:C00088" type="compound"
        link="http://www.genome.jp/dbget-bin/www_bget?compound+C00088">
        <graphics name="C00088" fgcolor="#000000" bgcolor="#FFFFFF"
             type="circle" x="223" y="508" width="8" height="8"/>
    </entry>
    <entry id="87" name="cpd:C00244" type="compound"
        link="http://www.genome.jp/dbget-bin/www_bget?compound+C00244">
        <graphics name="C00244" fgcolor="#000000" bgcolor="#FFFFFF"
             type="circle" x="86" y="508" width="8" height="8"/>
    </entry>
    <entry id="88" name="cpd:C00533" type="compound"
        link="http://www.genome.jp/dbget-bin/www_bget?compound+C00533">
        <graphics name="C00533" fgcolor="#000000" bgcolor="#FFFFFF"
             type="circle" x="222" y="657" width="8" height="8"/>
    </entry>
    <entry id="89" name="cpd:C00887" type="compound"
        link="http://www.genome.jp/dbget-bin/www_bget?compound+C00887">
        <graphics name="C00887" fgcolor="#000000" bgcolor="#FFFFFF"
             type="circle" x="310" y="657" width="8" height="8"/>
    </entry>
    <entry id="90" name="cpd:C00697" type="compound"
        link="http://www.genome.jp/dbget-bin/www_bget?compound+C00697">
        <graphics name="C00697" fgcolor="#000000" bgcolor="#FFFFFF"
             type="circle" x="396" y="657" width="8" height="8"/>
    </entry>
    <entry id="91" name="cpd:C00064" type="compound"
        link="http://www.genome.jp/dbget-bin/www_bget?compound+C00064">
        <graphics name="C00064" fgcolor="#000000" bgcolor="#FFFFFF"
             type="circle" x="524" y="511" width="8" height="8"/>
    </entry>
    <entry id="92" name="cpd:C00049" type="compound"
        link="http://www.genome.jp/dbget-bin/www_bget?compound+C00049">
        <graphics name="C00049" fgcolor="#000000" bgcolor="#FFFFFF"
             type="circle" x="527" y="380" width="8" height="8"/>
    </entry>
    <entry id="93" name="cpd:C00049" type="compound"
        link="http://www.genome.jp/dbget-bin/www_bget?compound+C00049">
        <graphics name="C00049" fgcolor="#000000" bgcolor="#FFFFFF"
             type="circle" x="628" y="455" width="8" height="8"/>
    </entry>
    <entry id="94" name="cpd:C00152" type="compound"
        link="http://www.genome.jp/dbget-bin/www_bget?compound+C00152">
        <graphics name="C00152" fgcolor="#000000" bgcolor="#FFFFFF"
             type="circle" x="761" y="405" width="8" height="8"/>
    </entry>
    <entry id="95" name="cpd:C00025" type="compound"
        link="http://www.genome.jp/dbget-bin/www_bget?compound+C00025">
        <graphics name="C00025" fgcolor="#000000" bgcolor="#FFFFFF"
             type="circle" x="790" y="511" width="8" height="8"/>
    </entry>
    <entry id="96" name="cpd:C00706" type="compound"
        link="http://www.genome.jp/dbget-bin/www_bget?compound+C00706">
        <graphics name="C00706" fgcolor="#000000" bgcolor="#FFFFFF"
             type="circle" x="813" y="664" width="8" height="8"/>
    </entry>
    <entry id="97" name="cpd:C00241" type="compound"
        link="http://www.genome.jp/dbget-bin/www_bget?compound+C00241">
        <graphics name="C00241" fgcolor="#000000" bgcolor="#FFFFFF"
             type="circle" x="813" y="689" width="8" height="8"/>
    </entry>
    <entry id="98" name="cpd:C06059" type="compound"
        link="http://www.genome.jp/dbget-bin/www_bget?compound+C06059">
        <graphics name="C06059" fgcolor="#000000" bgcolor="#FFFFFF"
             type="circle" x="813" y="719" width="8" height="8"/>
    </entry>
    <entry id="99" name="cpd:C06060" type="compound"
        link="http://www.genome.jp/dbget-bin/www_bget?compound+C06060">
        <graphics name="C06060" fgcolor="#000000" bgcolor="#FFFFFF"
             type="circle" x="813" y="741" width="8" height="8"/>
    </entry>
    <entry id="100" name="cpd:C00726" type="compound"
        link="http://www.genome.jp/dbget-bin/www_bget?compound+C00726">
        <graphics name="C00726" fgcolor="#000000" bgcolor="#FFFFFF"
             type="circle" x="813" y="767" width="8" height="8"/>
    </entry>
    <entry id="101" name="cpd:C01563" type="compound"
        link="http://www.genome.jp/dbget-bin/www_bget?compound+C01563">
        <graphics name="C01563" fgcolor="#000000" bgcolor="#FFFFFF"
             type="circle" x="685" y="161" width="8" height="8"/>
    </entry>
    <entry id="102" name="cpd:C05167" type="compound"
        link="http://www.genome.jp/dbget-bin/www_bget?compound+C05167">
        <graphics name="C05167" fgcolor="#000000" bgcolor="#FFFFFF"
             type="circle" x="908" y="366" width="8" height="8"/>
    </entry>
    <entry id="108" name="hsa:8659" type="gene" map="46"
        link="http://www.genome.jp/dbget-bin/show_pathway?hsa00251+hsa:8659"/>
    <entry id="109" name="hsa:2805 hsa:2806" type="gene" map="46"
        link="http://www.genome.jp/dbget-bin/show_pathway?hsa00251+hsa:2805+hsa:2806"/>
    <entry id="110" name="hsa:2875 hsa:84706" type="gene" map="46"
        link="http://www.genome.jp/dbget-bin/show_pathway?hsa00251+hsa:2875+hsa:84706"/>
    <entry id="113" name="hsa:2571 hsa:2572" type="gene" map="46"
        link="http://www.genome.jp/dbget-bin/show_pathway?hsa00251+hsa:2571+hsa:2572"/>
    <entry id="114" name="hsa:113451" type="gene" map="46"
        link="http://www.genome.jp/dbget-bin/show_pathway?hsa00251+hsa:113451"/>
    <entry id="116" name="hsa:124454 hsa:2058" type="gene" map="46"
        link="http://www.genome.jp/dbget-bin/show_pathway?hsa00251+hsa:124454+hsa:2058"/>
    <entry id="120" name="hsa:5009" type="gene" map="15"
        link="http://www.genome.jp/dbget-bin/show_pathway?hsa00220+hsa:5009"/>
    <entry id="136" name="hsa:125061" type="gene" map="7"
        link="http://www.genome.jp/dbget-bin/show_pathway?hsa00630+hsa:125061"/>
    <entry id="138" name="hsa:25902 hsa:4522" type="gene" map="7"
        link="http://www.genome.jp/dbget-bin/show_pathway?hsa00630+hsa:25902+hsa:4522"/>
    <relation entry1="51" entry2="61" type="ECrel">
        <subtype name="compound" value="84"/>
    </relation>
    <relation entry1="50" entry2="61" type="ECrel">
        <subtype name="compound" value="84"/>
    </relation>
    <relation entry1="47" entry2="61" type="ECrel">
        <subtype name="compound" value="84"/>
    </relation>
    <relation entry1="44" entry2="61" type="ECrel">
        <subtype name="compound" value="84"/>
    </relation>
    <relation entry1="9" entry2="61" type="ECrel">
        <subtype name="compound" value="84"/>
    </relation>
    <relation entry1="47" entry2="51" type="ECrel">
        <subtype name="compound" value="84"/>
    </relation>
    <relation entry1="44" entry2="51" type="ECrel">
        <subtype name="compound" value="84"/>
    </relation>
    <relation entry1="51" entry2="70" type="ECrel">
        <subtype name="compound" value="84"/>
    </relation>
    <relation entry1="17" entry2="51" type="ECrel">
        <subtype name="compound" value="84"/>
    </relation>
    <relation entry1="9" entry2="51" type="ECrel">
        <subtype name="compound" value="84"/>
    </relation>
    <relation entry1="47" entry2="50" type="ECrel">
        <subtype name="compound" value="84"/>
    </relation>
    <relation entry1="44" entry2="50" type="ECrel">
        <subtype name="compound" value="84"/>
    </relation>
    <relation entry1="50" entry2="70" type="ECrel">
        <subtype name="compound" value="84"/>
    </relation>
    <relation entry1="17" entry2="50" type="ECrel">
        <subtype name="compound" value="84"/>
    </relation>
    <relation entry1="9" entry2="50" type="ECrel">
        <subtype name="compound" value="84"/>
    </relation>
    <relation entry1="44" entry2="47" type="ECrel">
        <subtype name="compound" value="84"/>
    </relation>
    <relation entry1="47" entry2="70" type="ECrel">
        <subtype name="compound" value="84"/>
    </relation>
    <relation entry1="17" entry2="47" type="ECrel">
        <subtype name="compound" value="84"/>
    </relation>
    <relation entry1="9" entry2="47" type="ECrel">
        <subtype name="compound" value="84"/>
    </relation>
    <relation entry1="44" entry2="70" type="ECrel">
        <subtype name="compound" value="84"/>
    </relation>
    <relation entry1="17" entry2="44" type="ECrel">
        <subtype name="compound" value="84"/>
    </relation>
    <relation entry1="9" entry2="44" type="ECrel">
        <subtype name="compound" value="84"/>
    </relation>
    <relation entry1="9" entry2="70" type="ECrel">
        <subtype name="compound" value="84"/>
    </relation>
    <relation entry1="9" entry2="17" type="ECrel">
        <subtype name="compound" value="84"/>
    </relation>
    <relation entry1="50" entry2="72" type="ECrel">
        <subtype name="compound" value="91"/>
    </relation>
    <relation entry1="51" entry2="72" type="ECrel">
        <subtype name="compound" value="91"/>
    </relation>
    <relation entry1="47" entry2="72" type="ECrel">
        <subtype name="compound" value="95"/>
    </relation>
    <relation entry1="47" entry2="46" type="maplink">
        <subtype name="compound" value="95"/>
    </relation>
    <relation entry1="72" entry2="46" type="maplink">
        <subtype name="compound" value="95"/>
    </relation>
    <relation entry1="9" entry2="15" type="maplink">
        <subtype name="compound" value="81"/>
    </relation>
    <reaction name="rn:R00149" type="irreversible">
        <substrate name="cpd:C00014"/>
        <product name="cpd:C00169"/>
    </reaction>
    <reaction name="rn:R00132" type="irreversible">
        <substrate name="cpd:C00011"/>
        <product name="cpd:C01353"/>
    </reaction>
    <reaction name="rn:R01221" type="irreversible">
        <substrate name="cpd:C00014"/>
        <product name="cpd:C00037"/>
    </reaction>
    <reaction name="rn:R00485" type="irreversible">
        <substrate name="cpd:C00152"/>
        <product name="cpd:C00014"/>
        <product name="cpd:C00049"/>
    </reaction>
    <reaction name="rn:R00243" type="reversible">
        <substrate name="cpd:C00025"/>
        <product name="cpd:C00014"/>
    </reaction>
    <reaction name="rn:R00248" type="reversible">
        <substrate name="cpd:C00025"/>
        <product name="cpd:C00014"/>
    </reaction>
    <reaction name="rn:R00253" type="irreversible">
        <substrate name="cpd:C00014"/>
        <product name="cpd:C00064"/>
    </reaction>
    <reaction name="rn:R00256" type="irreversible">
        <substrate name="cpd:C00064"/>
        <product name="cpd:C00014"/>
    </reaction>
    <reaction name="rn:R01579" type="irreversible">
        <substrate name="cpd:C00819"/>
        <product name="cpd:C00014"/>
    </reaction>
    <reaction name="rn:R01001" type="irreversible">
        <substrate name="cpd:C02291"/>
        <product name="cpd:C00014"/>
    </reaction>
    <reaction name="rn:R01168" type="reversible">
        <substrate name="cpd:C00135"/>
        <product name="cpd:C00014"/>
    </reaction>
    <reaction name="rn:R00578" type="irreversible">
        <substrate name="cpd:C00064"/>
        <product name="cpd:C00025"/>
    </reaction>
</pathway>
