<?xml version="1.0"?>
<!DOCTYPE pathway SYSTEM "http://www.genome.jp/kegg/xml/KGML_v0.6.1_.dtd">
<!-- Creation date: Oct 24 2008 02:23:06 +0900 (JST) -->
<pathway name="path:hsa00640" org="hsa" number="00640"
         title="Propanoate metabolism"
         image="http://www.genome.jp/kegg/pathway/hsa/hsa00640.gif"
         link="http://www.genome.jp/dbget-bin/show_pathway?hsa00640">
    <entry id="1" name="undefined:" type="undefined">
        <graphics name="2.3.1.8" fgcolor="#000000" bgcolor="#FFFFFF"
             type="rectangle" x="897" y="165" width="46" height="17"/>
    </entry>
    <entry id="2" name="undefined:" type="undefined">
        <graphics name="2.3.1.54" fgcolor="#000000" bgcolor="#FFFFFF"
             type="rectangle" x="655" y="249" width="46" height="17"/>
    </entry>
    <entry id="3" name="undefined:" type="undefined">
        <graphics name="2.7.2.15" fgcolor="#000000" bgcolor="#FFFFFF"
             type="rectangle" x="801" y="138" width="46" height="17"/>
    </entry>
    <entry id="4" name="undefined:" type="undefined">
        <graphics name="4.2.1.79" fgcolor="#000000" bgcolor="#FFFFFF"
             type="rectangle" x="652" y="444" width="46" height="17"/>
    </entry>
    <entry id="5" name="undefined:" type="undefined">
        <graphics name="4.2.1.99" fgcolor="#000000" bgcolor="#FFFFFF"
             type="rectangle" x="604" y="478" width="46" height="17"/>
    </entry>
    <entry id="6" name="cpd:C04225" type="compound"
        link="http://www.genome.jp/dbget-bin/www_bget?compound+C04225">
        <graphics name="C04225" fgcolor="#000000" bgcolor="#FFFFFF"
             type="circle" x="651" y="480" width="8" height="8"/>
    </entry>
    <entry id="7" name="path:hsa00641" type="map"
        link="http://www.genome.jp/kegg/pathway/hsa/hsa00641.html">
        <graphics name="3-Chloroacrylic acid degradation" fgcolor="#000000" bgcolor="#FFFFFF"
             type="roundrectangle" x="170" y="129" width="119" height="34"/>
    </entry>
    <entry id="8" name="hsa:4329" type="gene" reaction="rn:R00935"
        link="http://www.genome.jp/dbget-bin/www_bget?hsa+4329">
        <graphics name="ALDH6A1, MMSDH" fgcolor="#000000" bgcolor="#BFFFBF"
             type="rectangle" x="941" y="414" width="46" height="17"/>
    </entry>
    <entry id="9" name="undefined:" type="undefined">
        <graphics name="1.2.1.18" fgcolor="#000000" bgcolor="#FFFFFF"
             type="rectangle" x="895" y="593" width="46" height="17"/>
    </entry>
    <entry id="10" name="undefined:" type="undefined">
        <graphics name="3.1.2.17" fgcolor="#000000" bgcolor="#FFFFFF"
             type="rectangle" x="895" y="541" width="46" height="17"/>
    </entry>
    <entry id="11" name="hsa:84693" type="gene" reaction="rn:R02765"
        link="http://www.genome.jp/dbget-bin/www_bget?hsa+84693">
        <graphics name="MCEE" fgcolor="#000000" bgcolor="#BFFFBF"
             type="rectangle" x="778" y="509" width="46" height="17"/>
    </entry>
    <entry id="12" name="hsa:5095 hsa:5096" type="gene" reaction="rn:R01859"
        link="http://www.genome.jp/dbget-bin/www_bget?hsa+5095+5096">
        <graphics name="PCCA..." fgcolor="#000000" bgcolor="#BFFFBF"
             type="rectangle" x="857" y="414" width="46" height="17"/>
    </entry>
    <entry id="13" name="undefined:" type="undefined">
        <graphics name="2.1.3.1" fgcolor="#000000" bgcolor="#FFFFFF"
             type="rectangle" x="755" y="444" width="46" height="17"/>
    </entry>
    <entry id="14" name="undefined:" type="undefined">
        <graphics name="4.1.1.41" fgcolor="#000000" bgcolor="#FFFFFF"
             type="rectangle" x="804" y="444" width="46" height="17"/>
    </entry>
    <entry id="15" name="undefined:" type="undefined">
        <graphics name="2.8.3.1" fgcolor="#000000" bgcolor="#FFFFFF"
             type="rectangle" x="816" y="249" width="46" height="17"/>
    </entry>
    <entry id="16" name="undefined:" type="undefined">
        <graphics name="6.2.1.17" fgcolor="#000000" bgcolor="#FFFFFF"
             type="rectangle" x="801" y="293" width="46" height="17"/>
    </entry>
    <entry id="17" name="undefined:" type="undefined">
        <graphics name="6.2.1.17" fgcolor="#000000" bgcolor="#FFFFFF"
             type="rectangle" x="801" y="207" width="46" height="17"/>
    </entry>
    <entry id="18" name="undefined:" type="undefined">
        <graphics name="6.2.1.13" fgcolor="#000000" bgcolor="#FFFFFF"
             type="rectangle" x="866" y="249" width="46" height="17"/>
    </entry>
    <entry id="19" name="hsa:55902 hsa:84532" type="gene" reaction="rn:R00926"
        link="http://www.genome.jp/dbget-bin/www_bget?hsa+55902+84532">
        <graphics name="ACSS2, ACAS2..." fgcolor="#000000" bgcolor="#BFFFBF"
             type="rectangle" x="751" y="293" width="46" height="17"/>
    </entry>
    <entry id="20" name="hsa:55902 hsa:84532" type="gene" reaction="rn:R01354"
        link="http://www.genome.jp/dbget-bin/www_bget?hsa+55902+84532">
        <graphics name="ACSS2, ACAS2..." fgcolor="#000000" bgcolor="#BFFFBF"
             type="rectangle" x="751" y="207" width="46" height="17"/>
    </entry>
    <entry id="21" name="undefined:" type="undefined">
        <graphics name="2.7.2.1" fgcolor="#000000" bgcolor="#FFFFFF"
             type="rectangle" x="751" y="138" width="46" height="17"/>
    </entry>
    <entry id="22" name="hsa:4594" type="gene" reaction="rn:R00833"
        link="http://www.genome.jp/dbget-bin/www_bget?hsa+4594">
        <graphics name="MUT" fgcolor="#000000" bgcolor="#BFFFBF"
             type="rectangle" x="718" y="540" width="46" height="17"/>
    </entry>
    <entry id="23" name="hsa:8803" type="gene" reaction="rn:R00405"
        link="http://www.genome.jp/dbget-bin/www_bget?hsa+8803">
        <graphics name="SUCLA2" fgcolor="#000000" bgcolor="#BFFFBF"
             type="rectangle" x="604" y="550" width="46" height="17"/>
    </entry>
    <entry id="24" name="hsa:283398 hsa:8801 hsa:8802" type="gene" reaction="rn:R00432"
        link="http://www.genome.jp/dbget-bin/www_bget?hsa+283398+8801+8802">
        <graphics name="LOC283398..." fgcolor="#000000" bgcolor="#BFFFBF"
             type="rectangle" x="604" y="529" width="46" height="17"/>
    </entry>
    <entry id="25" name="undefined:" type="undefined">
        <graphics name="4.1.3.30" fgcolor="#000000" bgcolor="#FFFFFF"
             type="rectangle" x="551" y="510" width="46" height="17"/>
    </entry>
    <entry id="26" name="undefined:" type="undefined">
        <graphics name="2.3.3.5" fgcolor="#000000" bgcolor="#FFFFFF"
             type="rectangle" x="718" y="414" width="46" height="17"/>
    </entry>
    <entry id="27" name="hsa:34" type="gene" reaction="rn:R04432"
        link="http://www.genome.jp/dbget-bin/www_bget?hsa+34">
        <graphics name="ACADM" fgcolor="#000000" bgcolor="#BFFFBF"
             type="rectangle" x="627" y="349" width="46" height="17"/>
    </entry>
    <entry id="28" name="undefined:" type="undefined">
        <graphics name="4.2.1.54" fgcolor="#000000" bgcolor="#FFFFFF"
             type="rectangle" x="550" y="293" width="46" height="17"/>
    </entry>
    <entry id="29" name="undefined:" type="undefined">
        <graphics name="2.8.3.1" fgcolor="#000000" bgcolor="#FFFFFF"
             type="rectangle" x="550" y="207" width="46" height="17"/>
    </entry>
    <entry id="30" name="undefined:" type="undefined">
        <graphics name="1.2.7.2" fgcolor="#000000" bgcolor="#FFFFFF"
             type="rectangle" x="732" y="165" width="46" height="17"/>
    </entry>
    <entry id="31" name="undefined:" type="undefined">
        <graphics name="1.2.7.1" fgcolor="#000000" bgcolor="#FFFFFF"
             type="rectangle" x="682" y="165" width="46" height="17"/>
    </entry>
    <entry id="32" name="hsa:26275" type="gene" reaction="rn:R03157 rn:R03158"
        link="http://www.genome.jp/dbget-bin/www_bget?hsa+26275">
        <graphics name="HIBCH" fgcolor="#000000" bgcolor="#BFFFBF"
             type="rectangle" x="417" y="349" width="46" height="17"/>
    </entry>
    <entry id="33" name="undefined:" type="undefined">
        <graphics name="2.6.1.18" fgcolor="#000000" bgcolor="#FFFFFF"
             type="rectangle" x="318" y="424" width="46" height="17"/>
    </entry>
    <entry id="34" name="hsa:18" type="gene" reaction="rn:R00908"
        link="http://www.genome.jp/dbget-bin/www_bget?hsa+18">
        <graphics name="ABAT" fgcolor="#000000" bgcolor="#BFFFBF"
             type="rectangle" x="318" y="403" width="46" height="17"/>
    </entry>
    <entry id="35" name="undefined:" type="undefined">
        <graphics name="1.1.1.59" fgcolor="#000000" bgcolor="#FFFFFF"
             type="rectangle" x="318" y="338" width="46" height="17"/>
    </entry>
    <entry id="36" name="undefined:" type="undefined">
        <graphics name="1.1.99.8" fgcolor="#000000" bgcolor="#FFFFFF"
             type="rectangle" x="267" y="574" width="46" height="17"/>
    </entry>
    <entry id="37" name="hsa:217 hsa:218 hsa:219 hsa:220 hsa:223 hsa:224 hsa:501" type="gene" reaction="rn:R02940"
        link="http://www.genome.jp/dbget-bin/www_bget?hsa+217+218+219+220+223+224+501">
        <graphics name="ALDH2..." fgcolor="#000000" bgcolor="#BFFFBF"
             type="rectangle" x="290" y="511" width="46" height="17"/>
    </entry>
    <entry id="38" name="undefined:" type="undefined">
        <graphics name="1.2.99.3" fgcolor="#000000" bgcolor="#FFFFFF"
             type="rectangle" x="240" y="511" width="46" height="17"/>
    </entry>
    <entry id="39" name="undefined:" type="undefined">
        <graphics name="4.2.1.27" fgcolor="#000000" bgcolor="#FFFFFF"
             type="rectangle" x="265" y="447" width="46" height="17"/>
    </entry>
    <entry id="40" name="undefined:" type="undefined">
        <graphics name="1.2.1.18" fgcolor="#000000" bgcolor="#FFFFFF"
             type="rectangle" x="212" y="293" width="46" height="17"/>
    </entry>
    <entry id="41" name="undefined:" type="undefined">
        <graphics name="1.1.1.80" fgcolor="#000000" bgcolor="#FFFFFF"
             type="rectangle" x="134" y="513" width="46" height="17"/>
    </entry>
    <entry id="42" name="undefined:" type="undefined">
        <graphics name="4.1.1.4" fgcolor="#000000" bgcolor="#FFFFFF"
             type="rectangle" x="134" y="445" width="46" height="17"/>
    </entry>
    <entry id="43" name="undefined:" type="undefined">
        <graphics name="2.8.3.8" fgcolor="#000000" bgcolor="#FFFFFF"
             type="rectangle" x="134" y="372" width="46" height="17"/>
    </entry>
    <entry id="44" name="hsa:38 hsa:39" type="gene" reaction="rn:R00238"
        link="http://www.genome.jp/dbget-bin/www_bget?hsa+38+39">
        <graphics name="ACAT1, ACAT..." fgcolor="#000000" bgcolor="#BFFFBF"
             type="rectangle" x="134" y="293" width="46" height="17"/>
    </entry>
    <entry id="45" name="undefined:" type="undefined">
        <graphics name="2.1.3.1" fgcolor="#000000" bgcolor="#FFFFFF"
             type="rectangle" x="295" y="270" width="46" height="17"/>
    </entry>
    <entry id="46" name="hsa:31 hsa:32" type="gene" reaction="rn:R00742"
        link="http://www.genome.jp/dbget-bin/www_bget?hsa+31+32">
        <graphics name="ACACA, ACAC, ACC..." fgcolor="#000000" bgcolor="#BFFFBF"
             type="rectangle" x="295" y="249" width="46" height="17"/>
    </entry>
    <entry id="47" name="undefined:" type="undefined">
        <graphics name="2.8.3.3" fgcolor="#000000" bgcolor="#FFFFFF"
             type="rectangle" x="295" y="229" width="46" height="17"/>
    </entry>
    <entry id="48" name="hsa:23417" type="gene" reaction="rn:R00233"
        link="http://www.genome.jp/dbget-bin/www_bget?hsa+23417">
        <graphics name="MLYCD" fgcolor="#000000" bgcolor="#BFFFBF"
             type="rectangle" x="295" y="208" width="46" height="17"/>
    </entry>
    <entry id="49" name="undefined:" type="undefined">
        <graphics name="3.5.99.7" fgcolor="#000000" bgcolor="#FFFFFF"
             type="rectangle" x="604" y="74" width="46" height="17"/>
    </entry>
    <entry id="50" name="hsa:160287 hsa:3939 hsa:3945 hsa:3948 hsa:92483" type="gene" reaction="rn:R01000"
        link="http://www.genome.jp/dbget-bin/www_bget?hsa+160287+3939+3945+3948+92483">
        <graphics name="LDHAL6A..." fgcolor="#000000" bgcolor="#BFFFBF"
             type="rectangle" x="604" y="101" width="46" height="17"/>
    </entry>
    <entry id="51" name="undefined:" type="undefined">
        <graphics name="4.3.1.6" fgcolor="#000000" bgcolor="#FFFFFF"
             type="rectangle" x="505" y="414" width="46" height="17"/>
    </entry>
    <entry id="52" name="path:hsa00620" type="map"
        link="http://www.genome.jp/kegg/pathway/hsa/hsa00620.html">
        <graphics name="Pyruvate metabolism" fgcolor="#000000" bgcolor="#FFFFFF"
             type="roundrectangle" x="214" y="169" width="70" height="34"/>
    </entry>
    <entry id="53" name="path:hsa00010" type="map"
        link="http://www.genome.jp/kegg/pathway/hsa/hsa00010.html">
        <graphics name="Glycolysis / Gluconeogenesis" fgcolor="#000000" bgcolor="#FFFFFF"
             type="roundrectangle" x="471" y="168" width="67" height="25"/>
    </entry>
    <entry id="54" name="path:hsa00020" type="map"
        link="http://www.genome.jp/kegg/pathway/hsa/hsa00020.html">
        <graphics name="Citrate cycle (TCA cycle)" fgcolor="#000000" bgcolor="#FFFFFF"
             type="roundrectangle" x="651" y="595" width="73" height="25"/>
    </entry>
    <entry id="55" name="path:hsa00280" type="map"
        link="http://www.genome.jp/kegg/pathway/hsa/hsa00280.html">
        <graphics name="Valine, leucine and isoleucine degradation" fgcolor="#000000" bgcolor="#FFFFFF"
             type="roundrectangle" x="1035" y="290" width="125" height="34"/>
    </entry>
    <entry id="56" name="path:map00660" type="map"
        link="http://www.genome.jp/kegg/pathway/map/map00660.html">
        <graphics name="C5-Branched dibasic acid metabolism" fgcolor="#000000" bgcolor="#FFFFFF"
             type="roundrectangle" x="1012" y="334" width="79" height="45"/>
    </entry>
    <entry id="57" name="path:hsa00640" type="map"
        link="http://www.genome.jp/dbget-bin/get_linkdb?pathway+hsa00640">
        <graphics name="TITLE:Propanoate metabolism" fgcolor="#000000" bgcolor="#FFFFFF"
             type="roundrectangle" x="165" y="67" width="211" height="25"/>
    </entry>
    <entry id="58" name="path:hsa00770" type="map"
        link="http://www.genome.jp/kegg/pathway/hsa/hsa00770.html">
        <graphics name="Pantothenate and CoA biosynthesis" fgcolor="#000000" bgcolor="#FFFFFF"
             type="roundrectangle" x="380" y="579" width="102" height="34"/>
    </entry>
    <entry id="59" name="path:hsa00410" type="map"
        link="http://www.genome.jp/kegg/pathway/hsa/hsa00410.html">
        <graphics name="beta-Alanine metabolism" fgcolor="#000000" bgcolor="#FFFFFF"
             type="roundrectangle" x="1034" y="256" width="123" height="25"/>
    </entry>
    <entry id="60" name="undefined:" type="undefined">
        <graphics name="1.2.1.18" fgcolor="#000000" bgcolor="#FFFFFF"
             type="rectangle" x="318" y="293" width="46" height="17"/>
    </entry>
    <entry id="61" name="hsa:1892 hsa:1962 hsa:3030" type="gene" reaction="rn:R03045"
        link="http://www.genome.jp/dbget-bin/www_bget?hsa+1892+1962+3030">
        <graphics name="ECHS1..." fgcolor="#000000" bgcolor="#BFFFBF"
             type="rectangle" x="505" y="338" width="46" height="17"/>
    </entry>
    <entry id="62" name="undefined:" type="undefined">
        <graphics name="6.2.1.-" fgcolor="#000000" bgcolor="#FFFFFF"
             type="rectangle" x="417" y="328" width="46" height="17"/>
    </entry>
    <entry id="63" name="undefined:" type="undefined">
        <graphics name="1.3.1.-" fgcolor="#000000" bgcolor="#FFFFFF"
             type="rectangle" x="627" y="328" width="46" height="17"/>
    </entry>
    <entry id="64" name="cpd:C02614" type="compound"
        link="http://www.genome.jp/dbget-bin/www_bget?compound+C02614">
        <graphics name="C02614" fgcolor="#000000" bgcolor="#FFFFFF"
             type="circle" x="556" y="128" width="8" height="8"/>
    </entry>
    <entry id="65" name="cpd:C00109" type="compound"
        link="http://www.genome.jp/dbget-bin/www_bget?compound+C00109">
        <graphics name="C00109" fgcolor="#000000" bgcolor="#FFFFFF"
             type="circle" x="651" y="103" width="8" height="8"/>
    </entry>
    <entry id="66" name="cpd:C02876" type="compound"
        link="http://www.genome.jp/dbget-bin/www_bget?compound+C02876">
        <graphics name="C02876" fgcolor="#000000" bgcolor="#FFFFFF"
             type="circle" x="776" y="100" width="8" height="8"/>
    </entry>
    <entry id="67" name="cpd:C00163" type="compound"
        link="http://www.genome.jp/dbget-bin/www_bget?compound+C00163">
        <graphics name="C00163" fgcolor="#000000" bgcolor="#FFFFFF"
             type="circle" x="776" y="169" width="8" height="8"/>
    </entry>
    <entry id="68" name="cpd:C01234" type="compound"
        link="http://www.genome.jp/dbget-bin/www_bget?compound+C01234">
        <graphics name="C01234" fgcolor="#000000" bgcolor="#FFFFFF"
             type="circle" x="556" y="75" width="8" height="8"/>
    </entry>
    <entry id="69" name="cpd:C00186" type="compound"
        link="http://www.genome.jp/dbget-bin/www_bget?compound+C00186">
        <graphics name="C00186" fgcolor="#000000" bgcolor="#FFFFFF"
             type="circle" x="550" y="169" width="8" height="8"/>
    </entry>
    <entry id="70" name="cpd:C00827" type="compound"
        link="http://www.genome.jp/dbget-bin/www_bget?compound+C00827">
        <graphics name="C00827" fgcolor="#000000" bgcolor="#FFFFFF"
             type="circle" x="550" y="240" width="8" height="8"/>
    </entry>
    <entry id="71" name="cpd:C00894" type="compound"
        link="http://www.genome.jp/dbget-bin/www_bget?compound+C00894">
        <graphics name="C00894" fgcolor="#000000" bgcolor="#FFFFFF"
             type="circle" x="550" y="339" width="8" height="8"/>
    </entry>
    <entry id="72" name="cpd:C00100" type="compound"
        link="http://www.genome.jp/dbget-bin/www_bget?compound+C00100">
        <graphics name="C00100" fgcolor="#000000" bgcolor="#FFFFFF"
             type="circle" x="776" y="336" width="8" height="8"/>
    </entry>
    <entry id="73" name="cpd:C00683" type="compound"
        link="http://www.genome.jp/dbget-bin/www_bget?compound+C00683">
        <graphics name="C00683" fgcolor="#000000" bgcolor="#FFFFFF"
             type="circle" x="779" y="480" width="8" height="8"/>
    </entry>
    <entry id="74" name="cpd:C00183" type="compound"
        link="http://www.genome.jp/dbget-bin/www_bget?compound+C00183">
        <graphics name="C00183" fgcolor="#000000" bgcolor="#FFFFFF"
             type="circle" x="1018" y="478" width="8" height="8"/>
    </entry>
    <entry id="75" name="cpd:C02170" type="compound"
        link="http://www.genome.jp/dbget-bin/www_bget?compound+C02170">
        <graphics name="C02170" fgcolor="#000000" bgcolor="#FFFFFF"
             type="circle" x="941" y="541" width="8" height="8"/>
    </entry>
    <entry id="76" name="cpd:C00091" type="compound"
        link="http://www.genome.jp/dbget-bin/www_bget?compound+C00091">
        <graphics name="C00091" fgcolor="#000000" bgcolor="#FFFFFF"
             type="circle" x="651" y="540" width="8" height="8"/>
    </entry>
    <entry id="77" name="cpd:C00042" type="compound"
        link="http://www.genome.jp/dbget-bin/www_bget?compound+C00042">
        <graphics name="C00042" fgcolor="#000000" bgcolor="#FFFFFF"
             type="circle" x="554" y="540" width="8" height="8"/>
    </entry>
    <entry id="78" name="cpd:C04593" type="compound"
        link="http://www.genome.jp/dbget-bin/www_bget?compound+C04593">
        <graphics name="C04593" fgcolor="#000000" bgcolor="#FFFFFF"
             type="circle" x="554" y="480" width="8" height="8"/>
    </entry>
    <entry id="79" name="cpd:C02225" type="compound"
        link="http://www.genome.jp/dbget-bin/www_bget?compound+C02225">
        <graphics name="C02225" fgcolor="#000000" bgcolor="#FFFFFF"
             type="circle" x="651" y="414" width="8" height="8"/>
    </entry>
    <entry id="80" name="cpd:C01845" type="compound"
        link="http://www.genome.jp/dbget-bin/www_bget?compound+C01845">
        <graphics name="C01845" fgcolor="#000000" bgcolor="#FFFFFF"
             type="circle" x="134" y="540" width="8" height="8"/>
    </entry>
    <entry id="81" name="cpd:C00207" type="compound"
        link="http://www.genome.jp/dbget-bin/www_bget?compound+C00207">
        <graphics name="C00207" fgcolor="#000000" bgcolor="#FFFFFF"
             type="circle" x="134" y="480" width="8" height="8"/>
    </entry>
    <entry id="82" name="cpd:C00164" type="compound"
        link="http://www.genome.jp/dbget-bin/www_bget?compound+C00164">
        <graphics name="C00164" fgcolor="#000000" bgcolor="#FFFFFF"
             type="circle" x="134" y="414" width="8" height="8"/>
    </entry>
    <entry id="83" name="cpd:C00332" type="compound"
        link="http://www.genome.jp/dbget-bin/www_bget?compound+C00332">
        <graphics name="C00332" fgcolor="#000000" bgcolor="#FFFFFF"
             type="circle" x="134" y="339" width="8" height="8"/>
    </entry>
    <entry id="84" name="cpd:C00222" type="compound"
        link="http://www.genome.jp/dbget-bin/www_bget?compound+C00222">
        <graphics name="C00222" fgcolor="#000000" bgcolor="#FFFFFF"
             type="circle" x="267" y="339" width="8" height="8"/>
    </entry>
    <entry id="85" name="cpd:C00804" type="compound"
        link="http://www.genome.jp/dbget-bin/www_bget?compound+C00804">
        <graphics name="C00804" fgcolor="#000000" bgcolor="#FFFFFF"
             type="circle" x="265" y="480" width="8" height="8"/>
    </entry>
    <entry id="86" name="cpd:C00024" type="compound"
        link="http://www.genome.jp/dbget-bin/www_bget?compound+C00024">
        <graphics name="C00024" fgcolor="#000000" bgcolor="#FFFFFF"
             type="circle" x="214" y="240" width="8" height="8"/>
    </entry>
    <entry id="87" name="cpd:C01013" type="compound"
        link="http://www.genome.jp/dbget-bin/www_bget?compound+C01013">
        <graphics name="C01013" fgcolor="#000000" bgcolor="#FFFFFF"
             type="circle" x="366" y="339" width="8" height="8"/>
    </entry>
    <entry id="88" name="cpd:C00099" type="compound"
        link="http://www.genome.jp/dbget-bin/www_bget?compound+C00099">
        <graphics name="C00099" fgcolor="#000000" bgcolor="#FFFFFF"
             type="circle" x="367" y="414" width="8" height="8"/>
    </entry>
    <entry id="89" name="cpd:C02335" type="compound"
        link="http://www.genome.jp/dbget-bin/www_bget?compound+C02335">
        <graphics name="C02335" fgcolor="#000000" bgcolor="#FFFFFF"
             type="circle" x="463" y="414" width="8" height="8"/>
    </entry>
    <entry id="90" name="cpd:C05668" type="compound"
        link="http://www.genome.jp/dbget-bin/www_bget?compound+C05668">
        <graphics name="C05668" fgcolor="#000000" bgcolor="#FFFFFF"
             type="circle" x="462" y="339" width="8" height="8"/>
    </entry>
    <entry id="91" name="cpd:C00083" type="compound"
        link="http://www.genome.jp/dbget-bin/www_bget?compound+C00083">
        <graphics name="C00083" fgcolor="#000000" bgcolor="#FFFFFF"
             type="circle" x="374" y="240" width="8" height="8"/>
    </entry>
    <entry id="92" name="cpd:C05984" type="compound"
        link="http://www.genome.jp/dbget-bin/www_bget?compound+C05984">
        <graphics name="C05984" fgcolor="#000000" bgcolor="#FFFFFF"
             type="circle" x="556" y="103" width="8" height="8"/>
    </entry>
    <entry id="93" name="cpd:C05989" type="compound"
        link="http://www.genome.jp/dbget-bin/www_bget?compound+C05989">
        <graphics name="C05989" fgcolor="#000000" bgcolor="#FFFFFF"
             type="circle" x="462" y="240" width="8" height="8"/>
    </entry>
    <entry id="94" name="cpd:C05985" type="compound"
        link="http://www.genome.jp/dbget-bin/www_bget?compound+C05985">
        <graphics name="C05985" fgcolor="#000000" bgcolor="#FFFFFF"
             type="circle" x="266" y="540" width="8" height="8"/>
    </entry>
    <entry id="95" name="cpd:C05986" type="compound"
        link="http://www.genome.jp/dbget-bin/www_bget?compound+C05986">
        <graphics name="C05986" fgcolor="#000000" bgcolor="#FFFFFF"
             type="circle" x="266" y="605" width="8" height="8"/>
    </entry>
    <entry id="96" name="cpd:C05983" type="compound"
        link="http://www.genome.jp/dbget-bin/www_bget?compound+C05983">
        <graphics name="C05983" fgcolor="#000000" bgcolor="#FFFFFF"
             type="circle" x="776" y="240" width="8" height="8"/>
    </entry>
    <entry id="97" name="cpd:C06002" type="compound"
        link="http://www.genome.jp/dbget-bin/www_bget?compound+C06002">
        <graphics name="C06002" fgcolor="#000000" bgcolor="#FFFFFF"
             type="circle" x="941" y="480" width="8" height="8"/>
    </entry>
    <entry id="98" name="cpd:C01213" type="compound"
        link="http://www.genome.jp/dbget-bin/www_bget?compound+C01213">
        <graphics name="C01213" fgcolor="#000000" bgcolor="#FFFFFF"
             type="circle" x="779" y="540" width="8" height="8"/>
    </entry>
    <relation entry1="22" entry2="24" type="ECrel">
        <subtype name="compound" value="76"/>
    </relation>
    <relation entry1="22" entry2="23" type="ECrel">
        <subtype name="compound" value="76"/>
    </relation>
    <relation entry1="11" entry2="22" type="ECrel">
        <subtype name="compound" value="98"/>
    </relation>
    <relation entry1="11" entry2="12" type="ECrel">
        <subtype name="compound" value="73"/>
    </relation>
    <relation entry1="19" entry2="27" type="ECrel">
        <subtype name="compound" value="72"/>
    </relation>
    <relation entry1="12" entry2="19" type="ECrel">
        <subtype name="compound" value="72"/>
    </relation>
    <relation entry1="8" entry2="19" type="ECrel">
        <subtype name="compound" value="72"/>
    </relation>
    <relation entry1="12" entry2="27" type="ECrel">
        <subtype name="compound" value="72"/>
    </relation>
    <relation entry1="8" entry2="27" type="ECrel">
        <subtype name="compound" value="72"/>
    </relation>
    <relation entry1="8" entry2="12" type="ECrel">
        <subtype name="compound" value="72"/>
    </relation>
    <relation entry1="27" entry2="61" type="ECrel">
        <subtype name="compound" value="71"/>
    </relation>
    <relation entry1="32" entry2="61" type="ECrel">
        <subtype name="compound" value="90"/>
    </relation>
    <relation entry1="44" entry2="48" type="ECrel">
        <subtype name="compound" value="86"/>
    </relation>
    <relation entry1="44" entry2="46" type="ECrel">
        <subtype name="compound" value="86"/>
    </relation>
    <relation entry1="48" entry2="7" type="maplink">
        <subtype name="compound" value="86"/>
    </relation>
    <relation entry1="46" entry2="7" type="maplink">
        <subtype name="compound" value="86"/>
    </relation>
    <relation entry1="44" entry2="7" type="maplink">
        <subtype name="compound" value="86"/>
    </relation>
    <relation entry1="48" entry2="52" type="maplink">
        <subtype name="compound" value="86"/>
    </relation>
    <relation entry1="46" entry2="52" type="maplink">
        <subtype name="compound" value="86"/>
    </relation>
    <relation entry1="44" entry2="52" type="maplink">
        <subtype name="compound" value="86"/>
    </relation>
    <relation entry1="34" entry2="58" type="maplink">
        <subtype name="compound" value="88"/>
    </relation>
    <relation entry1="24" entry2="54" type="maplink">
        <subtype name="compound" value="76"/>
    </relation>
    <relation entry1="23" entry2="54" type="maplink">
        <subtype name="compound" value="76"/>
    </relation>
    <relation entry1="22" entry2="54" type="maplink">
        <subtype name="compound" value="76"/>
    </relation>
    <relation entry1="27" entry2="56" type="maplink">
        <subtype name="compound" value="72"/>
    </relation>
    <relation entry1="27" entry2="55" type="maplink">
        <subtype name="compound" value="72"/>
    </relation>
    <relation entry1="27" entry2="59" type="maplink">
        <subtype name="compound" value="72"/>
    </relation>
    <relation entry1="19" entry2="56" type="maplink">
        <subtype name="compound" value="72"/>
    </relation>
    <relation entry1="19" entry2="55" type="maplink">
        <subtype name="compound" value="72"/>
    </relation>
    <relation entry1="19" entry2="59" type="maplink">
        <subtype name="compound" value="72"/>
    </relation>
    <relation entry1="12" entry2="56" type="maplink">
        <subtype name="compound" value="72"/>
    </relation>
    <relation entry1="12" entry2="55" type="maplink">
        <subtype name="compound" value="72"/>
    </relation>
    <relation entry1="12" entry2="59" type="maplink">
        <subtype name="compound" value="72"/>
    </relation>
    <relation entry1="8" entry2="56" type="maplink">
        <subtype name="compound" value="72"/>
    </relation>
    <relation entry1="8" entry2="55" type="maplink">
        <subtype name="compound" value="72"/>
    </relation>
    <relation entry1="8" entry2="59" type="maplink">
        <subtype name="compound" value="72"/>
    </relation>
    <reaction name="rn:R00935" type="irreversible">
        <substrate name="cpd:C06002"/>
        <product name="cpd:C00100"/>
    </reaction>
    <reaction name="rn:R02765" type="reversible">
        <substrate name="cpd:C00683"/>
        <product name="cpd:C01213"/>
    </reaction>
    <reaction name="rn:R01859" type="irreversible">
        <substrate name="cpd:C00100"/>
        <product name="cpd:C00683"/>
    </reaction>
    <reaction name="rn:R00926" type="reversible">
        <substrate name="cpd:C00100"/>
        <product name="cpd:C05983"/>
    </reaction>
    <reaction name="rn:R01354" type="reversible">
        <substrate name="cpd:C05983"/>
        <product name="cpd:C00163"/>
    </reaction>
    <reaction name="rn:R00833" type="reversible">
        <substrate name="cpd:C01213"/>
        <product name="cpd:C00091"/>
    </reaction>
    <reaction name="rn:R00405" type="reversible">
        <substrate name="cpd:C00042"/>
        <product name="cpd:C00091"/>
    </reaction>
    <reaction name="rn:R00432" type="reversible">
        <substrate name="cpd:C00042"/>
        <product name="cpd:C00091"/>
    </reaction>
    <reaction name="rn:R04432" type="reversible">
        <substrate name="cpd:C00100"/>
        <product name="cpd:C00894"/>
    </reaction>
    <reaction name="rn:R03157" type="reversible">
        <substrate name="cpd:C01013"/>
        <product name="cpd:C05668"/>
    </reaction>
    <reaction name="rn:R03158" type="reversible">
        <substrate name="cpd:C01013"/>
        <product name="cpd:C05668"/>
    </reaction>
    <reaction name="rn:R00908" type="reversible">
        <substrate name="cpd:C00099"/>
        <product name="cpd:C00222"/>
    </reaction>
    <reaction name="rn:R02940" type="irreversible">
        <substrate name="cpd:C05985"/>
        <product name="cpd:C00804"/>
    </reaction>
    <reaction name="rn:R00238" type="reversible">
        <substrate name="cpd:C00024"/>
        <product name="cpd:C00332"/>
    </reaction>
    <reaction name="rn:R00742" type="irreversible">
        <substrate name="cpd:C00024"/>
        <product name="cpd:C00083"/>
    </reaction>
    <reaction name="rn:R00233" type="irreversible">
        <substrate name="cpd:C00083"/>
        <product name="cpd:C00024"/>
    </reaction>
    <reaction name="rn:R01000" type="irreversible">
        <substrate name="cpd:C05984"/>
        <product name="cpd:C00109"/>
    </reaction>
    <reaction name="rn:R03045" type="reversible">
        <substrate name="cpd:C00894"/>
        <product name="cpd:C05668"/>
    </reaction>
</pathway>
