<?xml version="1.0"?>
<!DOCTYPE pathway SYSTEM "http://www.genome.jp/kegg/xml/KGML_v0.6.1_.dtd">
<!-- Creation date: Sep 17 2008 00:43:22 +0900 (JST) -->
<pathway name="path:hsa00830" org="hsa" number="00830"
         title="Retinol metabolism"
         image="http://www.genome.jp/kegg/pathway/hsa/hsa00830.gif"
         link="http://www.genome.jp/dbget-bin/show_pathway?hsa00830">
    <entry id="1" name="path:hsa00830" type="map"
        link="http://www.genome.jp/dbget-bin/get_linkdb?pathway+hsa00830">
        <graphics name="TITLE:Retinol metabolism" fgcolor="#000000" bgcolor="#FFFFFF"
             type="roundrectangle" x="195" y="67" width="271" height="25"/>
    </entry>
    <entry id="2" name="path:map00906" type="map"
        link="http://www.genome.jp/kegg/pathway/map/map00906.html">
        <graphics name="Carotenoid biosynthesis" fgcolor="#000000" bgcolor="#FFFFFF"
             type="roundrectangle" x="455" y="186" width="75" height="34"/>
    </entry>
    <entry id="3" name="hsa:124 hsa:125 hsa:126 hsa:127 hsa:128 hsa:130 hsa:131" type="gene" reaction="rn:R02124"
        link="http://www.genome.jp/dbget-bin/www_bget?hsa+124+125+126+127+128+130+131">
        <graphics name="ADH1A, ADH1..." fgcolor="#000000" bgcolor="#BFFFBF"
             type="rectangle" x="296" y="272" width="46" height="17"/>
    </entry>
    <entry id="4" name="cpd:C00473" type="compound"
        link="http://www.genome.jp/dbget-bin/www_bget?compound+C00473">
        <graphics name="C00473" fgcolor="#000000" bgcolor="#FFFFFF"
             type="circle" x="218" y="282" width="8" height="8"/>
    </entry>
    <entry id="6" name="cpd:C00376" type="compound"
        link="http://www.genome.jp/dbget-bin/www_bget?compound+C00376">
        <graphics name="C00376" fgcolor="#000000" bgcolor="#FFFFFF"
             type="circle" x="379" y="282" width="8" height="8"/>
    </entry>
    <entry id="7" name="hsa:216 hsa:8854" type="gene" reaction="rn:R02123"
        link="http://www.genome.jp/dbget-bin/www_bget?hsa+216+8854">
        <graphics name="ALDH1A1..." fgcolor="#000000" bgcolor="#BFFFBF"
             type="rectangle" x="493" y="287" width="46" height="17"/>
    </entry>
    <entry id="9" name="hsa:53630" type="gene" reaction="rn:R00032"
        link="http://www.genome.jp/dbget-bin/www_bget?hsa+53630">
        <graphics name="BCMO1, BCDO, BCDO1" fgcolor="#000000" bgcolor="#BFFFBF"
             type="rectangle" x="380" y="245" width="46" height="17"/>
    </entry>
    <entry id="10" name="cpd:C02094" type="compound"
        link="http://www.genome.jp/dbget-bin/www_bget?compound+C02094">
        <graphics name="C02094" fgcolor="#000000" bgcolor="#FFFFFF"
             type="circle" x="379" y="218" width="8" height="8"/>
    </entry>
    <entry id="12" name="cpd:C00777" type="compound"
        link="http://www.genome.jp/dbget-bin/www_bget?compound+C00777">
        <graphics name="C00777" fgcolor="#000000" bgcolor="#FFFFFF"
             type="circle" x="571" y="277" width="8" height="8"/>
    </entry>
    <entry id="14" name="cpd:C02075 cpd:C02588" type="compound"
        link="http://www.genome.jp/dbget-bin/www_bget?compound+C02075+C02588">
        <graphics name="C02075..." fgcolor="#000000" bgcolor="#FFFFFF"
             type="circle" x="218" y="409" width="8" height="8"/>
    </entry>
    <entry id="17" name="hsa:9227" type="gene" reaction="rn:R08387"
        link="http://www.genome.jp/dbget-bin/www_bget?hsa+9227">
        <graphics name="LRAT" fgcolor="#000000" bgcolor="#BFFFBF"
             type="rectangle" x="243" y="374" width="46" height="17"/>
    </entry>
    <entry id="18" name="cpd:C00899" type="compound"
        link="http://www.genome.jp/dbget-bin/www_bget?compound+C00899">
        <graphics name="C00899" fgcolor="#000000" bgcolor="#FFFFFF"
             type="circle" x="218" y="545" width="8" height="8"/>
    </entry>
    <entry id="19" name="cpd:C02110" type="compound"
        link="http://www.genome.jp/dbget-bin/www_bget?compound+C02110">
        <graphics name="C02110" fgcolor="#000000" bgcolor="#FFFFFF"
             type="circle" x="379" y="545" width="8" height="8"/>
    </entry>
    <entry id="21" name="hsa:51109 hsa:5959" type="gene" reaction="rn:R03048 rn:R08380"
        link="http://www.genome.jp/dbget-bin/www_bget?hsa+51109+5959">
        <graphics name="RDH11..." fgcolor="#000000" bgcolor="#BFFFBF"
             type="rectangle" x="296" y="545" width="46" height="17"/>
    </entry>
    <entry id="22" name="cpd:C16682" type="compound"
        link="http://www.genome.jp/dbget-bin/www_bget?compound+C16682">
        <graphics name="C16682" fgcolor="#000000" bgcolor="#FFFFFF"
             type="circle" x="218" y="138" width="8" height="8"/>
    </entry>
    <entry id="24" name="cpd:C16681" type="compound"
        link="http://www.genome.jp/dbget-bin/www_bget?compound+C16681">
        <graphics name="C16681" fgcolor="#000000" bgcolor="#FFFFFF"
             type="circle" x="380" y="138" width="8" height="8"/>
    </entry>
    <entry id="26" name="cpd:C15493" type="compound"
        link="http://www.genome.jp/dbget-bin/www_bget?compound+C15493">
        <graphics name="C15493" fgcolor="#000000" bgcolor="#FFFFFF"
             type="circle" x="571" y="138" width="8" height="8"/>
    </entry>
    <entry id="34" name="cpd:C15492" type="compound"
        link="http://www.genome.jp/dbget-bin/www_bget?compound+C15492">
        <graphics name="C15492" fgcolor="#000000" bgcolor="#FFFFFF"
             type="circle" x="120" y="218" width="8" height="8"/>
    </entry>
    <entry id="35" name="hsa:54884" type="gene" reaction="rn:R07163"
        link="http://www.genome.jp/dbget-bin/www_bget?hsa+54884">
        <graphics name="RETSAT" fgcolor="#000000" bgcolor="#BFFFBF"
             type="rectangle" x="170" y="218" width="46" height="17"/>
    </entry>
    <entry id="36" name="hsa:6121" type="gene" reaction="rn:R08388"
        link="http://www.genome.jp/dbget-bin/www_bget?hsa+6121">
        <graphics name="RPE65, RP20" fgcolor="#000000" bgcolor="#BFFFBF"
             type="rectangle" x="218" y="464" width="46" height="17"/>
    </entry>
    <entry id="37" name="hsa:145226 hsa:51109 hsa:5959" type="gene" reaction="rn:R08382 rn:R08383"
        link="http://www.genome.jp/dbget-bin/www_bget?hsa+145226+51109+5959">
        <graphics name="RDH12..." fgcolor="#000000" bgcolor="#BFFFBF"
             type="rectangle" x="296" y="148" width="46" height="17"/>
    </entry>
    <entry id="42" name="cpd:C00778" type="compound"
        link="http://www.genome.jp/dbget-bin/www_bget?compound+C00778">
        <graphics name="C00778" fgcolor="#000000" bgcolor="#FFFFFF"
             type="circle" x="441" y="497" width="8" height="8"/>
    </entry>
    <entry id="43" name="cpd:C05914" type="compound"
        link="http://www.genome.jp/dbget-bin/www_bget?compound+C05914">
        <graphics name="C05914" fgcolor="#000000" bgcolor="#FFFFFF"
             type="circle" x="441" y="454" width="8" height="8"/>
    </entry>
    <entry id="44" name="cpd:C05915" type="compound"
        link="http://www.genome.jp/dbget-bin/www_bget?compound+C05915">
        <graphics name="C05915" fgcolor="#000000" bgcolor="#FFFFFF"
             type="circle" x="441" y="409" width="8" height="8"/>
    </entry>
    <entry id="45" name="cpd:C05916" type="compound"
        link="http://www.genome.jp/dbget-bin/www_bget?compound+C05916">
        <graphics name="C05916" fgcolor="#000000" bgcolor="#FFFFFF"
             type="circle" x="441" y="364" width="8" height="8"/>
    </entry>
    <entry id="47" name="hsa:158835 hsa:727765 hsa:84649 hsa:8694" type="gene" reaction="rn:R08381"
        link="http://www.genome.jp/dbget-bin/www_bget?hsa+158835+727765+84649+8694">
        <graphics name="DGAT2L4..." fgcolor="#000000" bgcolor="#BFFFBF"
             type="rectangle" x="193" y="611" width="46" height="17"/>
    </entry>
    <entry id="49" name="cpd:C03455" type="compound"
        link="http://www.genome.jp/dbget-bin/www_bget?compound+C03455">
        <graphics name="C03455" fgcolor="#000000" bgcolor="#FFFFFF"
             type="circle" x="218" y="646" width="8" height="8"/>
    </entry>
    <entry id="50" name="hsa:9227" type="gene" reaction="rn:R08389"
        link="http://www.genome.jp/dbget-bin/www_bget?hsa+9227">
        <graphics name="LRAT" fgcolor="#000000" bgcolor="#BFFFBF"
             type="rectangle" x="243" y="611" width="46" height="17"/>
    </entry>
    <entry id="51" name="hsa:158835 hsa:727765 hsa:84649 hsa:8694" type="gene" reaction="rn:R02366 rn:R02367"
        link="http://www.genome.jp/dbget-bin/www_bget?hsa+158835+727765+84649+8694">
        <graphics name="DGAT2L4..." fgcolor="#000000" bgcolor="#BFFFBF"
             type="rectangle" x="193" y="374" width="46" height="17"/>
    </entry>
    <entry id="52" name="cpd:C05916" type="compound"
        link="http://www.genome.jp/dbget-bin/www_bget?compound+C05916">
        <graphics name="C05916" fgcolor="#000000" bgcolor="#FFFFFF"
             type="circle" x="441" y="321" width="8" height="8"/>
    </entry>
    <entry id="55" name="cpd:C05917" type="compound"
        link="http://www.genome.jp/dbget-bin/www_bget?compound+C05917">
        <graphics name="C05917" fgcolor="#000000" bgcolor="#FFFFFF"
             type="circle" x="410" y="409" width="8" height="8"/>
    </entry>
    <entry id="57" name="cpd:C11061" type="compound"
        link="http://www.genome.jp/dbget-bin/www_bget?compound+C11061">
        <graphics name="C11061" fgcolor="#000000" bgcolor="#FFFFFF"
             type="circle" x="718" y="545" width="8" height="8"/>
    </entry>
    <entry id="59" name="hsa:1592 hsa:340665 hsa:56603" type="gene" reaction="rn:R08392"
        link="http://www.genome.jp/dbget-bin/www_bget?hsa+1592+340665+56603">
        <graphics name="CYP26A1..." fgcolor="#000000" bgcolor="#BFFFBF"
             type="rectangle" x="614" y="266" width="46" height="17"/>
    </entry>
    <entry id="60" name="cpd:C16677" type="compound"
        link="http://www.genome.jp/dbget-bin/www_bget?compound+C16677">
        <graphics name="C16677" fgcolor="#000000" bgcolor="#FFFFFF"
             type="circle" x="719" y="277" width="8" height="8"/>
    </entry>
    <entry id="61" name="hsa:1551 hsa:1576 hsa:1577 hsa:64816" type="gene" reaction="rn:R08392"
        link="http://www.genome.jp/dbget-bin/www_bget?hsa+1551+1576+1577+64816">
        <graphics name="CYP3A7..." fgcolor="#000000" bgcolor="#BFFFBF"
             type="rectangle" x="662" y="287" width="46" height="17"/>
    </entry>
    <entry id="62" name="hsa:1543 hsa:1544" type="gene" reaction="rn:R08392"
        link="http://www.genome.jp/dbget-bin/www_bget?hsa+1543+1544">
        <graphics name="CYP1A1, CYP1..." fgcolor="#000000" bgcolor="#BFFFBF"
             type="rectangle" x="662" y="266" width="46" height="17"/>
    </entry>
    <entry id="64" name="cpd:C16678" type="compound"
        link="http://www.genome.jp/dbget-bin/www_bget?compound+C16678">
        <graphics name="C16678" fgcolor="#000000" bgcolor="#FFFFFF"
             type="circle" x="868" y="277" width="8" height="8"/>
    </entry>
    <entry id="67" name="cpd:C16683" type="compound"
        link="http://www.genome.jp/dbget-bin/www_bget?compound+C16683">
        <graphics name="C16683" fgcolor="#000000" bgcolor="#FFFFFF"
             type="circle" x="321" y="218" width="8" height="8"/>
    </entry>
    <entry id="69" name="hsa:1592 hsa:340665 hsa:56603" type="gene"
        link="http://www.genome.jp/dbget-bin/www_bget?hsa+1592+340665+56603">
        <graphics name="CYP26A1..." fgcolor="#000000" bgcolor="#BFFFBF"
             type="rectangle" x="776" y="266" width="46" height="17"/>
    </entry>
    <entry id="70" name="hsa:1592 hsa:340665 hsa:56603" type="gene"
        link="http://www.genome.jp/dbget-bin/www_bget?hsa+1592+340665+56603">
        <graphics name="CYP26A1..." fgcolor="#000000" bgcolor="#BFFFBF"
             type="rectangle" x="265" y="218" width="46" height="17"/>
    </entry>
    <entry id="71" name="hsa:145226 hsa:157506 hsa:50700 hsa:51109 hsa:8608" type="gene" reaction="rn:R02124 rn:R08379"
        link="http://www.genome.jp/dbget-bin/www_bget?hsa+145226+157506+50700+51109+8608">
        <graphics name="RDH12..." fgcolor="#000000" bgcolor="#BFFFBF"
             type="rectangle" x="272" y="293" width="46" height="17"/>
    </entry>
    <entry id="72" name="hsa:10170 hsa:10901 hsa:317749 hsa:9249" type="gene" reaction="rn:R02124 rn:R08379"
        link="http://www.genome.jp/dbget-bin/www_bget?hsa+10170+10901+317749+9249">
        <graphics name="DHRS9..." fgcolor="#000000" bgcolor="#BFFFBF"
             type="rectangle" x="320" y="293" width="46" height="17"/>
    </entry>
    <entry id="75" name="cpd:C16680" type="compound"
        link="http://www.genome.jp/dbget-bin/www_bget?compound+C16680">
        <graphics name="C16680" fgcolor="#000000" bgcolor="#FFFFFF"
             type="circle" x="719" y="454" width="8" height="8"/>
    </entry>
    <entry id="76" name="cpd:C16679" type="compound"
        link="http://www.genome.jp/dbget-bin/www_bget?compound+C16679">
        <graphics name="C16679" fgcolor="#000000" bgcolor="#FFFFFF"
             type="circle" x="718" y="364" width="8" height="8"/>
    </entry>
    <entry id="78" name="hsa:1592 hsa:340665 hsa:56603" type="gene" reaction="rn:R08390"
        link="http://www.genome.jp/dbget-bin/www_bget?hsa+1592+340665+56603">
        <graphics name="CYP26A1..." fgcolor="#000000" bgcolor="#BFFFBF"
             type="rectangle" x="637" y="334" width="46" height="17"/>
    </entry>
    <entry id="79" name="hsa:1548 hsa:1549 hsa:1553 hsa:1555" type="gene" reaction="rn:R08391"
        link="http://www.genome.jp/dbget-bin/www_bget?hsa+1548+1549+1553+1555">
        <graphics name="CYP2A6, CYP2A3..." fgcolor="#000000" bgcolor="#BFFFBF"
             type="rectangle" x="637" y="443" width="46" height="17"/>
    </entry>
    <entry id="80" name="hsa:1551 hsa:1576 hsa:1577 hsa:64816" type="gene" reaction="rn:R08391"
        link="http://www.genome.jp/dbget-bin/www_bget?hsa+1551+1576+1577+64816">
        <graphics name="CYP3A7..." fgcolor="#000000" bgcolor="#BFFFBF"
             type="rectangle" x="637" y="464" width="46" height="17"/>
    </entry>
    <entry id="81" name="hsa:1551 hsa:1576 hsa:1577 hsa:64816" type="gene" reaction="rn:R08390"
        link="http://www.genome.jp/dbget-bin/www_bget?hsa+1551+1576+1577+64816">
        <graphics name="CYP3A7..." fgcolor="#000000" bgcolor="#BFFFBF"
             type="rectangle" x="613" y="374" width="46" height="17"/>
    </entry>
    <entry id="82" name="hsa:1543" type="gene" reaction="rn:R08390"
        link="http://www.genome.jp/dbget-bin/www_bget?hsa+1543">
        <graphics name="CYP1A1, CYP1" fgcolor="#000000" bgcolor="#BFFFBF"
             type="rectangle" x="613" y="353" width="46" height="17"/>
    </entry>
    <entry id="83" name="hsa:1579 hsa:284541" type="gene" reaction="rn:R08390"
        link="http://www.genome.jp/dbget-bin/www_bget?hsa+1579+284541">
        <graphics name="CYP4A11, CYP4A2..." fgcolor="#000000" bgcolor="#BFFFBF"
             type="rectangle" x="661" y="374" width="46" height="17"/>
    </entry>
    <entry id="84" name="hsa:1548 hsa:1549 hsa:1553 hsa:1555 hsa:1557 hsa:1558 hsa:1559 hsa:1562" type="gene" reaction="rn:R08390"
        link="http://www.genome.jp/dbget-bin/www_bget?hsa+1548+1549+1553+1555+1557+1558+1559+1562">
        <graphics name="CYP2A6, CYP2A3..." fgcolor="#000000" bgcolor="#BFFFBF"
             type="rectangle" x="661" y="353" width="46" height="17"/>
    </entry>
    <entry id="85" name="hsa:1543 hsa:1544" type="gene"
        link="http://www.genome.jp/dbget-bin/www_bget?hsa+1543+1544">
        <graphics name="CYP1A1, CYP1..." fgcolor="#000000" bgcolor="#BFFFBF"
             type="rectangle" x="824" y="266" width="46" height="17"/>
    </entry>
    <entry id="86" name="hsa:1551 hsa:1576 hsa:1577 hsa:64816" type="gene"
        link="http://www.genome.jp/dbget-bin/www_bget?hsa+1551+1576+1577+64816">
        <graphics name="CYP3A7..." fgcolor="#000000" bgcolor="#BFFFBF"
             type="rectangle" x="824" y="287" width="46" height="17"/>
    </entry>
    <entry id="87" name="hsa:1548 hsa:1549 hsa:1553 hsa:1555 hsa:1557 hsa:1558 hsa:1559 hsa:1562" type="gene" reaction="rn:R08392"
        link="http://www.genome.jp/dbget-bin/www_bget?hsa+1548+1549+1553+1555+1557+1558+1559+1562">
        <graphics name="CYP2A6, CYP2A3..." fgcolor="#000000" bgcolor="#BFFFBF"
             type="rectangle" x="614" y="287" width="46" height="17"/>
    </entry>
    <entry id="88" name="hsa:1548 hsa:1549 hsa:1553 hsa:1555 hsa:1557 hsa:1558 hsa:1559 hsa:1562" type="gene"
        link="http://www.genome.jp/dbget-bin/www_bget?hsa+1548+1549+1553+1555+1557+1558+1559+1562">
        <graphics name="CYP2A6, CYP2A3..." fgcolor="#000000" bgcolor="#BFFFBF"
             type="rectangle" x="776" y="287" width="46" height="17"/>
    </entry>
    <entry id="90" name="hsa:10901 hsa:317749" type="gene" reaction="rn:R08383"
        link="http://www.genome.jp/dbget-bin/www_bget?hsa+10901+317749">
        <graphics name="DHRS4..." fgcolor="#000000" bgcolor="#BFFFBF"
             type="rectangle" x="296" y="127" width="46" height="17"/>
    </entry>
    <entry id="93" name="hsa:216 hsa:8854" type="gene" reaction="rn:R08385"
        link="http://www.genome.jp/dbget-bin/www_bget?hsa+216+8854">
        <graphics name="ALDH1A1..." fgcolor="#000000" bgcolor="#BFFFBF"
             type="rectangle" x="493" y="148" width="46" height="17"/>
    </entry>
    <entry id="94" name="hsa:10720 hsa:10941 hsa:54490 hsa:54575 hsa:54576 hsa:54577 hsa:54578 hsa:54579 hsa:54600 hsa:54657 hsa:54658 hsa:54659 hsa:7363 hsa:7364 hsa:7365 hsa:7366 hsa:7367 hsa:79799" type="gene" reaction="rn:R02902"
        link="http://www.genome.jp/dbget-bin/www_bget?hsa+10720+10941+54490+54575+54576+54577+54578+54579+54600+54657+54658+54659+7363+7364+7365+7366+7367+79799">
        <graphics name="UGT2B11..." fgcolor="#000000" bgcolor="#BFFFBF"
             type="rectangle" x="642" y="543" width="46" height="17"/>
    </entry>
    <entry id="95" name="hsa:8228" type="gene" reaction="rn:R02368"
        link="http://www.genome.jp/dbget-bin/www_bget?hsa+8228">
        <graphics name="PNPLA4" fgcolor="#000000" bgcolor="#BFFFBF"
             type="rectangle" x="158" y="334" width="46" height="17"/>
    </entry>
    <relation entry1="90" entry2="93" type="ECrel">
        <subtype name="compound" value="24"/>
    </relation>
    <relation entry1="37" entry2="93" type="ECrel">
        <subtype name="compound" value="24"/>
    </relation>
    <relation entry1="35" entry2="70" type="ECrel">
        <subtype name="compound" value="4"/>
    </relation>
    <relation entry1="35" entry2="3" type="ECrel">
        <subtype name="compound" value="4"/>
    </relation>
    <relation entry1="35" entry2="71" type="ECrel">
        <subtype name="compound" value="4"/>
    </relation>
    <relation entry1="35" entry2="72" type="ECrel">
        <subtype name="compound" value="4"/>
    </relation>
    <relation entry1="35" entry2="17" type="ECrel">
        <subtype name="compound" value="4"/>
    </relation>
    <relation entry1="35" entry2="51" type="ECrel">
        <subtype name="compound" value="4"/>
    </relation>
    <relation entry1="35" entry2="95" type="ECrel">
        <subtype name="compound" value="4"/>
    </relation>
    <relation entry1="70" entry2="3" type="ECrel">
        <subtype name="compound" value="4"/>
    </relation>
    <relation entry1="70" entry2="71" type="ECrel">
        <subtype name="compound" value="4"/>
    </relation>
    <relation entry1="70" entry2="72" type="ECrel">
        <subtype name="compound" value="4"/>
    </relation>
    <relation entry1="70" entry2="17" type="ECrel">
        <subtype name="compound" value="4"/>
    </relation>
    <relation entry1="70" entry2="51" type="ECrel">
        <subtype name="compound" value="4"/>
    </relation>
    <relation entry1="70" entry2="95" type="ECrel">
        <subtype name="compound" value="4"/>
    </relation>
    <relation entry1="3" entry2="17" type="ECrel">
        <subtype name="compound" value="4"/>
    </relation>
    <relation entry1="3" entry2="51" type="ECrel">
        <subtype name="compound" value="4"/>
    </relation>
    <relation entry1="3" entry2="95" type="ECrel">
        <subtype name="compound" value="4"/>
    </relation>
    <relation entry1="71" entry2="17" type="ECrel">
        <subtype name="compound" value="4"/>
    </relation>
    <relation entry1="71" entry2="51" type="ECrel">
        <subtype name="compound" value="4"/>
    </relation>
    <relation entry1="71" entry2="95" type="ECrel">
        <subtype name="compound" value="4"/>
    </relation>
    <relation entry1="72" entry2="17" type="ECrel">
        <subtype name="compound" value="4"/>
    </relation>
    <relation entry1="72" entry2="51" type="ECrel">
        <subtype name="compound" value="4"/>
    </relation>
    <relation entry1="72" entry2="95" type="ECrel">
        <subtype name="compound" value="4"/>
    </relation>
    <relation entry1="17" entry2="36" type="ECrel">
        <subtype name="compound" value="14"/>
    </relation>
    <relation entry1="51" entry2="36" type="ECrel">
        <subtype name="compound" value="14"/>
    </relation>
    <relation entry1="95" entry2="36" type="ECrel">
        <subtype name="compound" value="14"/>
    </relation>
    <relation entry1="36" entry2="47" type="ECrel">
        <subtype name="compound" value="18"/>
    </relation>
    <relation entry1="36" entry2="50" type="ECrel">
        <subtype name="compound" value="18"/>
    </relation>
    <relation entry1="36" entry2="21" type="ECrel">
        <subtype name="compound" value="18"/>
    </relation>
    <relation entry1="47" entry2="21" type="ECrel">
        <subtype name="compound" value="18"/>
    </relation>
    <relation entry1="50" entry2="21" type="ECrel">
        <subtype name="compound" value="18"/>
    </relation>
    <relation entry1="9" entry2="3" type="ECrel">
        <subtype name="compound" value="6"/>
    </relation>
    <relation entry1="9" entry2="71" type="ECrel">
        <subtype name="compound" value="6"/>
    </relation>
    <relation entry1="9" entry2="72" type="ECrel">
        <subtype name="compound" value="6"/>
    </relation>
    <relation entry1="9" entry2="7" type="ECrel">
        <subtype name="compound" value="6"/>
    </relation>
    <relation entry1="3" entry2="7" type="ECrel">
        <subtype name="compound" value="6"/>
    </relation>
    <relation entry1="71" entry2="7" type="ECrel">
        <subtype name="compound" value="6"/>
    </relation>
    <relation entry1="72" entry2="7" type="ECrel">
        <subtype name="compound" value="6"/>
    </relation>
    <relation entry1="7" entry2="59" type="ECrel">
        <subtype name="compound" value="12"/>
    </relation>
    <relation entry1="7" entry2="62" type="ECrel">
        <subtype name="compound" value="12"/>
    </relation>
    <relation entry1="7" entry2="61" type="ECrel">
        <subtype name="compound" value="12"/>
    </relation>
    <relation entry1="7" entry2="87" type="ECrel">
        <subtype name="compound" value="12"/>
    </relation>
    <relation entry1="7" entry2="78" type="ECrel">
        <subtype name="compound" value="12"/>
    </relation>
    <relation entry1="7" entry2="82" type="ECrel">
        <subtype name="compound" value="12"/>
    </relation>
    <relation entry1="7" entry2="84" type="ECrel">
        <subtype name="compound" value="12"/>
    </relation>
    <relation entry1="7" entry2="81" type="ECrel">
        <subtype name="compound" value="12"/>
    </relation>
    <relation entry1="7" entry2="83" type="ECrel">
        <subtype name="compound" value="12"/>
    </relation>
    <relation entry1="7" entry2="79" type="ECrel">
        <subtype name="compound" value="12"/>
    </relation>
    <relation entry1="7" entry2="80" type="ECrel">
        <subtype name="compound" value="12"/>
    </relation>
    <relation entry1="7" entry2="94" type="ECrel">
        <subtype name="compound" value="12"/>
    </relation>
    <relation entry1="59" entry2="82" type="ECrel">
        <subtype name="compound" value="12"/>
    </relation>
    <relation entry1="59" entry2="84" type="ECrel">
        <subtype name="compound" value="12"/>
    </relation>
    <relation entry1="59" entry2="81" type="ECrel">
        <subtype name="compound" value="12"/>
    </relation>
    <relation entry1="59" entry2="83" type="ECrel">
        <subtype name="compound" value="12"/>
    </relation>
    <relation entry1="59" entry2="79" type="ECrel">
        <subtype name="compound" value="12"/>
    </relation>
    <relation entry1="59" entry2="80" type="ECrel">
        <subtype name="compound" value="12"/>
    </relation>
    <relation entry1="59" entry2="94" type="ECrel">
        <subtype name="compound" value="12"/>
    </relation>
    <relation entry1="62" entry2="78" type="ECrel">
        <subtype name="compound" value="12"/>
    </relation>
    <relation entry1="62" entry2="84" type="ECrel">
        <subtype name="compound" value="12"/>
    </relation>
    <relation entry1="62" entry2="81" type="ECrel">
        <subtype name="compound" value="12"/>
    </relation>
    <relation entry1="62" entry2="83" type="ECrel">
        <subtype name="compound" value="12"/>
    </relation>
    <relation entry1="62" entry2="79" type="ECrel">
        <subtype name="compound" value="12"/>
    </relation>
    <relation entry1="62" entry2="80" type="ECrel">
        <subtype name="compound" value="12"/>
    </relation>
    <relation entry1="62" entry2="94" type="ECrel">
        <subtype name="compound" value="12"/>
    </relation>
    <relation entry1="61" entry2="78" type="ECrel">
        <subtype name="compound" value="12"/>
    </relation>
    <relation entry1="61" entry2="82" type="ECrel">
        <subtype name="compound" value="12"/>
    </relation>
    <relation entry1="61" entry2="84" type="ECrel">
        <subtype name="compound" value="12"/>
    </relation>
    <relation entry1="61" entry2="83" type="ECrel">
        <subtype name="compound" value="12"/>
    </relation>
    <relation entry1="61" entry2="79" type="ECrel">
        <subtype name="compound" value="12"/>
    </relation>
    <relation entry1="61" entry2="94" type="ECrel">
        <subtype name="compound" value="12"/>
    </relation>
    <relation entry1="87" entry2="78" type="ECrel">
        <subtype name="compound" value="12"/>
    </relation>
    <relation entry1="87" entry2="82" type="ECrel">
        <subtype name="compound" value="12"/>
    </relation>
    <relation entry1="87" entry2="81" type="ECrel">
        <subtype name="compound" value="12"/>
    </relation>
    <relation entry1="87" entry2="83" type="ECrel">
        <subtype name="compound" value="12"/>
    </relation>
    <relation entry1="87" entry2="80" type="ECrel">
        <subtype name="compound" value="12"/>
    </relation>
    <relation entry1="87" entry2="94" type="ECrel">
        <subtype name="compound" value="12"/>
    </relation>
    <relation entry1="78" entry2="79" type="ECrel">
        <subtype name="compound" value="12"/>
    </relation>
    <relation entry1="78" entry2="80" type="ECrel">
        <subtype name="compound" value="12"/>
    </relation>
    <relation entry1="78" entry2="94" type="ECrel">
        <subtype name="compound" value="12"/>
    </relation>
    <relation entry1="82" entry2="79" type="ECrel">
        <subtype name="compound" value="12"/>
    </relation>
    <relation entry1="82" entry2="80" type="ECrel">
        <subtype name="compound" value="12"/>
    </relation>
    <relation entry1="82" entry2="94" type="ECrel">
        <subtype name="compound" value="12"/>
    </relation>
    <relation entry1="84" entry2="80" type="ECrel">
        <subtype name="compound" value="12"/>
    </relation>
    <relation entry1="84" entry2="94" type="ECrel">
        <subtype name="compound" value="12"/>
    </relation>
    <relation entry1="81" entry2="79" type="ECrel">
        <subtype name="compound" value="12"/>
    </relation>
    <relation entry1="81" entry2="94" type="ECrel">
        <subtype name="compound" value="12"/>
    </relation>
    <relation entry1="83" entry2="79" type="ECrel">
        <subtype name="compound" value="12"/>
    </relation>
    <relation entry1="83" entry2="80" type="ECrel">
        <subtype name="compound" value="12"/>
    </relation>
    <relation entry1="83" entry2="94" type="ECrel">
        <subtype name="compound" value="12"/>
    </relation>
    <relation entry1="79" entry2="94" type="ECrel">
        <subtype name="compound" value="12"/>
    </relation>
    <relation entry1="80" entry2="94" type="ECrel">
        <subtype name="compound" value="12"/>
    </relation>
    <relation entry1="59" entry2="85" type="ECrel">
        <subtype name="compound" value="60"/>
    </relation>
    <relation entry1="59" entry2="88" type="ECrel">
        <subtype name="compound" value="60"/>
    </relation>
    <relation entry1="59" entry2="86" type="ECrel">
        <subtype name="compound" value="60"/>
    </relation>
    <relation entry1="62" entry2="69" type="ECrel">
        <subtype name="compound" value="60"/>
    </relation>
    <relation entry1="62" entry2="88" type="ECrel">
        <subtype name="compound" value="60"/>
    </relation>
    <relation entry1="62" entry2="86" type="ECrel">
        <subtype name="compound" value="60"/>
    </relation>
    <relation entry1="87" entry2="69" type="ECrel">
        <subtype name="compound" value="60"/>
    </relation>
    <relation entry1="87" entry2="85" type="ECrel">
        <subtype name="compound" value="60"/>
    </relation>
    <relation entry1="87" entry2="86" type="ECrel">
        <subtype name="compound" value="60"/>
    </relation>
    <relation entry1="61" entry2="69" type="ECrel">
        <subtype name="compound" value="60"/>
    </relation>
    <relation entry1="61" entry2="85" type="ECrel">
        <subtype name="compound" value="60"/>
    </relation>
    <relation entry1="61" entry2="88" type="ECrel">
        <subtype name="compound" value="60"/>
    </relation>
    <reaction name="rn:R02124" type="reversible">
        <substrate name="cpd:C00473"/>
        <product name="cpd:C00376"/>
    </reaction>
    <reaction name="rn:R02123" type="irreversible">
        <substrate name="cpd:C00376"/>
        <product name="cpd:C00777"/>
    </reaction>
    <reaction name="rn:R00032" type="irreversible">
        <substrate name="cpd:C02094"/>
        <product name="cpd:C00376"/>
    </reaction>
    <reaction name="rn:R08387" type="irreversible">
        <substrate name="cpd:C00473"/>
        <product name="cpd:C02075"/>
    </reaction>
    <reaction name="rn:R03048" type="reversible">
        <substrate name="cpd:C02110"/>
        <product name="cpd:C00899"/>
    </reaction>
    <reaction name="rn:R08380" type="reversible">
        <substrate name="cpd:C00899"/>
        <product name="cpd:C02110"/>
    </reaction>
    <reaction name="rn:R07163" type="irreversible">
        <substrate name="cpd:C00473"/>
        <product name="cpd:C15492"/>
    </reaction>
    <reaction name="rn:R08388" type="irreversible">
        <substrate name="cpd:C02075"/>
        <product name="cpd:C00899"/>
    </reaction>
    <reaction name="rn:R08382" type="irreversible">
        <substrate name="cpd:C16682"/>
        <product name="cpd:C16681"/>
    </reaction>
    <reaction name="rn:R08383" type="reversible">
        <substrate name="cpd:C16682"/>
        <product name="cpd:C16681"/>
    </reaction>
    <reaction name="rn:R08381" type="irreversible">
        <substrate name="cpd:C00899"/>
        <product name="cpd:C03455"/>
    </reaction>
    <reaction name="rn:R08389" type="irreversible">
        <substrate name="cpd:C00899"/>
        <product name="cpd:C03455"/>
    </reaction>
    <reaction name="rn:R02366" type="irreversible">
        <substrate name="cpd:C00473"/>
        <product name="cpd:C02075"/>
    </reaction>
    <reaction name="rn:R02367" type="irreversible">
        <substrate name="cpd:C00473"/>
        <product name="cpd:C02588"/>
    </reaction>
    <reaction name="rn:R08392" type="irreversible">
        <substrate name="cpd:C00777"/>
        <product name="cpd:C16677"/>
    </reaction>
    <reaction name="rn:R08379" type="reversible">
        <substrate name="cpd:C00473"/>
        <product name="cpd:C00376"/>
    </reaction>
    <reaction name="rn:R08390" type="irreversible">
        <substrate name="cpd:C00777"/>
        <product name="cpd:C16679"/>
    </reaction>
    <reaction name="rn:R08391" type="irreversible">
        <substrate name="cpd:C00777"/>
        <product name="cpd:C16680"/>
    </reaction>
    <reaction name="rn:R08385" type="irreversible">
        <substrate name="cpd:C16681"/>
        <product name="cpd:C15493"/>
    </reaction>
    <reaction name="rn:R02902" type="irreversible">
        <substrate name="cpd:C00777"/>
        <product name="cpd:C11061"/>
    </reaction>
    <reaction name="rn:R02368" type="irreversible">
        <substrate name="cpd:C02588"/>
        <product name="cpd:C00473"/>
    </reaction>
</pathway>
