<?xml version="1.0"?>
<!DOCTYPE pathway SYSTEM "http://www.genome.jp/kegg/xml/KGML_v0.6.1_.dtd">
<!-- Creation date: Oct 11 2008 00:36:10 +0900 (JST) -->
<pathway name="path:hsa00960" org="hsa" number="00960"
         title="Alkaloid biosynthesis II"
         image="http://www.genome.jp/kegg/pathway/hsa/hsa00960.gif"
         link="http://www.genome.jp/dbget-bin/show_pathway?hsa00960">
    <entry id="1" name="undefined:" type="undefined">
        <graphics name="4.3.1.24" fgcolor="#000000" bgcolor="#FFFFFF"
             type="rectangle" x="194" y="415" width="45" height="17"/>
    </entry>
    <entry id="2" name="path:map07015" type="map"
        link="http://www.genome.jp/kegg/pathway/map/map07015.html">
        <graphics name="Local analgesics" fgcolor="#000000" bgcolor="#FFFFFF"
             type="roundrectangle" x="168" y="548" width="92" height="26"/>
    </entry>
    <entry id="3" name="cpd:C01672" type="compound"
        link="http://www.genome.jp/dbget-bin/www_bget?compound+C01672">
        <graphics name="C01672" fgcolor="#000000" bgcolor="#FFFFFF"
             type="circle" x="636" y="145" width="8" height="8"/>
    </entry>
    <entry id="4" name="path:hsa00400" type="map"
        link="http://www.genome.jp/kegg/pathway/hsa/hsa00400.html">
        <graphics name="Phenylalanine, tyrosine and tryptophan biosynthesis" fgcolor="#000000" bgcolor="#FFFFFF"
             type="roundrectangle" x="219" y="323" width="144" height="34"/>
    </entry>
    <entry id="5" name="path:hsa00360" type="map"
        link="http://www.genome.jp/kegg/pathway/hsa/hsa00360.html">
        <graphics name="Phenylalanine metabolism" fgcolor="#000000" bgcolor="#FFFFFF"
             type="roundrectangle" x="146" y="380" width="78" height="34"/>
    </entry>
    <entry id="6" name="undefined:" type="undefined">
        <graphics name="4.3.1.25" fgcolor="#000000" bgcolor="#FFFFFF"
             type="rectangle" x="243" y="415" width="45" height="17"/>
    </entry>
    <entry id="7" name="undefined:" type="undefined">
        <graphics name="4.1.1.18" fgcolor="#000000" bgcolor="#FFFFFF"
             type="rectangle" x="636" y="109" width="45" height="17"/>
    </entry>
    <entry id="8" name="cpd:C10126" type="compound"
        link="http://www.genome.jp/dbget-bin/www_bget?compound+C10126">
        <graphics name="C10126" fgcolor="#000000" bgcolor="#FFFFFF"
             type="circle" x="477" y="437" width="8" height="8"/>
    </entry>
    <entry id="9" name="cpd:C12454" type="compound"
        link="http://www.genome.jp/dbget-bin/www_bget?compound+C12454">
        <graphics name="C12454" fgcolor="#000000" bgcolor="#FFFFFF"
             type="circle" x="563" y="437" width="8" height="8"/>
    </entry>
    <entry id="10" name="cpd:C06180" type="compound"
        link="http://www.genome.jp/dbget-bin/www_bget?compound+C06180">
        <graphics name="C06180" fgcolor="#000000" bgcolor="#FFFFFF"
             type="circle" x="563" y="362" width="8" height="8"/>
    </entry>
    <entry id="11" name="cpd:C06183" type="compound"
        link="http://www.genome.jp/dbget-bin/www_bget?compound+C06183">
        <graphics name="C06183" fgcolor="#000000" bgcolor="#FFFFFF"
             type="circle" x="636" y="437" width="8" height="8"/>
    </entry>
    <entry id="12" name="cpd:C06184" type="compound"
        link="http://www.genome.jp/dbget-bin/www_bget?compound+C06184">
        <graphics name="C06184" fgcolor="#000000" bgcolor="#FFFFFF"
             type="circle" x="715" y="362" width="8" height="8"/>
    </entry>
    <entry id="13" name="cpd:C06182" type="compound"
        link="http://www.genome.jp/dbget-bin/www_bget?compound+C06182">
        <graphics name="C06182" fgcolor="#000000" bgcolor="#FFFFFF"
             type="circle" x="636" y="362" width="8" height="8"/>
    </entry>
    <entry id="14" name="cpd:C06181" type="compound"
        link="http://www.genome.jp/dbget-bin/www_bget?compound+C06181">
        <graphics name="C06181" fgcolor="#000000" bgcolor="#FFFFFF"
             type="circle" x="636" y="290" width="8" height="8"/>
    </entry>
    <entry id="15" name="cpd:C00407" type="compound"
        link="http://www.genome.jp/dbget-bin/www_bget?compound+C00407">
        <graphics name="C00407" fgcolor="#000000" bgcolor="#FFFFFF"
             type="circle" x="82" y="190" width="8" height="8"/>
    </entry>
    <entry id="16" name="cpd:C06176" type="compound"
        link="http://www.genome.jp/dbget-bin/www_bget?compound+C06176">
        <graphics name="C06176" fgcolor="#000000" bgcolor="#FFFFFF"
             type="circle" x="47" y="145" width="8" height="8"/>
    </entry>
    <entry id="17" name="cpd:C06177" type="compound"
        link="http://www.genome.jp/dbget-bin/www_bget?compound+C06177">
        <graphics name="C06177" fgcolor="#000000" bgcolor="#FFFFFF"
             type="circle" x="126" y="145" width="8" height="8"/>
    </entry>
    <entry id="18" name="cpd:C12440" type="compound"
        link="http://www.genome.jp/dbget-bin/www_bget?compound+C12440">
        <graphics name="C12440" fgcolor="#000000" bgcolor="#FFFFFF"
             type="circle" x="203" y="145" width="8" height="8"/>
    </entry>
    <entry id="19" name="cpd:C00134" type="compound"
        link="http://www.genome.jp/dbget-bin/www_bget?compound+C00134">
        <graphics name="C00134" fgcolor="#000000" bgcolor="#FFFFFF"
             type="circle" x="363" y="144" width="8" height="8"/>
    </entry>
    <entry id="20" name="cpd:C06366" type="compound"
        link="http://www.genome.jp/dbget-bin/www_bget?compound+C06366">
        <graphics name="C06366" fgcolor="#000000" bgcolor="#FFFFFF"
             type="circle" x="282" y="145" width="8" height="8"/>
    </entry>
    <entry id="21" name="hsa:314 hsa:8639" type="gene" reaction="rn:R06740"
        link="http://www.genome.jp/dbget-bin/www_bget?hsa+314+8639">
        <graphics name="AOC2..." fgcolor="#000000" bgcolor="#BFFFBF"
             type="rectangle" x="636" y="178" width="45" height="17"/>
    </entry>
    <entry id="22" name="undefined:" type="undefined">
        <graphics name="2.1.1.53" fgcolor="#000000" bgcolor="#FFFFFF"
             type="rectangle" x="363" y="178" width="45" height="17"/>
    </entry>
    <entry id="23" name="undefined:" type="undefined">
        <graphics name="2.5.1.44" fgcolor="#000000" bgcolor="#FFFFFF"
             type="rectangle" x="327" y="144" width="45" height="17"/>
    </entry>
    <entry id="24" name="undefined:" type="undefined">
        <graphics name="1.14.11.14" fgcolor="#000000" bgcolor="#FFFFFF"
             type="rectangle" x="387" y="752" width="45" height="17"/>
    </entry>
    <entry id="25" name="hsa:1066 hsa:221223 hsa:3988" type="gene" reaction="rn:R06728"
        link="http://www.genome.jp/dbget-bin/www_bget?hsa+1066+221223+3988">
        <graphics name="CES1..." fgcolor="#000000" bgcolor="#BFFFBF"
             type="rectangle" x="89" y="530" width="45" height="17"/>
    </entry>
    <entry id="26" name="cpd:C03325" type="compound"
        link="http://www.genome.jp/dbget-bin/www_bget?compound+C03325">
        <graphics name="C03325" fgcolor="#000000" bgcolor="#FFFFFF"
             type="circle" x="363" y="720" width="8" height="8"/>
    </entry>
    <entry id="27" name="path:hsa00220" type="map"
        link="http://www.genome.jp/kegg/pathway/hsa/hsa00220.html">
        <graphics name="Urea cycle and metabolism of amino groups" fgcolor="#000000" bgcolor="#FFFFFF"
             type="roundrectangle" x="363" y="83" width="152" height="38"/>
    </entry>
    <entry id="28" name="hsa:114799 hsa:157570 hsa:23522 hsa:24142 hsa:253558 hsa:51126 hsa:7994 hsa:80339 hsa:8260" type="gene" reaction="rn:R06735"
        link="http://www.genome.jp/dbget-bin/www_bget?hsa+114799+157570+23522+24142+253558+51126+7994+80339+8260">
        <graphics name="ESCO1..." fgcolor="#000000" bgcolor="#BFFFBF"
             type="rectangle" x="400" y="571" width="45" height="17"/>
    </entry>
    <entry id="29" name="path:hsa00760" type="map"
        link="http://www.genome.jp/kegg/pathway/hsa/hsa00760.html">
        <graphics name="Nicotinate and nicotinamide metabolism" fgcolor="#000000" bgcolor="#FFFFFF"
             type="roundrectangle" x="477" y="178" width="144" height="34"/>
    </entry>
    <entry id="30" name="path:hsa00960" type="map"
        link="http://www.genome.jp/dbget-bin/get_linkdb?pathway+hsa00960">
        <graphics name="TITLE:Alkaloid biosynthesis II" fgcolor="#000000" bgcolor="#FFFFFF"
             type="roundrectangle" x="144" y="53" width="209" height="27"/>
    </entry>
    <entry id="31" name="hsa:314 hsa:8639" type="gene" reaction="rn:R04027"
        link="http://www.genome.jp/dbget-bin/www_bget?hsa+314+8639">
        <graphics name="AOC2..." fgcolor="#000000" bgcolor="#BFFFBF"
             type="rectangle" x="363" y="248" width="45" height="17"/>
    </entry>
    <entry id="32" name="undefined:" type="undefined">
        <graphics name="1.1.1.236" fgcolor="#000000" bgcolor="#FFFFFF"
             type="rectangle" x="518" y="530" width="45" height="17"/>
    </entry>
    <entry id="33" name="undefined:" type="undefined">
        <graphics name="6.2.1.-" fgcolor="#000000" bgcolor="#FFFFFF"
             type="rectangle" x="89" y="752" width="45" height="17"/>
    </entry>
    <entry id="34" name="hsa:13 hsa:51365 hsa:51400 hsa:80821 hsa:9588" type="gene" reaction="rn:R06729"
        link="http://www.genome.jp/dbget-bin/www_bget?hsa+13+51365+51400+80821+9588">
        <graphics name="AADAC..." fgcolor="#000000" bgcolor="#BFFFBF"
             type="rectangle" x="89" y="606" width="45" height="17"/>
    </entry>
    <entry id="35" name="undefined:" type="undefined">
        <graphics name="1.1.1.236" fgcolor="#000000" bgcolor="#FFFFFF"
             type="rectangle" x="338" y="530" width="45" height="17"/>
    </entry>
    <entry id="36" name="undefined:" type="undefined">
        <graphics name="1.14.11.11" fgcolor="#000000" bgcolor="#FFFFFF"
             type="rectangle" x="338" y="752" width="45" height="17"/>
    </entry>
    <entry id="37" name="hsa:114799 hsa:157570 hsa:23522 hsa:24142 hsa:253558 hsa:51126 hsa:7994 hsa:80339 hsa:8260" type="gene" reaction="rn:R06736"
        link="http://www.genome.jp/dbget-bin/www_bget?hsa+114799+157570+23522+24142+253558+51126+7994+80339+8260">
        <graphics name="ESCO1..." fgcolor="#000000" bgcolor="#BFFFBF"
             type="rectangle" x="554" y="571" width="45" height="17"/>
    </entry>
    <entry id="38" name="undefined:" type="undefined">
        <graphics name="1.1.1.206" fgcolor="#000000" bgcolor="#FFFFFF"
             type="rectangle" x="387" y="530" width="45" height="17"/>
    </entry>
    <entry id="39" name="path:hsa00300" type="map"
        link="http://www.genome.jp/kegg/pathway/hsa/hsa00300.html">
        <graphics name="Lysine biosynthesis" fgcolor="#000000" bgcolor="#FFFFFF"
             type="roundrectangle" x="516" y="76" width="107" height="25"/>
    </entry>
    <entry id="40" name="undefined:" type="undefined">
        <graphics name="1.14.11.11" fgcolor="#000000" bgcolor="#FFFFFF"
             type="rectangle" x="363" y="682" width="45" height="17"/>
    </entry>
    <entry id="41" name="path:hsa00780" type="map"
        link="http://www.genome.jp/kegg/pathway/hsa/hsa00780.html">
        <graphics name="Biotin metabolism" fgcolor="#000000" bgcolor="#FFFFFF"
             type="roundrectangle" x="516" y="105" width="107" height="25"/>
    </entry>
    <entry id="42" name="cpd:C06179" type="compound"
        link="http://www.genome.jp/dbget-bin/www_bget?compound+C06179">
        <graphics name="C06179" fgcolor="#000000" bgcolor="#FFFFFF"
             type="circle" x="363" y="402" width="8" height="8"/>
    </entry>
    <entry id="43" name="cpd:C12450" type="compound"
        link="http://www.genome.jp/dbget-bin/www_bget?compound+C12450">
        <graphics name="C12450" fgcolor="#000000" bgcolor="#FFFFFF"
             type="circle" x="89" y="793" width="8" height="8"/>
    </entry>
    <entry id="44" name="cpd:C00253" type="compound"
        link="http://www.genome.jp/dbget-bin/www_bget?compound+C00253">
        <graphics name="C00253" fgcolor="#000000" bgcolor="#FFFFFF"
             type="circle" x="477" y="252" width="8" height="8"/>
    </entry>
    <entry id="45" name="cpd:C12455" type="compound"
        link="http://www.genome.jp/dbget-bin/www_bget?compound+C12455">
        <graphics name="C12455" fgcolor="#000000" bgcolor="#FFFFFF"
             type="circle" x="636" y="218" width="8" height="8"/>
    </entry>
    <entry id="46" name="cpd:C10850" type="compound"
        link="http://www.genome.jp/dbget-bin/www_bget?compound+C10850">
        <graphics name="C10850" fgcolor="#000000" bgcolor="#FFFFFF"
             type="circle" x="518" y="647" width="8" height="8"/>
    </entry>
    <entry id="47" name="cpd:C06524" type="compound"
        link="http://www.genome.jp/dbget-bin/www_bget?compound+C06524">
        <graphics name="C06524" fgcolor="#000000" bgcolor="#FFFFFF"
             type="circle" x="394" y="437" width="8" height="8"/>
    </entry>
    <entry id="48" name="cpd:C00745" type="compound"
        link="http://www.genome.jp/dbget-bin/www_bget?compound+C00745">
        <graphics name="C00745" fgcolor="#000000" bgcolor="#FFFFFF"
             type="circle" x="394" y="363" width="8" height="8"/>
    </entry>
    <entry id="49" name="cpd:C12449" type="compound"
        link="http://www.genome.jp/dbget-bin/www_bget?compound+C12449">
        <graphics name="C12449" fgcolor="#000000" bgcolor="#FFFFFF"
             type="circle" x="89" y="721" width="8" height="8"/>
    </entry>
    <entry id="50" name="cpd:C02066" type="compound"
        link="http://www.genome.jp/dbget-bin/www_bget?compound+C02066">
        <graphics name="C02066" fgcolor="#000000" bgcolor="#FFFFFF"
             type="circle" x="518" y="571" width="8" height="8"/>
    </entry>
    <entry id="51" name="cpd:C12448" type="compound"
        link="http://www.genome.jp/dbget-bin/www_bget?compound+C12448">
        <graphics name="C12448" fgcolor="#000000" bgcolor="#FFFFFF"
             type="circle" x="89" y="572" width="8" height="8"/>
    </entry>
    <entry id="52" name="cpd:C10858" type="compound"
        link="http://www.genome.jp/dbget-bin/www_bget?compound+C10858">
        <graphics name="C10858" fgcolor="#000000" bgcolor="#FFFFFF"
             type="circle" x="89" y="647" width="8" height="8"/>
    </entry>
    <entry id="53" name="cpd:C06178" type="compound"
        link="http://www.genome.jp/dbget-bin/www_bget?compound+C06178">
        <graphics name="C06178" fgcolor="#000000" bgcolor="#FFFFFF"
             type="circle" x="363" y="290" width="8" height="8"/>
    </entry>
    <entry id="54" name="cpd:C00180" type="compound"
        link="http://www.genome.jp/dbget-bin/www_bget?compound+C00180">
        <graphics name="C00180" fgcolor="#000000" bgcolor="#FFFFFF"
             type="circle" x="47" y="326" width="8" height="8"/>
    </entry>
    <entry id="55" name="cpd:C00423" type="compound"
        link="http://www.genome.jp/dbget-bin/www_bget?compound+C00423">
        <graphics name="C00423" fgcolor="#000000" bgcolor="#FFFFFF"
             type="circle" x="219" y="455" width="8" height="8"/>
    </entry>
    <entry id="56" name="cpd:C01851" type="compound"
        link="http://www.genome.jp/dbget-bin/www_bget?compound+C01851">
        <graphics name="C01851" fgcolor="#000000" bgcolor="#FFFFFF"
             type="circle" x="363" y="793" width="8" height="8"/>
    </entry>
    <entry id="57" name="cpd:C01416" type="compound"
        link="http://www.genome.jp/dbget-bin/www_bget?compound+C01416">
        <graphics name="C01416" fgcolor="#000000" bgcolor="#FFFFFF"
             type="circle" x="89" y="498" width="8" height="8"/>
    </entry>
    <entry id="58" name="cpd:C00047" type="compound"
        link="http://www.genome.jp/dbget-bin/www_bget?compound+C00047">
        <graphics name="C00047" fgcolor="#000000" bgcolor="#FFFFFF"
             type="circle" x="636" y="76" width="8" height="8"/>
    </entry>
    <entry id="59" name="cpd:C01456" type="compound"
        link="http://www.genome.jp/dbget-bin/www_bget?compound+C01456">
        <graphics name="C01456" fgcolor="#000000" bgcolor="#FFFFFF"
             type="circle" x="219" y="596" width="8" height="8"/>
    </entry>
    <entry id="60" name="cpd:C12452" type="compound"
        link="http://www.genome.jp/dbget-bin/www_bget?compound+C12452">
        <graphics name="C12452" fgcolor="#000000" bgcolor="#FFFFFF"
             type="circle" x="445" y="571" width="8" height="8"/>
    </entry>
    <entry id="61" name="cpd:C01513" type="compound"
        link="http://www.genome.jp/dbget-bin/www_bget?compound+C01513">
        <graphics name="C01513" fgcolor="#000000" bgcolor="#FFFFFF"
             type="circle" x="794" y="290" width="8" height="8"/>
    </entry>
    <entry id="62" name="cpd:C02046" type="compound"
        link="http://www.genome.jp/dbget-bin/www_bget?compound+C02046">
        <graphics name="C02046" fgcolor="#000000" bgcolor="#FFFFFF"
             type="circle" x="363" y="647" width="8" height="8"/>
    </entry>
    <entry id="63" name="cpd:C12453" type="compound"
        link="http://www.genome.jp/dbget-bin/www_bget?compound+C12453">
        <graphics name="C12453" fgcolor="#000000" bgcolor="#FFFFFF"
             type="circle" x="600" y="571" width="8" height="8"/>
    </entry>
    <entry id="64" name="cpd:C00783" type="compound"
        link="http://www.genome.jp/dbget-bin/www_bget?compound+C00783">
        <graphics name="C00783" fgcolor="#000000" bgcolor="#FFFFFF"
             type="circle" x="363" y="498" width="8" height="8"/>
    </entry>
    <entry id="65" name="cpd:C00729" type="compound"
        link="http://www.genome.jp/dbget-bin/www_bget?compound+C00729">
        <graphics name="C00729" fgcolor="#000000" bgcolor="#FFFFFF"
             type="circle" x="363" y="571" width="8" height="8"/>
    </entry>
    <entry id="66" name="cpd:C00079" type="compound"
        link="http://www.genome.jp/dbget-bin/www_bget?compound+C00079">
        <graphics name="C00079" fgcolor="#000000" bgcolor="#FFFFFF"
             type="circle" x="219" y="379" width="8" height="8"/>
    </entry>
    <entry id="67" name="cpd:C00408" type="compound"
        link="http://www.genome.jp/dbget-bin/www_bget?compound+C00408">
        <graphics name="C00408" fgcolor="#000000" bgcolor="#FFFFFF"
             type="circle" x="715" y="76" width="8" height="8"/>
    </entry>
    <entry id="68" name="cpd:C06185" type="compound"
        link="http://www.genome.jp/dbget-bin/www_bget?compound+C06185">
        <graphics name="C06185" fgcolor="#000000" bgcolor="#FFFFFF"
             type="circle" x="794" y="76" width="8" height="8"/>
    </entry>
    <entry id="69" name="cpd:C02723" type="compound"
        link="http://www.genome.jp/dbget-bin/www_bget?compound+C02723">
        <graphics name="C02723" fgcolor="#000000" bgcolor="#FFFFFF"
             type="circle" x="363" y="218" width="8" height="8"/>
    </entry>
    <entry id="70" name="hsa:5053" type="gene" map="4"
        link="http://www.genome.jp/dbget-bin/show_pathway?hsa00400+hsa:5053"/>
    <entry id="74" name="hsa:6898" type="gene" map="4"
        link="http://www.genome.jp/dbget-bin/show_pathway?hsa00400+hsa:6898"/>
    <entry id="82" name="hsa:112483 hsa:6303" type="gene" map="27"
        link="http://www.genome.jp/dbget-bin/show_pathway?hsa00220+hsa:112483+hsa:6303"/>
    <entry id="83" name="hsa:6723" type="gene" map="27"
        link="http://www.genome.jp/dbget-bin/show_pathway?hsa00220+hsa:6723"/>
    <entry id="84" name="hsa:6723" type="gene" map="27"
        link="http://www.genome.jp/dbget-bin/show_pathway?hsa00220+hsa:6723"/>
    <entry id="88" name="hsa:79814" type="gene" map="27"
        link="http://www.genome.jp/dbget-bin/show_pathway?hsa00220+hsa:79814"/>
    <entry id="89" name="hsa:4953" type="gene" map="27"
        link="http://www.genome.jp/dbget-bin/show_pathway?hsa00220+hsa:4953"/>
    <entry id="91" name="hsa:686" type="gene" map="29"
        link="http://www.genome.jp/dbget-bin/show_pathway?hsa00760+hsa:686"/>
    <entry id="92" name="hsa:686" type="gene" map="29"
        link="http://www.genome.jp/dbget-bin/show_pathway?hsa00760+hsa:686"/>
    <entry id="96" name="hsa:10157" type="gene" map="39"
        link="http://www.genome.jp/dbget-bin/show_pathway?hsa00300+hsa:10157"/>
    <entry id="97" name="hsa:10157" type="gene" map="39"
        link="http://www.genome.jp/dbget-bin/show_pathway?hsa00300+hsa:10157"/>
    <entry id="100" name="hsa:3735" type="gene" map="39"
        link="http://www.genome.jp/dbget-bin/show_pathway?hsa00300+hsa:3735"/>
    <entry id="102" name="hsa:686" type="gene" map="41"
        link="http://www.genome.jp/dbget-bin/show_pathway?hsa00780+hsa:686"/>
    <relation entry1="25" entry2="34" type="ECrel">
        <subtype name="compound" value="51"/>
    </relation>
    <relation entry1="25" entry2="2" type="maplink">
        <subtype name="compound" value="57"/>
    </relation>
    <reaction name="rn:R06740" type="irreversible">
        <substrate name="cpd:C01672"/>
        <product name="cpd:C12455"/>
    </reaction>
    <reaction name="rn:R06728" type="irreversible">
        <substrate name="cpd:C01416"/>
        <product name="cpd:C12448"/>
    </reaction>
    <reaction name="rn:R06735" type="irreversible">
        <substrate name="cpd:C00729"/>
        <product name="cpd:C12452"/>
    </reaction>
    <reaction name="rn:R04027" type="irreversible">
        <substrate name="cpd:C02723"/>
        <product name="cpd:C06178"/>
    </reaction>
    <reaction name="rn:R06729" type="irreversible">
        <substrate name="cpd:C12448"/>
        <product name="cpd:C10858"/>
    </reaction>
    <reaction name="rn:R06736" type="irreversible">
        <substrate name="cpd:C02066"/>
        <product name="cpd:C12453"/>
    </reaction>
</pathway>
