<?xml version="1.0"?>
<!DOCTYPE pathway SYSTEM "http://www.genome.jp/kegg/xml/KGML_v0.6.1_.dtd">
<!-- Creation date: Jul 30 2008 19:30:24 +0900 (JST) -->
<pathway name="path:hsa04710" org="hsa" number="04710"
         title="Circadian rhythm"
         image="http://www.genome.jp/kegg/pathway/hsa/hsa04710.gif"
         link="http://www.genome.jp/dbget-bin/show_pathway?hsa04710">
    <entry id="1" name="hsa:79365 hsa:8553" type="gene"
        link="http://www.genome.jp/dbget-bin/www_bget?hsa+79365+8553">
        <graphics name="BHLHB3..." fgcolor="#000000" bgcolor="#BFFFBF"
             type="rectangle" x="253" y="193" width="45" height="17"/>
    </entry>
    <entry id="2" name="hsa:1407 hsa:1408" type="gene"
        link="http://www.genome.jp/dbget-bin/www_bget?hsa+1407+1408">
        <graphics name="CRY1, PHLL1..." fgcolor="#000000" bgcolor="#BFFFBF"
             type="rectangle" x="329" y="331" width="45" height="17"/>
    </entry>
    <entry id="3" name="hsa:1407 hsa:1408" type="gene"
        link="http://www.genome.jp/dbget-bin/www_bget?hsa+1407+1408">
        <graphics name="CRY1, PHLL1..." fgcolor="#000000" bgcolor="#BFFFBF"
             type="rectangle" x="212" y="331" width="45" height="17"/>
    </entry>
    <entry id="4" name="path:hsa04710" type="map"
        link="http://www.genome.jp/dbget-bin/get_linkdb?pathway+hsa04710">
        <graphics name="TITLE:Circadian rhythm" fgcolor="#000000" bgcolor="#FFFFFF"
             type="roundrectangle" x="103" y="43" width="122" height="26"/>
    </entry>
    <entry id="5" name="hsa:406" type="gene"
        link="http://www.genome.jp/dbget-bin/www_bget?hsa+406">
        <graphics name="ARNTL" fgcolor="#000000" bgcolor="#BFFFBF"
             type="rectangle" x="573" y="234" width="45" height="17"/>
    </entry>
    <entry id="6" name="hsa:4862 hsa:9575" type="gene"
        link="http://www.genome.jp/dbget-bin/www_bget?hsa+4862+9575">
        <graphics name="NPAS2..." fgcolor="#000000" bgcolor="#BFFFBF"
             type="rectangle" x="573" y="251" width="45" height="17"/>
    </entry>
    <entry id="7" name="hsa:1407 hsa:1408" type="gene"
        link="http://www.genome.jp/dbget-bin/www_bget?hsa+1407+1408">
        <graphics name="CRY1, PHLL1..." fgcolor="#000000" bgcolor="#BFFFBF"
             type="rectangle" x="340" y="260" width="45" height="17"/>
    </entry>
    <entry id="8" name="hsa:1407 hsa:1408" type="gene"
        link="http://www.genome.jp/dbget-bin/www_bget?hsa+1407+1408">
        <graphics name="CRY1, PHLL1..." fgcolor="#000000" bgcolor="#BFFFBF"
             type="rectangle" x="212" y="260" width="45" height="17"/>
    </entry>
    <entry id="9" name="hsa:1453 hsa:1454" type="gene"
        link="http://www.genome.jp/dbget-bin/www_bget?hsa+1453+1454">
        <graphics name="CSNK1D..." fgcolor="#000000" bgcolor="#BFFFBF"
             type="rectangle" x="340" y="226" width="45" height="17"/>
    </entry>
    <entry id="10" name="hsa:1453 hsa:1454" type="gene"
        link="http://www.genome.jp/dbget-bin/www_bget?hsa+1453+1454">
        <graphics name="CSNK1D..." fgcolor="#000000" bgcolor="#BFFFBF"
             type="rectangle" x="212" y="226" width="45" height="17"/>
    </entry>
    <entry id="11" name="hsa:9572" type="gene"
        link="http://www.genome.jp/dbget-bin/www_bget?hsa+9572">
        <graphics name="NR1D1" fgcolor="#000000" bgcolor="#BFFFBF"
             type="rectangle" x="670" y="299" width="45" height="17"/>
    </entry>
    <entry id="12" name="hsa:5187 hsa:8863 hsa:8864" type="gene"
        link="http://www.genome.jp/dbget-bin/www_bget?hsa+5187+8863+8864">
        <graphics name="PER1, PER..." fgcolor="#000000" bgcolor="#BFFFBF"
             type="rectangle" x="340" y="243" width="45" height="17"/>
    </entry>
    <entry id="13" name="hsa:5187 hsa:8863 hsa:8864" type="gene"
        link="http://www.genome.jp/dbget-bin/www_bget?hsa+5187+8863+8864">
        <graphics name="PER1, PER..." fgcolor="#000000" bgcolor="#BFFFBF"
             type="rectangle" x="212" y="243" width="45" height="17"/>
    </entry>
    <entry id="14" name="hsa:5187 hsa:8863 hsa:8864" type="gene"
        link="http://www.genome.jp/dbget-bin/www_bget?hsa+5187+8863+8864">
        <graphics name="PER1, PER..." fgcolor="#000000" bgcolor="#BFFFBF"
             type="rectangle" x="212" y="154" width="45" height="17"/>
    </entry>
    <entry id="15" name="hsa:1453 hsa:1454" type="gene"
        link="http://www.genome.jp/dbget-bin/www_bget?hsa+1453+1454">
        <graphics name="CSNK1D..." fgcolor="#000000" bgcolor="#BFFFBF"
             type="rectangle" x="212" y="100" width="45" height="17"/>
    </entry>
    <entry id="16" name="undefined" type="group">
        <graphics fgcolor="#000000" bgcolor="#FFFFFF"
             type="rectangle" x="212" y="243" width="65" height="71"/>
        <component id="8"/>
        <component id="10"/>
        <component id="13"/>
    </entry>
    <entry id="17" name="undefined" type="group">
        <graphics fgcolor="#000000" bgcolor="#FFFFFF"
             type="rectangle" x="340" y="243" width="65" height="71"/>
        <component id="7"/>
        <component id="9"/>
        <component id="12"/>
    </entry>
    <entry id="18" name="undefined" type="group">
        <graphics fgcolor="#000000" bgcolor="#FFFFFF"
             type="rectangle" x="573" y="243" width="65" height="54"/>
        <component id="5"/>
        <component id="6"/>
    </entry>
    <relation entry1="15" entry2="14" type="PPrel">
        <subtype name="phosphorylation" value="+p"/>
    </relation>
    <relation entry1="17" entry2="18" type="PPrel">
        <subtype name="inhibition" value="--|"/>
    </relation>
    <relation entry1="18" entry2="1" type="GErel">
        <subtype name="expression" value="-->"/>
    </relation>
    <relation entry1="18" entry2="2" type="GErel">
        <subtype name="expression" value="-->"/>
    </relation>
    <relation entry1="18" entry2="11" type="GErel">
        <subtype name="expression" value="-->"/>
    </relation>
    <relation entry1="11" entry2="5" type="GErel">
        <subtype name="repression" value="--|"/>
    </relation>
    <relation entry1="18" entry2="14" type="GErel">
        <subtype name="expression" value="-->"/>
    </relation>
    <relation entry1="16" entry2="17" type="PPrel">
        <subtype name="state" value="==>"/>
    </relation>
    <relation entry1="2" entry2="3" type="PPrel">
        <subtype name="state" value="==>"/>
    </relation>
    <relation entry1="14" entry2="13" type="PPrel">
        <subtype name="state" value="==>"/>
    </relation>
    <relation entry1="3" entry2="8" type="PPrel">
        <subtype name="state" value="==>"/>
    </relation>
</pathway>
