<?xml version="1.0"?>
<!DOCTYPE pathway SYSTEM "http://www.genome.jp/kegg/xml/KGML_v0.6.1_.dtd">
<!-- Creation date: Sep 06 2008 00:29:17 +0900 (JST) -->
<pathway name="path:hsa00641" org="hsa" number="00641"
         title="3-Chloroacrylic acid degradation"
         image="http://www.genome.jp/kegg/pathway/hsa/hsa00641.gif"
         link="http://www.genome.jp/dbget-bin/show_pathway?hsa00641">
    <entry id="1" name="cpd:C16348" type="compound"
        link="http://www.genome.jp/dbget-bin/www_bget?compound+C16348">
        <graphics name="C16348" fgcolor="#000000" bgcolor="#FFFFFF"
             type="circle" x="310" y="265" width="8" height="8"/>
    </entry>
    <entry id="2" name="hsa:124 hsa:125 hsa:126 hsa:127 hsa:128 hsa:130 hsa:131" type="gene" reaction="rn:R05234"
        link="http://www.genome.jp/dbget-bin/www_bget?hsa+124+125+126+127+128+130+131">
        <graphics name="ADH1A, ADH1..." fgcolor="#000000" bgcolor="#BFFFBF"
             type="rectangle" x="311" y="222" width="46" height="17"/>
    </entry>
    <entry id="3" name="hsa:124 hsa:125 hsa:126 hsa:127 hsa:128 hsa:130 hsa:131" type="gene" reaction="rn:R05233"
        link="http://www.genome.jp/dbget-bin/www_bget?hsa+124+125+126+127+128+130+131">
        <graphics name="ADH1A, ADH1..." fgcolor="#000000" bgcolor="#BFFFBF"
             type="rectangle" x="168" y="223" width="45" height="18"/>
    </entry>
    <entry id="4" name="path:hsa00620" type="map"
        link="http://www.genome.jp/kegg/pathway/hsa/hsa00620.html">
        <graphics name="Pyruvate metabolism" fgcolor="#000000" bgcolor="#FFFFFF"
             type="roundrectangle" x="244" y="532" width="136" height="25"/>
    </entry>
    <entry id="6" name="undefined:" type="undefined">
        <graphics name="4.1.1.-" fgcolor="#000000" bgcolor="#FFFFFF"
             type="rectangle" x="243" y="420" width="45" height="17"/>
    </entry>
    <entry id="7" name="path:hsa00641" type="map"
        link="http://www.genome.jp/dbget-bin/get_linkdb?pathway+hsa00641">
        <graphics name="TITLE:3-Chloroacrylic acid degradation" fgcolor="#000000" bgcolor="#FFFFFF"
             type="roundrectangle" x="246" y="63" width="302" height="24"/>
    </entry>
    <entry id="8" name="hsa:217 hsa:218 hsa:219 hsa:220 hsa:223 hsa:224 hsa:501" type="gene" reaction="rn:R05238"
        link="http://www.genome.jp/dbget-bin/www_bget?hsa+217+218+219+220+223+224+501">
        <graphics name="ALDH2..." fgcolor="#000000" bgcolor="#BFFFBF"
             type="rectangle" x="310" y="294" width="45" height="17"/>
    </entry>
    <entry id="9" name="undefined:" type="undefined">
        <graphics name="3.8.1.5" fgcolor="#000000" bgcolor="#FFFFFF"
             type="rectangle" x="311" y="161" width="46" height="17"/>
    </entry>
    <entry id="10" name="hsa:217 hsa:218 hsa:219 hsa:220 hsa:223 hsa:224 hsa:501" type="gene" reaction="rn:R05237"
        link="http://www.genome.jp/dbget-bin/www_bget?hsa+217+218+219+220+223+224+501">
        <graphics name="ALDH2..." fgcolor="#000000" bgcolor="#BFFFBF"
             type="rectangle" x="168" y="293" width="45" height="17"/>
    </entry>
    <entry id="12" name="undefined:" type="undefined">
        <graphics name="3.8.1.5" fgcolor="#000000" bgcolor="#FFFFFF"
             type="rectangle" x="168" y="161" width="45" height="17"/>
    </entry>
    <entry id="13" name="cpd:C06613" type="compound"
        link="http://www.genome.jp/dbget-bin/www_bget?compound+C06613">
        <graphics name="C06613" fgcolor="#000000" bgcolor="#FFFFFF"
             type="circle" x="169" y="263" width="8" height="8"/>
    </entry>
    <entry id="14" name="cpd:C06610" type="compound"
        link="http://www.genome.jp/dbget-bin/www_bget?compound+C06610">
        <graphics name="C06610" fgcolor="#000000" bgcolor="#FFFFFF"
             type="circle" x="310" y="139" width="8" height="8"/>
    </entry>
    <entry id="15" name="cpd:C06611" type="compound"
        link="http://www.genome.jp/dbget-bin/www_bget?compound+C06611">
        <graphics name="C06611" fgcolor="#000000" bgcolor="#FFFFFF"
             type="circle" x="169" y="195" width="8" height="8"/>
    </entry>
    <entry id="16" name="cpd:C06614" type="compound"
        link="http://www.genome.jp/dbget-bin/www_bget?compound+C06614">
        <graphics name="C06614" fgcolor="#000000" bgcolor="#FFFFFF"
             type="circle" x="169" y="331" width="8" height="8"/>
    </entry>
    <entry id="17" name="cpd:C00084" type="compound"
        link="http://www.genome.jp/dbget-bin/www_bget?compound+C00084">
        <graphics name="C00084" fgcolor="#000000" bgcolor="#FFFFFF"
             type="circle" x="243" y="459" width="8" height="8"/>
    </entry>
    <entry id="18" name="cpd:C00222" type="compound"
        link="http://www.genome.jp/dbget-bin/www_bget?compound+C00222">
        <graphics name="C00222" fgcolor="#000000" bgcolor="#FFFFFF"
             type="circle" x="243" y="387" width="8" height="8"/>
    </entry>
    <entry id="19" name="cpd:C06612" type="compound"
        link="http://www.genome.jp/dbget-bin/www_bget?compound+C06612">
        <graphics name="C06612" fgcolor="#000000" bgcolor="#FFFFFF"
             type="circle" x="310" y="194" width="8" height="8"/>
    </entry>
    <entry id="20" name="cpd:C06609" type="compound"
        link="http://www.genome.jp/dbget-bin/www_bget?compound+C06609">
        <graphics name="C06609" fgcolor="#000000" bgcolor="#FFFFFF"
             type="circle" x="169" y="139" width="8" height="8"/>
    </entry>
    <entry id="21" name="cpd:C06615" type="compound"
        link="http://www.genome.jp/dbget-bin/www_bget?compound+C06615">
        <graphics name="C06615" fgcolor="#000000" bgcolor="#FFFFFF"
             type="circle" x="310" y="331" width="8" height="8"/>
    </entry>
    <entry id="23" name="hsa:217 hsa:218 hsa:219 hsa:220 hsa:223 hsa:224 hsa:501" type="gene" map="4"
        link="http://www.genome.jp/dbget-bin/show_pathway?hsa00620+hsa:217+hsa:218+hsa:219+hsa:220+hsa:223+hsa:224+hsa:501"/>
    <relation entry1="3" entry2="10" type="ECrel">
        <subtype name="compound" value="13"/>
    </relation>
    <relation entry1="2" entry2="8" type="ECrel">
        <subtype name="compound" value="1"/>
    </relation>
    <reaction name="rn:R05234" type="irreversible">
        <substrate name="cpd:C06612"/>
        <product name="cpd:C16348"/>
    </reaction>
    <reaction name="rn:R05233" type="irreversible">
        <substrate name="cpd:C06611"/>
        <product name="cpd:C06613"/>
    </reaction>
    <reaction name="rn:R05238" type="irreversible">
        <substrate name="cpd:C16348"/>
        <product name="cpd:C06615"/>
    </reaction>
    <reaction name="rn:R05237" type="irreversible">
        <substrate name="cpd:C06613"/>
        <product name="cpd:C06614"/>
    </reaction>
</pathway>
