<?xml version="1.0"?>
<!DOCTYPE pathway SYSTEM "http://www.genome.jp/kegg/xml/KGML_v0.6.1_.dtd">
<!-- Creation date: Oct 23 2008 02:34:20 +0900 (JST) -->
<pathway name="path:hsa00500" org="hsa" number="00500"
         title="Starch and sucrose metabolism"
         image="http://www.genome.jp/kegg/pathway/hsa/hsa00500.gif"
         link="http://www.genome.jp/dbget-bin/show_pathway?hsa00500">
    <entry id="1" name="cpd:C00092" type="compound"
        link="http://www.genome.jp/dbget-bin/www_bget?compound+C00092">
        <graphics name="C00092" fgcolor="#000000" bgcolor="#FFFFFF"
             type="circle" x="1002" y="304" width="8" height="8"/>
    </entry>
    <entry id="2" name="hsa:2629 hsa:57733" type="gene" reaction="rn:R02887"
        link="http://www.genome.jp/dbget-bin/www_bget?hsa+2629+57733">
        <graphics name="GBA, GLUC..." fgcolor="#000000" bgcolor="#BFFFBF"
             type="rectangle" x="257" y="531" width="46" height="17"/>
    </entry>
    <entry id="3" name="hsa:2629 hsa:57733" type="gene" reaction="rn:R00026"
        link="http://www.genome.jp/dbget-bin/www_bget?hsa+2629+57733">
        <graphics name="GBA, GLUC..." fgcolor="#000000" bgcolor="#BFFFBF"
             type="rectangle" x="257" y="504" width="46" height="17"/>
    </entry>
    <entry id="4" name="hsa:3098 hsa:3099 hsa:3101" type="gene" reaction="rn:R03920"
        link="http://www.genome.jp/dbget-bin/www_bget?hsa+3098+3099+3101">
        <graphics name="HK1..." fgcolor="#000000" bgcolor="#BFFFBF"
             type="rectangle" x="116" y="488" width="46" height="17"/>
    </entry>
    <entry id="5" name="undefined:" type="undefined">
        <graphics name="3.2.1.122" fgcolor="#000000" bgcolor="#FFFFFF"
             type="rectangle" x="940" y="293" width="46" height="17"/>
    </entry>
    <entry id="6" name="path:hsa00500" type="map"
        link="http://www.genome.jp/dbget-bin/get_linkdb?pathway+hsa00500">
        <graphics name="TITLE:Starch and sucrose metabolism" fgcolor="#000000" bgcolor="#FFFFFF"
             type="roundrectangle" x="203" y="67" width="286" height="25"/>
    </entry>
    <entry id="7" name="undefined:" type="undefined">
        <graphics name="3.2.1.37" fgcolor="#000000" bgcolor="#FFFFFF"
             type="rectangle" x="330" y="179" width="46" height="17"/>
    </entry>
    <entry id="8" name="undefined:" type="undefined">
        <graphics name="3.2.1.26" fgcolor="#000000" bgcolor="#FFFFFF"
             type="rectangle" x="251" y="265" width="46" height="17"/>
    </entry>
    <entry id="9" name="undefined:" type="undefined">
        <graphics name="2.7.1.4" fgcolor="#000000" bgcolor="#FFFFFF"
             type="rectangle" x="166" y="488" width="46" height="17"/>
    </entry>
    <entry id="12" name="hsa:2548 hsa:2595 hsa:8972" type="gene" reaction="rn:R00802"
        link="http://www.genome.jp/dbget-bin/www_bget?hsa+2548+2595+8972">
        <graphics name="GAA..." fgcolor="#000000" bgcolor="#BFFFBF"
             type="rectangle" x="253" y="313" width="46" height="17"/>
    </entry>
    <entry id="13" name="undefined:" type="undefined">
        <graphics name="3.2.1.26" fgcolor="#000000" bgcolor="#FFFFFF"
             type="rectangle" x="253" y="332" width="46" height="17"/>
    </entry>
    <entry id="14" name="hsa:6476" type="gene" reaction="rn:R00802"
        link="http://www.genome.jp/dbget-bin/www_bget?hsa+6476">
        <graphics name="SI" fgcolor="#000000" bgcolor="#BFFFBF"
             type="rectangle" x="253" y="351" width="46" height="17"/>
    </entry>
    <entry id="15" name="hsa:2629 hsa:57733" type="gene" reaction="rn:R03527"
        link="http://www.genome.jp/dbget-bin/www_bget?hsa+2629+57733">
        <graphics name="GBA, GLUC..." fgcolor="#000000" bgcolor="#BFFFBF"
             type="rectangle" x="305" y="452" width="47" height="18"/>
    </entry>
    <entry id="16" name="undefined:" type="undefined">
        <graphics name="3.2.1.39" fgcolor="#000000" bgcolor="#FFFFFF"
             type="rectangle" x="364" y="407" width="46" height="17"/>
    </entry>
    <entry id="17" name="undefined:" type="undefined">
        <graphics name="3.2.1.4" fgcolor="#000000" bgcolor="#FFFFFF"
             type="rectangle" x="354" y="506" width="46" height="17"/>
    </entry>
    <entry id="19" name="undefined:" type="undefined">
        <graphics name="2.4.2.24" fgcolor="#000000" bgcolor="#FFFFFF"
             type="rectangle" x="442" y="179" width="46" height="17"/>
    </entry>
    <entry id="22" name="hsa:80146" type="gene" reaction="rn:R01384"
        link="http://www.genome.jp/dbget-bin/www_bget?hsa+80146">
        <graphics name="UXS1" fgcolor="#000000" bgcolor="#BFFFBF"
             type="rectangle" x="548" y="179" width="46" height="17"/>
    </entry>
    <entry id="23" name="undefined:" type="undefined">
        <graphics name="2.7.1.69" fgcolor="#000000" bgcolor="#FFFFFF"
             type="rectangle" x="326" y="223" width="46" height="17"/>
    </entry>
    <entry id="24" name="undefined:" type="undefined">
        <graphics name="2.4.1.13" fgcolor="#000000" bgcolor="#FFFFFF"
             type="rectangle" x="483" y="332" width="46" height="17"/>
    </entry>
    <entry id="26" name="undefined:" type="undefined">
        <graphics name="2.4.1.34" fgcolor="#000000" bgcolor="#FFFFFF"
             type="rectangle" x="488" y="407" width="46" height="17"/>
    </entry>
    <entry id="27" name="undefined:" type="undefined">
        <graphics name="2.4.1.12" fgcolor="#000000" bgcolor="#FFFFFF"
             type="rectangle" x="470" y="473" width="46" height="17"/>
    </entry>
    <entry id="28" name="undefined:" type="undefined">
        <graphics name="4.2.1.45" fgcolor="#000000" bgcolor="#FFFFFF"
             type="rectangle" x="455" y="575" width="46" height="17"/>
    </entry>
    <entry id="29" name="undefined:" type="undefined">
        <graphics name="2.4.1.14" fgcolor="#000000" bgcolor="#FFFFFF"
             type="rectangle" x="484" y="265" width="46" height="17"/>
    </entry>
    <entry id="30" name="hsa:5167 hsa:5169" type="gene" reaction="rn:R00287"
        link="http://www.genome.jp/dbget-bin/www_bget?hsa+5167+5169">
        <graphics name="ENPP1..." fgcolor="#000000" bgcolor="#BFFFBF"
             type="rectangle" x="550" y="491" width="46" height="17"/>
    </entry>
    <entry id="32" name="undefined:" type="undefined">
        <graphics name="2.7.7.33" fgcolor="#000000" bgcolor="#FFFFFF"
             type="rectangle" x="558" y="574" width="46" height="17"/>
    </entry>
    <entry id="33" name="undefined:" type="undefined">
        <graphics name="2.7.1.41" fgcolor="#000000" bgcolor="#FFFFFF"
             type="rectangle" x="461" y="613" width="46" height="17"/>
    </entry>
    <entry id="37" name="undefined:" type="undefined">
        <graphics name="5.1.3.6" fgcolor="#000000" bgcolor="#FFFFFF"
             type="rectangle" x="594" y="150" width="46" height="17"/>
    </entry>
    <entry id="38" name="hsa:7358" type="gene" reaction="rn:R00286"
        link="http://www.genome.jp/dbget-bin/www_bget?hsa+7358">
        <graphics name="UGDH" fgcolor="#000000" bgcolor="#BFFFBF"
             type="rectangle" x="595" y="257" width="46" height="17"/>
    </entry>
    <entry id="39" name="hsa:7360" type="gene" reaction="rn:R00289"
        link="http://www.genome.jp/dbget-bin/www_bget?hsa+7360">
        <graphics name="UGP2" fgcolor="#000000" bgcolor="#BFFFBF"
             type="rectangle" x="595" y="374" width="46" height="17"/>
    </entry>
    <entry id="40" name="undefined:" type="undefined">
        <graphics name="3.1.1.11" fgcolor="#000000" bgcolor="#FFFFFF"
             type="rectangle" x="642" y="66" width="46" height="17"/>
    </entry>
    <entry id="41" name="hsa:10720 hsa:10941 hsa:54490 hsa:54575 hsa:54576 hsa:54577 hsa:54578 hsa:54579 hsa:54600 hsa:54657 hsa:54658 hsa:54659 hsa:7363 hsa:7364 hsa:7365 hsa:7366 hsa:7367 hsa:79799" type="gene" reaction="rn:R01383"
        link="http://www.genome.jp/dbget-bin/www_bget?hsa+10720+10941+54490+54575+54576+54577+54578+54579+54600+54657+54658+54659+7363+7364+7365+7366+7367+79799">
        <graphics name="UGT2B11..." fgcolor="#000000" bgcolor="#BFFFBF"
             type="rectangle" x="647" y="179" width="46" height="17"/>
    </entry>
    <entry id="42" name="hsa:2990" type="gene" reaction="rn:R01478"
        link="http://www.genome.jp/dbget-bin/www_bget?hsa+2990">
        <graphics name="GUSB" fgcolor="#000000" bgcolor="#BFFFBF"
             type="rectangle" x="759" y="179" width="46" height="17"/>
    </entry>
    <entry id="43" name="undefined:" type="undefined">
        <graphics name="2.4.1.15" fgcolor="#000000" bgcolor="#FFFFFF"
             type="rectangle" x="739" y="304" width="46" height="17"/>
    </entry>
    <entry id="44" name="hsa:2997 hsa:2998" type="gene" reaction="rn:R00292"
        link="http://www.genome.jp/dbget-bin/www_bget?hsa+2997+2998">
        <graphics name="GYS1, GYS..." fgcolor="#000000" bgcolor="#BFFFBF"
             type="rectangle" x="693" y="332" width="46" height="17"/>
    </entry>
    <entry id="45" name="undefined:" type="undefined">
        <graphics name="2.7.7.27" fgcolor="#000000" bgcolor="#FFFFFF"
             type="rectangle" x="639" y="457" width="46" height="17"/>
    </entry>
    <entry id="46" name="hsa:5236 hsa:5238" type="gene" reaction="rn:R00959"
        link="http://www.genome.jp/dbget-bin/www_bget?hsa+5236+5238">
        <graphics name="PGM1..." fgcolor="#000000" bgcolor="#BFFFBF"
             type="rectangle" x="606" y="649" width="46" height="17"/>
    </entry>
    <entry id="47" name="path:hsa00010" type="map"
        link="http://www.genome.jp/kegg/pathway/hsa/hsa00010.html">
        <graphics name="Glycolysis / Gluconeogenesis" fgcolor="#000000" bgcolor="#FFFFFF"
             type="roundrectangle" x="792" y="692" width="100" height="34"/>
    </entry>
    <entry id="48" name="hsa:2538 hsa:57818" type="gene" reaction="rn:R01788"
        link="http://www.genome.jp/dbget-bin/www_bget?hsa+2538+57818">
        <graphics name="G6PC, G6PT..." fgcolor="#000000" bgcolor="#BFFFBF"
             type="rectangle" x="465" y="680" width="46" height="17"/>
    </entry>
    <entry id="49" name="hsa:3098 hsa:3099 hsa:3101" type="gene" reaction="rn:R01786"
        link="http://www.genome.jp/dbget-bin/www_bget?hsa+3098+3099+3101">
        <graphics name="HK1..." fgcolor="#000000" bgcolor="#BFFFBF"
             type="rectangle" x="465" y="703" width="46" height="17"/>
    </entry>
    <entry id="50" name="hsa:2645" type="gene" reaction="rn:R01786"
        link="http://www.genome.jp/dbget-bin/www_bget?hsa+2645">
        <graphics name="GCK, MODY2" fgcolor="#000000" bgcolor="#BFFFBF"
             type="rectangle" x="465" y="724" width="46" height="17"/>
    </entry>
    <entry id="51" name="hsa:2821" type="gene" reaction="rn:R02740"
        link="http://www.genome.jp/dbget-bin/www_bget?hsa+2821">
        <graphics name="GPI" fgcolor="#000000" bgcolor="#BFFFBF"
             type="rectangle" x="608" y="726" width="46" height="17"/>
    </entry>
    <entry id="52" name="hsa:178" type="gene" reaction="rn:R02109"
        link="http://www.genome.jp/dbget-bin/www_bget?hsa+178">
        <graphics name="AGL" fgcolor="#000000" bgcolor="#BFFFBF"
             type="rectangle" x="815" y="622" width="46" height="17"/>
    </entry>
    <entry id="53" name="hsa:2632" type="gene" reaction="rn:R02110"
        link="http://www.genome.jp/dbget-bin/www_bget?hsa+2632">
        <graphics name="GBE1" fgcolor="#000000" bgcolor="#BFFFBF"
             type="rectangle" x="815" y="593" width="46" height="17"/>
    </entry>
    <entry id="54" name="undefined:" type="undefined">
        <graphics name="3.1.3.12" fgcolor="#000000" bgcolor="#FFFFFF"
             type="rectangle" x="883" y="260" width="46" height="17"/>
    </entry>
    <entry id="55" name="undefined:" type="undefined">
        <graphics name="3.2.1.54" fgcolor="#000000" bgcolor="#FFFFFF"
             type="rectangle" x="899" y="449" width="46" height="17"/>
    </entry>
    <entry id="56" name="hsa:11181" type="gene" reaction="rn:R00010"
        link="http://www.genome.jp/dbget-bin/www_bget?hsa+11181">
        <graphics name="TREH" fgcolor="#000000" bgcolor="#BFFFBF"
             type="rectangle" x="988" y="185" width="46" height="17"/>
    </entry>
    <entry id="57" name="undefined:" type="undefined">
        <graphics name="2.4.1.64" fgcolor="#000000" bgcolor="#FFFFFF"
             type="rectangle" x="988" y="216" width="46" height="17"/>
    </entry>
    <entry id="58" name="undefined:" type="undefined">
        <graphics name="3.2.1.93" fgcolor="#000000" bgcolor="#FFFFFF"
             type="rectangle" x="940" y="314" width="46" height="17"/>
    </entry>
    <entry id="59" name="undefined:" type="undefined">
        <graphics name="5.4.2.6" fgcolor="#000000" bgcolor="#FFFFFF"
             type="rectangle" x="988" y="253" width="46" height="17"/>
    </entry>
    <entry id="60" name="undefined:" type="undefined">
        <graphics name="3.2.1.122" fgcolor="#000000" bgcolor="#FFFFFF"
             type="rectangle" x="1003" y="336" width="46" height="17"/>
    </entry>
    <entry id="61" name="undefined:" type="undefined">
        <graphics name="2.4.1.8" fgcolor="#000000" bgcolor="#FFFFFF"
             type="rectangle" x="1077" y="336" width="46" height="17"/>
    </entry>
    <entry id="62" name="undefined:" type="undefined">
        <graphics name="3.2.1.2" fgcolor="#000000" bgcolor="#FFFFFF"
             type="rectangle" x="942" y="507" width="46" height="17"/>
    </entry>
    <entry id="63" name="hsa:276 hsa:277 hsa:278 hsa:279 hsa:280 hsa:84569" type="gene" reaction="rn:R02108"
        link="http://www.genome.jp/dbget-bin/www_bget?hsa+276+277+278+279+280+84569">
        <graphics name="AMY1A, AMY1..." fgcolor="#000000" bgcolor="#BFFFBF"
             type="rectangle" x="942" y="535" width="46" height="17"/>
    </entry>
    <entry id="64" name="hsa:8972" type="gene" reaction="rn:R01790"
        link="http://www.genome.jp/dbget-bin/www_bget?hsa+8972">
        <graphics name="MGAM" fgcolor="#000000" bgcolor="#BFFFBF"
             type="rectangle" x="943" y="593" width="46" height="17"/>
    </entry>
    <entry id="65" name="hsa:2548 hsa:2595 hsa:8972" type="gene" reaction="rn:R00028"
        link="http://www.genome.jp/dbget-bin/www_bget?hsa+2548+2595+8972">
        <graphics name="GAA..." fgcolor="#000000" bgcolor="#BFFFBF"
             type="rectangle" x="1105" y="542" width="46" height="17"/>
    </entry>
    <entry id="66" name="path:hsa00053" type="map"
        link="http://www.genome.jp/kegg/pathway/hsa/hsa00053.html">
        <graphics name="Ascorbate and aldarate metabolism" fgcolor="#000000" bgcolor="#FFFFFF"
             type="roundrectangle" x="823" y="121" width="134" height="25"/>
    </entry>
    <entry id="67" name="path:hsa00040" type="map"
        link="http://www.genome.jp/kegg/pathway/hsa/hsa00040.html">
        <graphics name="Pentose and glucuronate interconversions" fgcolor="#000000" bgcolor="#FFFFFF"
             type="roundrectangle" x="137" y="178" width="135" height="34"/>
    </entry>
    <entry id="68" name="path:hsa00830" type="map"
        link="http://www.genome.jp/kegg/pathway/hsa/hsa00830.html">
        <graphics name="Retinol metabolism" fgcolor="#000000" bgcolor="#FFFFFF"
             type="roundrectangle" x="709" y="240" width="75" height="34"/>
    </entry>
    <entry id="69" name="undefined:" type="undefined">
        <graphics name="3.2.1.67" fgcolor="#000000" bgcolor="#FFFFFF"
             type="rectangle" x="721" y="89" width="46" height="17"/>
    </entry>
    <entry id="70" name="undefined:" type="undefined">
        <graphics name="3.2.1.15" fgcolor="#000000" bgcolor="#FFFFFF"
             type="rectangle" x="671" y="89" width="46" height="17"/>
    </entry>
    <entry id="71" name="hsa:5834 hsa:5836 hsa:5837" type="gene" reaction="rn:R02111"
        link="http://www.genome.jp/dbget-bin/www_bget?hsa+5834+5836+5837">
        <graphics name="PYGB..." fgcolor="#000000" bgcolor="#BFFFBF"
             type="rectangle" x="829" y="511" width="46" height="17"/>
    </entry>
    <entry id="72" name="hsa:178" type="gene" reaction="rn:R05196"
        link="http://www.genome.jp/dbget-bin/www_bget?hsa+178">
        <graphics name="AGL" fgcolor="#000000" bgcolor="#BFFFBF"
             type="rectangle" x="1055" y="542" width="46" height="17"/>
    </entry>
    <entry id="73" name="undefined:" type="undefined">
        <graphics name="2.4.1.4" fgcolor="#000000" bgcolor="#FFFFFF"
             type="rectangle" x="368" y="352" width="46" height="17"/>
    </entry>
    <entry id="74" name="undefined:" type="undefined">
        <graphics name="2.4.1.5" fgcolor="#000000" bgcolor="#FFFFFF"
             type="rectangle" x="418" y="352" width="46" height="17"/>
    </entry>
    <entry id="75" name="undefined:" type="undefined">
        <graphics name="2.4.1.10" fgcolor="#000000" bgcolor="#FFFFFF"
             type="rectangle" x="301" y="368" width="46" height="17"/>
    </entry>
    <entry id="76" name="undefined:" type="undefined">
        <graphics name="2.4.1.21" fgcolor="#000000" bgcolor="#FFFFFF"
             type="rectangle" x="725" y="457" width="46" height="17"/>
    </entry>
    <entry id="77" name="undefined:" type="undefined">
        <graphics name="2.4.1.20" fgcolor="#000000" bgcolor="#FFFFFF"
             type="rectangle" x="1134" y="672" width="46" height="17"/>
    </entry>
    <entry id="78" name="undefined:" type="undefined">
        <graphics name="3.2.1.91" fgcolor="#000000" bgcolor="#FFFFFF"
             type="rectangle" x="354" y="527" width="46" height="17"/>
    </entry>
    <entry id="79" name="undefined:" type="undefined">
        <graphics name="3.2.1.58" fgcolor="#000000" bgcolor="#FFFFFF"
             type="rectangle" x="328" y="427" width="46" height="17"/>
    </entry>
    <entry id="80" name="undefined:" type="undefined">
        <graphics name="2.4.1.10" fgcolor="#000000" bgcolor="#FFFFFF"
             type="rectangle" x="236" y="223" width="46" height="17"/>
    </entry>
    <entry id="81" name="undefined:" type="undefined">
        <graphics name="3.2.1.65" fgcolor="#000000" bgcolor="#FFFFFF"
             type="rectangle" x="141" y="223" width="46" height="17"/>
    </entry>
    <entry id="88" name="undefined:" type="undefined">
        <graphics name="2.4.1.7" fgcolor="#000000" bgcolor="#FFFFFF"
             type="rectangle" x="653" y="423" width="46" height="17"/>
    </entry>
    <entry id="91" name="hsa:6476" type="gene" reaction="rn:R01791"
        link="http://www.genome.jp/dbget-bin/www_bget?hsa+6476">
        <graphics name="SI" fgcolor="#000000" bgcolor="#BFFFBF"
             type="rectangle" x="1023" y="562" width="46" height="17"/>
    </entry>
    <entry id="92" name="hsa:8972" type="gene" reaction="rn:R01791"
        link="http://www.genome.jp/dbget-bin/www_bget?hsa+8972">
        <graphics name="MGAM" fgcolor="#000000" bgcolor="#BFFFBF"
             type="rectangle" x="973" y="562" width="46" height="17"/>
    </entry>
    <entry id="93" name="hsa:6476" type="gene" reaction="rn:R01718"
        link="http://www.genome.jp/dbget-bin/www_bget?hsa+6476">
        <graphics name="SI" fgcolor="#000000" bgcolor="#BFFFBF"
             type="rectangle" x="1002" y="672" width="46" height="17"/>
    </entry>
    <entry id="94" name="undefined:" type="undefined">
        <graphics name="2.7.1.69" fgcolor="#000000" bgcolor="#FFFFFF"
             type="rectangle" x="884" y="338" width="46" height="17"/>
    </entry>
    <entry id="95" name="undefined:" type="undefined">
        <graphics name="2.7.1.69" fgcolor="#000000" bgcolor="#FFFFFF"
             type="rectangle" x="1003" y="403" width="46" height="17"/>
    </entry>
    <entry id="96" name="undefined:" type="undefined">
        <graphics name="5.4.99.16" fgcolor="#000000" bgcolor="#FFFFFF"
             type="rectangle" x="950" y="403" width="46" height="17"/>
    </entry>
    <entry id="97" name="cpd:C00668" type="compound"
        link="http://www.genome.jp/dbget-bin/www_bget?compound+C00668">
        <graphics name="C00668" fgcolor="#000000" bgcolor="#FFFFFF"
             type="circle" x="95" y="265" width="8" height="8"/>
    </entry>
    <entry id="98" name="cpd:C02336" type="compound"
        link="http://www.genome.jp/dbget-bin/www_bget?compound+C02336">
        <graphics name="C02336" fgcolor="#000000" bgcolor="#FFFFFF"
             type="circle" x="141" y="332" width="8" height="8"/>
    </entry>
    <entry id="99" name="cpd:C00181" type="compound"
        link="http://www.genome.jp/dbget-bin/www_bget?compound+C00181">
        <graphics name="C00181" fgcolor="#000000" bgcolor="#FFFFFF"
             type="circle" x="269" y="179" width="8" height="8"/>
    </entry>
    <entry id="100" name="cpd:C02352" type="compound"
        link="http://www.genome.jp/dbget-bin/www_bget?compound+C02352">
        <graphics name="C02352" fgcolor="#000000" bgcolor="#FFFFFF"
             type="circle" x="386" y="179" width="8" height="8"/>
    </entry>
    <entry id="101" name="cpd:C00190" type="compound"
        link="http://www.genome.jp/dbget-bin/www_bget?compound+C00190">
        <graphics name="C00190" fgcolor="#000000" bgcolor="#FFFFFF"
             type="circle" x="492" y="179" width="8" height="8"/>
    </entry>
    <entry id="102" name="cpd:C00714" type="compound"
        link="http://www.genome.jp/dbget-bin/www_bget?compound+C00714">
        <graphics name="C00714" fgcolor="#000000" bgcolor="#FFFFFF"
             type="circle" x="594" y="66" width="8" height="8"/>
    </entry>
    <entry id="103" name="cpd:C00470" type="compound"
        link="http://www.genome.jp/dbget-bin/www_bget?compound+C00470">
        <graphics name="C00470" fgcolor="#000000" bgcolor="#FFFFFF"
             type="circle" x="696" y="66" width="8" height="8"/>
    </entry>
    <entry id="104" name="cpd:C00333" type="compound"
        link="http://www.genome.jp/dbget-bin/www_bget?compound+C00333">
        <graphics name="C00333" fgcolor="#000000" bgcolor="#FFFFFF"
             type="circle" x="696" y="122" width="8" height="8"/>
    </entry>
    <entry id="105" name="cpd:C00617" type="compound"
        link="http://www.genome.jp/dbget-bin/www_bget?compound+C00617">
        <graphics name="C00617" fgcolor="#000000" bgcolor="#FFFFFF"
             type="circle" x="594" y="120" width="8" height="8"/>
    </entry>
    <entry id="106" name="cpd:C05731" type="compound"
        link="http://www.genome.jp/dbget-bin/www_bget?compound+C05731">
        <graphics name="C05731" fgcolor="#000000" bgcolor="#FFFFFF"
             type="circle" x="251" y="291" width="8" height="8"/>
    </entry>
    <entry id="107" name="cpd:C02591" type="compound"
        link="http://www.genome.jp/dbget-bin/www_bget?compound+C02591">
        <graphics name="C02591" fgcolor="#000000" bgcolor="#FFFFFF"
             type="circle" x="393" y="265" width="8" height="8"/>
    </entry>
    <entry id="108" name="cpd:C00089" type="compound"
        link="http://www.genome.jp/dbget-bin/www_bget?compound+C00089">
        <graphics name="C00089" fgcolor="#000000" bgcolor="#FFFFFF"
             type="circle" x="393" y="334" width="8" height="8"/>
    </entry>
    <entry id="109" name="cpd:C00167" type="compound"
        link="http://www.genome.jp/dbget-bin/www_bget?compound+C00167">
        <graphics name="C00167" fgcolor="#000000" bgcolor="#FFFFFF"
             type="circle" x="594" y="179" width="8" height="8"/>
    </entry>
    <entry id="110" name="cpd:C03033" type="compound"
        link="http://www.genome.jp/dbget-bin/www_bget?compound+C03033">
        <graphics name="C03033" fgcolor="#000000" bgcolor="#FFFFFF"
             type="circle" x="708" y="179" width="8" height="8"/>
    </entry>
    <entry id="111" name="cpd:C00191" type="compound"
        link="http://www.genome.jp/dbget-bin/www_bget?compound+C00191">
        <graphics name="C00191" fgcolor="#000000" bgcolor="#FFFFFF"
             type="circle" x="822" y="179" width="8" height="8"/>
    </entry>
    <entry id="112" name="cpd:C00029" type="compound"
        link="http://www.genome.jp/dbget-bin/www_bget?compound+C00029">
        <graphics name="C00029" fgcolor="#000000" bgcolor="#FFFFFF"
             type="circle" x="594" y="332" width="8" height="8"/>
    </entry>
    <entry id="113" name="cpd:C00267" type="compound"
        link="http://www.genome.jp/dbget-bin/www_bget?compound+C00267">
        <graphics name="C00267" fgcolor="#000000" bgcolor="#FFFFFF"
             type="circle" x="219" y="452" width="8" height="8"/>
    </entry>
    <entry id="114" name="cpd:C00031" type="compound"
        link="http://www.genome.jp/dbget-bin/www_bget?compound+C00031">
        <graphics name="C00031" fgcolor="#000000" bgcolor="#FFFFFF"
             type="circle" x="301" y="407" width="8" height="8"/>
    </entry>
    <entry id="115" name="cpd:C00221" type="compound"
        link="http://www.genome.jp/dbget-bin/www_bget?compound+C00221">
        <graphics name="C00221" fgcolor="#000000" bgcolor="#FFFFFF"
             type="circle" x="211" y="531" width="8" height="8"/>
    </entry>
    <entry id="116" name="cpd:C03598" type="compound"
        link="http://www.genome.jp/dbget-bin/www_bget?compound+C03598">
        <graphics name="C03598" fgcolor="#000000" bgcolor="#FFFFFF"
             type="circle" x="219" y="575" width="8" height="8"/>
    </entry>
    <entry id="117" name="cpd:C03599" type="compound"
        link="http://www.genome.jp/dbget-bin/www_bget?compound+C03599">
        <graphics name="C03599" fgcolor="#000000" bgcolor="#FFFFFF"
             type="circle" x="219" y="637" width="8" height="8"/>
    </entry>
    <entry id="118" name="cpd:C05345" type="compound"
        link="http://www.genome.jp/dbget-bin/www_bget?compound+C05345">
        <graphics name="C05345" fgcolor="#000000" bgcolor="#FFFFFF"
             type="circle" x="609" y="757" width="8" height="8"/>
    </entry>
    <entry id="119" name="cpd:C00668" type="compound"
        link="http://www.genome.jp/dbget-bin/www_bget?compound+C00668">
        <graphics name="C00668" fgcolor="#000000" bgcolor="#FFFFFF"
             type="circle" x="606" y="680" width="8" height="8"/>
    </entry>
    <entry id="120" name="cpd:C00267" type="compound"
        link="http://www.genome.jp/dbget-bin/www_bget?compound+C00267">
        <graphics name="C00267" fgcolor="#000000" bgcolor="#FFFFFF"
             type="circle" x="334" y="714" width="8" height="8"/>
    </entry>
    <entry id="121" name="cpd:C01231" type="compound"
        link="http://www.genome.jp/dbget-bin/www_bget?compound+C01231">
        <graphics name="C01231" fgcolor="#000000" bgcolor="#FFFFFF"
             type="circle" x="416" y="636" width="8" height="8"/>
    </entry>
    <entry id="122" name="cpd:C00501" type="compound"
        link="http://www.genome.jp/dbget-bin/www_bget?compound+C00501">
        <graphics name="C00501" fgcolor="#000000" bgcolor="#FFFFFF"
             type="circle" x="500" y="575" width="8" height="8"/>
    </entry>
    <entry id="123" name="cpd:C00103" type="compound"
        link="http://www.genome.jp/dbget-bin/www_bget?compound+C00103">
        <graphics name="C00103" fgcolor="#000000" bgcolor="#FFFFFF"
             type="circle" x="599" y="515" width="8" height="8"/>
    </entry>
    <entry id="124" name="cpd:C00394" type="compound"
        link="http://www.genome.jp/dbget-bin/www_bget?compound+C00394">
        <graphics name="C00394" fgcolor="#000000" bgcolor="#FFFFFF"
             type="circle" x="476" y="517" width="8" height="8"/>
    </entry>
    <entry id="125" name="cpd:C00760" type="compound"
        link="http://www.genome.jp/dbget-bin/www_bget?compound+C00760">
        <graphics name="C00760" fgcolor="#000000" bgcolor="#FFFFFF"
             type="circle" x="391" y="517" width="8" height="8"/>
    </entry>
    <entry id="126" name="cpd:C00965" type="compound"
        link="http://www.genome.jp/dbget-bin/www_bget?compound+C00965">
        <graphics name="C00965" fgcolor="#000000" bgcolor="#FFFFFF"
             type="circle" x="418" y="407" width="8" height="8"/>
    </entry>
    <entry id="127" name="cpd:C00498" type="compound"
        link="http://www.genome.jp/dbget-bin/www_bget?compound+C00498">
        <graphics name="C00498" fgcolor="#000000" bgcolor="#FFFFFF"
             type="circle" x="687" y="457" width="8" height="8"/>
    </entry>
    <entry id="128" name="cpd:C00208" type="compound"
        link="http://www.genome.jp/dbget-bin/www_bget?compound+C00208">
        <graphics name="C00208" fgcolor="#000000" bgcolor="#FFFFFF"
             type="circle" x="1080" y="509" width="8" height="8"/>
    </entry>
    <entry id="129" name="cpd:C00721" type="compound"
        link="http://www.genome.jp/dbget-bin/www_bget?compound+C00721">
        <graphics name="C00721" fgcolor="#000000" bgcolor="#FFFFFF"
             type="circle" x="998" y="535" width="8" height="8"/>
    </entry>
    <entry id="130" name="cpd:C01935" type="compound"
        link="http://www.genome.jp/dbget-bin/www_bget?compound+C01935">
        <graphics name="C01935" fgcolor="#000000" bgcolor="#FFFFFF"
             type="circle" x="898" y="483" width="8" height="8"/>
    </entry>
    <entry id="131" name="cpd:C00973" type="compound"
        link="http://www.genome.jp/dbget-bin/www_bget?compound+C00973">
        <graphics name="C00973" fgcolor="#000000" bgcolor="#FFFFFF"
             type="circle" x="898" y="425" width="8" height="8"/>
    </entry>
    <entry id="132" name="cpd:C01172" type="compound"
        link="http://www.genome.jp/dbget-bin/www_bget?compound+C01172">
        <graphics name="C01172" fgcolor="#000000" bgcolor="#FFFFFF"
             type="circle" x="943" y="253" width="8" height="8"/>
    </entry>
    <entry id="133" name="cpd:C00689" type="compound"
        link="http://www.genome.jp/dbget-bin/www_bget?compound+C00689">
        <graphics name="C00689" fgcolor="#000000" bgcolor="#FFFFFF"
             type="circle" x="883" y="304" width="8" height="8"/>
    </entry>
    <entry id="134" name="cpd:C01083" type="compound"
        link="http://www.genome.jp/dbget-bin/www_bget?compound+C01083">
        <graphics name="C01083" fgcolor="#000000" bgcolor="#FFFFFF"
             type="circle" x="883" y="216" width="8" height="8"/>
    </entry>
    <entry id="135" name="cpd:C00663" type="compound"
        link="http://www.genome.jp/dbget-bin/www_bget?compound+C00663">
        <graphics name="C00663" fgcolor="#000000" bgcolor="#FFFFFF"
             type="circle" x="1034" y="253" width="8" height="8"/>
    </entry>
    <entry id="136" name="cpd:C00031" type="compound"
        link="http://www.genome.jp/dbget-bin/www_bget?compound+C00031">
        <graphics name="C00031" fgcolor="#000000" bgcolor="#FFFFFF"
             type="circle" x="1080" y="216" width="8" height="8"/>
    </entry>
    <entry id="137" name="cpd:C02995" type="compound"
        link="http://www.genome.jp/dbget-bin/www_bget?compound+C02995">
        <graphics name="C02995" fgcolor="#000000" bgcolor="#FFFFFF"
             type="circle" x="1002" y="369" width="8" height="8"/>
    </entry>
    <entry id="138" name="cpd:C00089" type="compound"
        link="http://www.genome.jp/dbget-bin/www_bget?compound+C00089">
        <graphics name="C00089" fgcolor="#000000" bgcolor="#FFFFFF"
             type="circle" x="284" y="223" width="8" height="8"/>
    </entry>
    <entry id="139" name="cpd:C01083" type="compound"
        link="http://www.genome.jp/dbget-bin/www_bget?compound+C01083">
        <graphics name="C01083" fgcolor="#000000" bgcolor="#FFFFFF"
             type="circle" x="883" y="366" width="8" height="8"/>
    </entry>
    <entry id="140" name="cpd:C01798" type="compound"
        link="http://www.genome.jp/dbget-bin/www_bget?compound+C01798">
        <graphics name="C01798" fgcolor="#000000" bgcolor="#FFFFFF"
             type="circle" x="376" y="452" width="8" height="8"/>
    </entry>
    <entry id="141" name="cpd:C04297" type="compound"
        link="http://www.genome.jp/dbget-bin/www_bget?compound+C04297">
        <graphics name="C04297" fgcolor="#000000" bgcolor="#FFFFFF"
             type="circle" x="294" y="575" width="8" height="8"/>
    </entry>
    <entry id="142" name="cpd:C01219" type="compound"
        link="http://www.genome.jp/dbget-bin/www_bget?compound+C01219">
        <graphics name="C01219" fgcolor="#000000" bgcolor="#FFFFFF"
             type="circle" x="397" y="575" width="8" height="8"/>
    </entry>
    <entry id="143" name="cpd:C00718" type="compound"
        link="http://www.genome.jp/dbget-bin/www_bget?compound+C00718">
        <graphics name="C00718" fgcolor="#000000" bgcolor="#FFFFFF"
             type="circle" x="764" y="553" width="8" height="8"/>
    </entry>
    <entry id="144" name="cpd:C00369" type="compound"
        link="http://www.genome.jp/dbget-bin/www_bget?compound+C00369">
        <graphics name="C00369" fgcolor="#000000" bgcolor="#FFFFFF"
             type="circle" x="867" y="511" width="8" height="8"/>
    </entry>
    <entry id="145" name="cpd:C00267" type="compound"
        link="http://www.genome.jp/dbget-bin/www_bget?compound+C00267">
        <graphics name="C00267" fgcolor="#000000" bgcolor="#FFFFFF"
             type="circle" x="998" y="593" width="8" height="8"/>
    </entry>
    <entry id="146" name="cpd:C00185" type="compound"
        link="http://www.genome.jp/dbget-bin/www_bget?compound+C00185">
        <graphics name="C00185" fgcolor="#000000" bgcolor="#FFFFFF"
             type="circle" x="1134" y="745" width="8" height="8"/>
    </entry>
    <entry id="147" name="cpd:C00095" type="compound"
        link="http://www.genome.jp/dbget-bin/www_bget?compound+C00095">
        <graphics name="C00095" fgcolor="#000000" bgcolor="#FFFFFF"
             type="circle" x="610" y="394" width="8" height="8"/>
    </entry>
    <entry id="148" name="cpd:C00089" type="compound"
        link="http://www.genome.jp/dbget-bin/www_bget?compound+C00089">
        <graphics name="C00089" fgcolor="#000000" bgcolor="#FFFFFF"
             type="circle" x="706" y="423" width="8" height="8"/>
    </entry>
    <entry id="149" name="cpd:C00095" type="compound"
        link="http://www.genome.jp/dbget-bin/www_bget?compound+C00095">
        <graphics name="C00095" fgcolor="#000000" bgcolor="#FFFFFF"
             type="circle" x="393" y="382" width="8" height="8"/>
    </entry>
    <entry id="150" name="cpd:C00185" type="compound"
        link="http://www.genome.jp/dbget-bin/www_bget?compound+C00185">
        <graphics name="C00185" fgcolor="#000000" bgcolor="#FFFFFF"
             type="circle" x="293" y="504" width="8" height="8"/>
    </entry>
    <entry id="151" name="cpd:C00760" type="compound"
        link="http://www.genome.jp/dbget-bin/www_bget?compound+C00760">
        <graphics name="C00760" fgcolor="#000000" bgcolor="#FFFFFF"
             type="circle" x="293" y="531" width="8" height="8"/>
    </entry>
    <entry id="152" name="cpd:C06215" type="compound"
        link="http://www.genome.jp/dbget-bin/www_bget?compound+C06215">
        <graphics name="C06215" fgcolor="#000000" bgcolor="#FFFFFF"
             type="circle" x="95" y="223" width="8" height="8"/>
    </entry>
    <entry id="153" name="cpd:C06215" type="compound"
        link="http://www.genome.jp/dbget-bin/www_bget?compound+C06215">
        <graphics name="C06215" fgcolor="#000000" bgcolor="#FFFFFF"
             type="circle" x="188" y="223" width="8" height="8"/>
    </entry>
    <entry id="154" name="cpd:C02013" type="compound"
        link="http://www.genome.jp/dbget-bin/www_bget?compound+C02013">
        <graphics name="C02013" fgcolor="#000000" bgcolor="#FFFFFF"
             type="circle" x="970" y="745" width="8" height="8"/>
    </entry>
    <entry id="155" name="cpd:C06219" type="compound"
        link="http://www.genome.jp/dbget-bin/www_bget?compound+C06219">
        <graphics name="C06219" fgcolor="#000000" bgcolor="#FFFFFF"
             type="circle" x="1052" y="745" width="8" height="8"/>
    </entry>
    <entry id="156" name="cpd:C06218" type="compound"
        link="http://www.genome.jp/dbget-bin/www_bget?compound+C06218">
        <graphics name="C06218" fgcolor="#000000" bgcolor="#FFFFFF"
             type="circle" x="888" y="745" width="8" height="8"/>
    </entry>
    <entry id="157" name="cpd:C06217" type="compound"
        link="http://www.genome.jp/dbget-bin/www_bget?compound+C06217">
        <graphics name="C06217" fgcolor="#000000" bgcolor="#FFFFFF"
             type="circle" x="806" y="745" width="8" height="8"/>
    </entry>
    <entry id="158" name="cpd:C06216" type="compound"
        link="http://www.genome.jp/dbget-bin/www_bget?compound+C06216">
        <graphics name="C06216" fgcolor="#000000" bgcolor="#FFFFFF"
             type="circle" x="725" y="745" width="8" height="8"/>
    </entry>
    <entry id="159" name="cpd:C00208" type="compound"
        link="http://www.genome.jp/dbget-bin/www_bget?compound+C00208">
        <graphics name="C00208" fgcolor="#000000" bgcolor="#FFFFFF"
             type="circle" x="1002" y="431" width="8" height="8"/>
    </entry>
    <entry id="160" name="cpd:C00252" type="compound"
        link="http://www.genome.jp/dbget-bin/www_bget?compound+C00252">
        <graphics name="C00252" fgcolor="#000000" bgcolor="#FFFFFF"
             type="circle" x="1002" y="701" width="8" height="8"/>
    </entry>
    <entry id="252" name="cpd:C16688" type="compound"
        link="http://www.genome.jp/dbget-bin/www_bget?compound+C16688">
        <graphics name="C16688" fgcolor="#000000" bgcolor="#FFFFFF"
             type="circle" x="375" y="223" width="8" height="8"/>
    </entry>
    <relation entry1="52" entry2="93" type="ECrel">
        <subtype name="compound" value="145"/>
    </relation>
    <relation entry1="64" entry2="93" type="ECrel">
        <subtype name="compound" value="145"/>
    </relation>
    <relation entry1="92" entry2="93" type="ECrel">
        <subtype name="compound" value="145"/>
    </relation>
    <relation entry1="91" entry2="93" type="ECrel">
        <subtype name="compound" value="145"/>
    </relation>
    <relation entry1="72" entry2="93" type="ECrel">
        <subtype name="compound" value="145"/>
    </relation>
    <relation entry1="65" entry2="93" type="ECrel">
        <subtype name="compound" value="145"/>
    </relation>
    <relation entry1="52" entry2="64" type="ECrel">
        <subtype name="compound" value="145"/>
    </relation>
    <relation entry1="52" entry2="92" type="ECrel">
        <subtype name="compound" value="145"/>
    </relation>
    <relation entry1="52" entry2="91" type="ECrel">
        <subtype name="compound" value="145"/>
    </relation>
    <relation entry1="52" entry2="72" type="ECrel">
        <subtype name="compound" value="145"/>
    </relation>
    <relation entry1="52" entry2="65" type="ECrel">
        <subtype name="compound" value="145"/>
    </relation>
    <relation entry1="64" entry2="91" type="ECrel">
        <subtype name="compound" value="145"/>
    </relation>
    <relation entry1="64" entry2="72" type="ECrel">
        <subtype name="compound" value="145"/>
    </relation>
    <relation entry1="64" entry2="65" type="ECrel">
        <subtype name="compound" value="145"/>
    </relation>
    <relation entry1="72" entry2="92" type="ECrel">
        <subtype name="compound" value="145"/>
    </relation>
    <relation entry1="65" entry2="92" type="ECrel">
        <subtype name="compound" value="145"/>
    </relation>
    <relation entry1="72" entry2="91" type="ECrel">
        <subtype name="compound" value="145"/>
    </relation>
    <relation entry1="65" entry2="91" type="ECrel">
        <subtype name="compound" value="145"/>
    </relation>
    <relation entry1="63" entry2="92" type="ECrel">
        <subtype name="compound" value="129"/>
    </relation>
    <relation entry1="63" entry2="91" type="ECrel">
        <subtype name="compound" value="129"/>
    </relation>
    <relation entry1="53" entry2="71" type="ECrel">
        <subtype name="compound" value="143"/>
    </relation>
    <relation entry1="53" entry2="71" type="ECrel">
        <subtype name="compound" value="144"/>
    </relation>
    <relation entry1="52" entry2="71" type="ECrel">
        <subtype name="compound" value="143"/>
    </relation>
    <relation entry1="52" entry2="71" type="ECrel">
        <subtype name="compound" value="144"/>
    </relation>
    <relation entry1="63" entry2="71" type="ECrel">
        <subtype name="compound" value="144"/>
    </relation>
    <relation entry1="52" entry2="53" type="ECrel">
        <subtype name="compound" value="143"/>
    </relation>
    <relation entry1="52" entry2="53" type="ECrel">
        <subtype name="compound" value="144"/>
    </relation>
    <relation entry1="53" entry2="63" type="ECrel">
        <subtype name="compound" value="144"/>
    </relation>
    <relation entry1="52" entry2="63" type="ECrel">
        <subtype name="compound" value="144"/>
    </relation>
    <relation entry1="44" entry2="71" type="ECrel">
        <subtype name="compound" value="143"/>
    </relation>
    <relation entry1="44" entry2="53" type="ECrel">
        <subtype name="compound" value="143"/>
    </relation>
    <relation entry1="44" entry2="52" type="ECrel">
        <subtype name="compound" value="143"/>
    </relation>
    <relation entry1="4" entry2="51" type="ECrel">
        <subtype name="compound" value="118"/>
    </relation>
    <relation entry1="46" entry2="51" type="ECrel">
        <subtype name="compound" value="119"/>
    </relation>
    <relation entry1="46" entry2="50" type="ECrel">
        <subtype name="compound" value="119"/>
    </relation>
    <relation entry1="46" entry2="49" type="ECrel">
        <subtype name="compound" value="119"/>
    </relation>
    <relation entry1="46" entry2="48" type="ECrel">
        <subtype name="compound" value="119"/>
    </relation>
    <relation entry1="50" entry2="51" type="ECrel">
        <subtype name="compound" value="119"/>
    </relation>
    <relation entry1="49" entry2="51" type="ECrel">
        <subtype name="compound" value="119"/>
    </relation>
    <relation entry1="48" entry2="51" type="ECrel">
        <subtype name="compound" value="119"/>
    </relation>
    <relation entry1="12" entry2="15" type="ECrel">
        <subtype name="compound" value="113"/>
    </relation>
    <relation entry1="14" entry2="15" type="ECrel">
        <subtype name="compound" value="113"/>
    </relation>
    <relation entry1="22" entry2="41" type="ECrel">
        <subtype name="compound" value="109"/>
    </relation>
    <relation entry1="22" entry2="38" type="ECrel">
        <subtype name="compound" value="109"/>
    </relation>
    <relation entry1="38" entry2="41" type="ECrel">
        <subtype name="compound" value="109"/>
    </relation>
    <relation entry1="41" entry2="42" type="ECrel">
        <subtype name="compound" value="110"/>
    </relation>
    <relation entry1="38" entry2="44" type="ECrel">
        <subtype name="compound" value="112"/>
    </relation>
    <relation entry1="38" entry2="39" type="ECrel">
        <subtype name="compound" value="112"/>
    </relation>
    <relation entry1="30" entry2="38" type="ECrel">
        <subtype name="compound" value="112"/>
    </relation>
    <relation entry1="39" entry2="44" type="ECrel">
        <subtype name="compound" value="112"/>
    </relation>
    <relation entry1="30" entry2="44" type="ECrel">
        <subtype name="compound" value="112"/>
    </relation>
    <relation entry1="39" entry2="71" type="ECrel">
        <subtype name="compound" value="123"/>
    </relation>
    <relation entry1="39" entry2="46" type="ECrel">
        <subtype name="compound" value="123"/>
    </relation>
    <relation entry1="46" entry2="71" type="ECrel">
        <subtype name="compound" value="123"/>
    </relation>
    <relation entry1="30" entry2="71" type="ECrel">
        <subtype name="compound" value="123"/>
    </relation>
    <relation entry1="30" entry2="46" type="ECrel">
        <subtype name="compound" value="123"/>
    </relation>
    <relation entry1="42" entry2="66" type="maplink">
        <subtype name="compound" value="111"/>
    </relation>
    <relation entry1="41" entry2="68" type="maplink">
        <subtype name="compound" value="110"/>
    </relation>
    <relation entry1="42" entry2="68" type="maplink">
        <subtype name="compound" value="110"/>
    </relation>
    <relation entry1="39" entry2="47" type="maplink">
        <subtype name="compound" value="123"/>
    </relation>
    <relation entry1="71" entry2="47" type="maplink">
        <subtype name="compound" value="123"/>
    </relation>
    <relation entry1="46" entry2="47" type="maplink">
        <subtype name="compound" value="123"/>
    </relation>
    <relation entry1="30" entry2="47" type="maplink">
        <subtype name="compound" value="123"/>
    </relation>
    <reaction name="rn:R02887" type="irreversible">
        <substrate name="cpd:C00760"/>
        <product name="cpd:C00221"/>
    </reaction>
    <reaction name="rn:R00026" type="irreversible">
        <substrate name="cpd:C00185"/>
        <product name="cpd:C00221"/>
    </reaction>
    <reaction name="rn:R03920" type="reversible">
        <substrate name="cpd:C02336"/>
        <product name="cpd:C05345"/>
    </reaction>
    <reaction name="rn:R00802" type="irreversible">
        <substrate name="cpd:C00089"/>
        <product name="cpd:C00267"/>
        <product name="cpd:C02336"/>
    </reaction>
    <reaction name="rn:R03527" type="irreversible">
        <substrate name="cpd:C01798"/>
        <product name="cpd:C00267"/>
    </reaction>
    <reaction name="rn:R01384" type="irreversible">
        <substrate name="cpd:C00167"/>
        <product name="cpd:C00190"/>
    </reaction>
    <reaction name="rn:R00287" type="irreversible">
        <substrate name="cpd:C00029"/>
        <product name="cpd:C00103"/>
    </reaction>
    <reaction name="rn:R00286" type="irreversible">
        <substrate name="cpd:C00029"/>
        <product name="cpd:C00167"/>
    </reaction>
    <reaction name="rn:R00289" type="irreversible">
        <substrate name="cpd:C00103"/>
        <product name="cpd:C00029"/>
    </reaction>
    <reaction name="rn:R01383" type="irreversible">
        <substrate name="cpd:C00167"/>
        <product name="cpd:C03033"/>
    </reaction>
    <reaction name="rn:R01478" type="irreversible">
        <substrate name="cpd:C03033"/>
        <product name="cpd:C00191"/>
    </reaction>
    <reaction name="rn:R00292" type="irreversible">
        <substrate name="cpd:C00029"/>
        <product name="cpd:C00718"/>
    </reaction>
    <reaction name="rn:R00959" type="reversible">
        <substrate name="cpd:C00103"/>
        <product name="cpd:C00668"/>
    </reaction>
    <reaction name="rn:R01788" type="reversible">
        <substrate name="cpd:C00668"/>
        <product name="cpd:C00267"/>
    </reaction>
    <reaction name="rn:R01786" type="irreversible">
        <substrate name="cpd:C00267"/>
        <product name="cpd:C00668"/>
    </reaction>
    <reaction name="rn:R02740" type="reversible">
        <substrate name="cpd:C00668"/>
        <product name="cpd:C05345"/>
    </reaction>
    <reaction name="rn:R02109" type="reversible">
        <substrate name="cpd:C00369"/>
        <product name="cpd:C00267"/>
        <product name="cpd:C00718"/>
    </reaction>
    <reaction name="rn:R02110" type="irreversible">
        <substrate name="cpd:C00718"/>
        <product name="cpd:C00369"/>
    </reaction>
    <reaction name="rn:R00010" type="irreversible">
        <substrate name="cpd:C01083"/>
        <product name="cpd:C00031"/>
    </reaction>
    <reaction name="rn:R02108" type="irreversible">
        <substrate name="cpd:C00369"/>
        <product name="cpd:C00721"/>
    </reaction>
    <reaction name="rn:R01790" type="irreversible">
        <substrate name="cpd:C00369"/>
        <product name="cpd:C00267"/>
    </reaction>
    <reaction name="rn:R00028" type="irreversible">
        <substrate name="cpd:C00208"/>
        <product name="cpd:C00267"/>
    </reaction>
    <reaction name="rn:R02111" type="irreversible">
        <substrate name="cpd:C00369"/>
        <product name="cpd:C00103"/>
        <product name="cpd:C00718"/>
    </reaction>
    <reaction name="rn:R05196" type="irreversible">
        <substrate name="cpd:C00031"/>
        <product name="cpd:C00208"/>
    </reaction>
    <reaction name="rn:R01791" type="irreversible">
        <substrate name="cpd:C00721"/>
        <product name="cpd:C00267"/>
    </reaction>
    <reaction name="rn:R01718" type="irreversible">
        <substrate name="cpd:C00252"/>
        <product name="cpd:C00267"/>
    </reaction>
</pathway>
