<?xml version="1.0"?>
<!DOCTYPE pathway SYSTEM "http://www.genome.jp/kegg/xml/KGML_v0.6.1_.dtd">
<!-- Creation date: Oct 10 2008 13:03:41 +0900 (JST) -->
<pathway name="path:hsa00053" org="hsa" number="00053"
         title="Ascorbate and aldarate metabolism"
         image="http://www.genome.jp/kegg/pathway/hsa/hsa00053.gif"
         link="http://www.genome.jp/dbget-bin/show_pathway?hsa00053">
    <entry id="1" name="undefined:" type="undefined">
        <graphics name="2.7.1.69" fgcolor="#000000" bgcolor="#FFFFFF"
             type="rectangle" x="314" y="587" width="45" height="17"/>
    </entry>
    <entry id="2" name="undefined:" type="undefined">
        <graphics name="3.1.1.-" fgcolor="#000000" bgcolor="#FFFFFF"
             type="rectangle" x="314" y="643" width="45" height="17"/>
    </entry>
    <entry id="3" name="undefined:" type="undefined">
        <graphics name="3.1.1.-" fgcolor="#000000" bgcolor="#FFFFFF"
             type="rectangle" x="135" y="410" width="45" height="17"/>
    </entry>
    <entry id="4" name="undefined:" type="undefined">
        <graphics name="1.1.1.-" fgcolor="#000000" bgcolor="#FFFFFF"
             type="rectangle" x="135" y="337" width="46" height="17"/>
    </entry>
    <entry id="5" name="undefined:" type="undefined">
        <graphics name="1.1.3.8" fgcolor="#000000" bgcolor="#FFFFFF"
             type="rectangle" x="440" y="445" width="46" height="17"/>
    </entry>
    <entry id="6" name="undefined:" type="undefined">
        <graphics name="1.1.1.122" fgcolor="#000000" bgcolor="#FFFFFF"
             type="rectangle" x="227" y="410" width="46" height="17"/>
    </entry>
    <entry id="7" name="undefined:" type="undefined">
        <graphics name="3.1.3.-" fgcolor="#000000" bgcolor="#FFFFFF"
             type="rectangle" x="227" y="337" width="46" height="17"/>
    </entry>
    <entry id="9" name="undefined:" type="undefined">
        <graphics name="5.1.3.18..." fgcolor="#000000" bgcolor="#FFFFFF"
             type="rectangle" x="270" y="230" width="46" height="17"/>
    </entry>
    <entry id="10" name="undefined:" type="undefined">
        <graphics name="5.1.3.18..." fgcolor="#000000" bgcolor="#FFFFFF"
             type="rectangle" x="227" y="195" width="46" height="17"/>
    </entry>
    <entry id="11" name="undefined:" type="undefined">
        <graphics name="5.1.3.18..." fgcolor="#000000" bgcolor="#FFFFFF"
             type="rectangle" x="312" y="195" width="45" height="17"/>
    </entry>
    <entry id="12" name="hsa:55586" type="gene" reaction="rn:R01184"
        link="http://www.genome.jp/dbget-bin/www_bget?hsa+55586">
        <graphics name="MIOX, ALDRL6" fgcolor="#000000" bgcolor="#BFFFBF"
             type="rectangle" x="394" y="266" width="46" height="17"/>
    </entry>
    <entry id="13" name="undefined:" type="undefined">
        <graphics name="2.7.1.43" fgcolor="#000000" bgcolor="#FFFFFF"
             type="rectangle" x="478" y="266" width="46" height="17"/>
    </entry>
    <entry id="14" name="undefined:" type="undefined">
        <graphics name="2.7.7.44" fgcolor="#000000" bgcolor="#FFFFFF"
             type="rectangle" x="478" y="195" width="46" height="17"/>
    </entry>
    <entry id="15" name="hsa:7358" type="gene" reaction="rn:R00286"
        link="http://www.genome.jp/dbget-bin/www_bget?hsa+7358">
        <graphics name="UGDH" fgcolor="#000000" bgcolor="#BFFFBF"
             type="rectangle" x="478" y="120" width="46" height="17"/>
    </entry>
    <entry id="16" name="undefined:" type="undefined">
        <graphics name="2.7.1.53" fgcolor="#000000" bgcolor="#FFFFFF"
             type="rectangle" x="314" y="720" width="45" height="17"/>
    </entry>
    <entry id="17" name="undefined:" type="undefined">
        <graphics name="1.1.1.130" fgcolor="#000000" bgcolor="#FFFFFF"
             type="rectangle" x="389" y="743" width="45" height="17"/>
    </entry>
    <entry id="18" name="undefined:" type="undefined">
        <graphics name="4.1.1.-" fgcolor="#000000" bgcolor="#FFFFFF"
             type="rectangle" x="525" y="778" width="46" height="17"/>
    </entry>
    <entry id="19" name="cpd:C00137" type="compound"
        link="http://www.genome.jp/dbget-bin/www_bget?compound+C00137">
        <graphics name="C00137" fgcolor="#000000" bgcolor="#FFFFFF"
             type="circle" x="393" y="230" width="8" height="8"/>
    </entry>
    <entry id="20" name="cpd:C05385" type="compound"
        link="http://www.genome.jp/dbget-bin/www_bget?compound+C05385">
        <graphics name="C05385" fgcolor="#000000" bgcolor="#FFFFFF"
             type="circle" x="478" y="230" width="8" height="8"/>
    </entry>
    <entry id="21" name="cpd:C00167" type="compound"
        link="http://www.genome.jp/dbget-bin/www_bget?compound+C00167">
        <graphics name="C00167" fgcolor="#000000" bgcolor="#FFFFFF"
             type="circle" x="478" y="158" width="8" height="8"/>
    </entry>
    <entry id="22" name="cpd:C00029" type="compound"
        link="http://www.genome.jp/dbget-bin/www_bget?compound+C00029">
        <graphics name="C00029" fgcolor="#000000" bgcolor="#FFFFFF"
             type="circle" x="478" y="86" width="8" height="8"/>
    </entry>
    <entry id="23" name="cpd:C16186" type="compound"
        link="http://www.genome.jp/dbget-bin/www_bget?compound+C16186">
        <graphics name="C16186" fgcolor="#000000" bgcolor="#FFFFFF"
             type="circle" x="313" y="619" width="8" height="8"/>
    </entry>
    <entry id="24" name="cpd:C01825" type="compound"
        link="http://www.genome.jp/dbget-bin/www_bget?compound+C01825">
        <graphics name="C01825" fgcolor="#000000" bgcolor="#FFFFFF"
             type="circle" x="226" y="374" width="8" height="8"/>
    </entry>
    <entry id="25" name="cpd:C15930" type="compound"
        link="http://www.genome.jp/dbget-bin/www_bget?compound+C15930">
        <graphics name="C15930" fgcolor="#000000" bgcolor="#FFFFFF"
             type="circle" x="134" y="374" width="8" height="8"/>
    </entry>
    <entry id="26" name="cpd:C15926" type="compound"
        link="http://www.genome.jp/dbget-bin/www_bget?compound+C15926">
        <graphics name="C15926" fgcolor="#000000" bgcolor="#FFFFFF"
             type="circle" x="226" y="302" width="8" height="8"/>
    </entry>
    <entry id="27" name="cpd:C15923" type="compound"
        link="http://www.genome.jp/dbget-bin/www_bget?compound+C15923">
        <graphics name="C15923" fgcolor="#000000" bgcolor="#FFFFFF"
             type="circle" x="314" y="374" width="8" height="8"/>
    </entry>
    <entry id="28" name="cpd:C15924" type="compound"
        link="http://www.genome.jp/dbget-bin/www_bget?compound+C15924">
        <graphics name="C15924" fgcolor="#000000" bgcolor="#FFFFFF"
             type="circle" x="314" y="302" width="8" height="8"/>
    </entry>
    <entry id="29" name="cpd:C15925" type="compound"
        link="http://www.genome.jp/dbget-bin/www_bget?compound+C15925">
        <graphics name="C15925" fgcolor="#000000" bgcolor="#FFFFFF"
             type="circle" x="314" y="229" width="8" height="8"/>
    </entry>
    <entry id="30" name="cpd:C02280" type="compound"
        link="http://www.genome.jp/dbget-bin/www_bget?compound+C02280">
        <graphics name="C02280" fgcolor="#000000" bgcolor="#FFFFFF"
             type="circle" x="226" y="230" width="8" height="8"/>
    </entry>
    <entry id="31" name="cpd:C00096" type="compound"
        link="http://www.genome.jp/dbget-bin/www_bget?compound+C00096">
        <graphics name="C00096" fgcolor="#000000" bgcolor="#FFFFFF"
             type="circle" x="270" y="158" width="8" height="8"/>
    </entry>
    <entry id="32" name="cpd:C00231" type="compound"
        link="http://www.genome.jp/dbget-bin/www_bget?compound+C00231">
        <graphics name="C00231" fgcolor="#000000" bgcolor="#FFFFFF"
             type="circle" x="45" y="678" width="8" height="8"/>
    </entry>
    <entry id="33" name="cpd:C01101" type="compound"
        link="http://www.genome.jp/dbget-bin/www_bget?compound+C01101">
        <graphics name="C01101" fgcolor="#000000" bgcolor="#FFFFFF"
             type="circle" x="133" y="678" width="8" height="8"/>
    </entry>
    <entry id="34" name="cpd:C03291" type="compound"
        link="http://www.genome.jp/dbget-bin/www_bget?compound+C03291">
        <graphics name="C03291" fgcolor="#000000" bgcolor="#FFFFFF"
             type="circle" x="226" y="678" width="8" height="8"/>
    </entry>
    <entry id="35" name="cpd:C14899" type="compound"
        link="http://www.genome.jp/dbget-bin/www_bget?compound+C14899">
        <graphics name="C14899" fgcolor="#000000" bgcolor="#FFFFFF"
             type="circle" x="313" y="678" width="8" height="8"/>
    </entry>
    <entry id="36" name="undefined:" type="undefined">
        <graphics name="5.1.3.4" fgcolor="#000000" bgcolor="#FFFFFF"
             type="rectangle" x="92" y="678" width="45" height="17"/>
    </entry>
    <entry id="37" name="undefined:" type="undefined">
        <graphics name="4.1.1.85" fgcolor="#000000" bgcolor="#FFFFFF"
             type="rectangle" x="272" y="678" width="45" height="17"/>
    </entry>
    <entry id="38" name="undefined:" type="undefined">
        <graphics name="5.1.3.22" fgcolor="#000000" bgcolor="#FFFFFF"
             type="rectangle" x="179" y="678" width="45" height="17"/>
    </entry>
    <entry id="39" name="path:hsa00630" type="map"
        link="http://www.genome.jp/kegg/pathway/hsa/hsa00630.html">
        <graphics name="Glyoxylate and dicarboxylate metabolism" fgcolor="#000000" bgcolor="#FFFFFF"
             type="roundrectangle" x="731" y="230" width="92" height="48"/>
    </entry>
    <entry id="40" name="undefined:" type="undefined">
        <graphics name="1.1.1.20" fgcolor="#000000" bgcolor="#FFFFFF"
             type="rectangle" x="564" y="373" width="45" height="17"/>
    </entry>
    <entry id="41" name="undefined:" type="undefined">
        <graphics name="1.1.1.19" fgcolor="#000000" bgcolor="#FFFFFF"
             type="rectangle" x="478" y="337" width="46" height="17"/>
    </entry>
    <entry id="42" name="undefined:" type="undefined">
        <graphics name="1.3.2.3" fgcolor="#000000" bgcolor="#FFFFFF"
             type="rectangle" x="393" y="541" width="45" height="17"/>
    </entry>
    <entry id="43" name="path:hsa00040" type="map"
        link="http://www.genome.jp/kegg/pathway/hsa/hsa00040.html">
        <graphics name="Pentose and glucuronate interconversions" fgcolor="#000000" bgcolor="#FFFFFF"
             type="roundrectangle" x="923" y="782" width="140" height="34"/>
    </entry>
    <entry id="44" name="undefined:" type="undefined">
        <graphics name="4.1.2.20" fgcolor="#000000" bgcolor="#FFFFFF"
             type="rectangle" x="829" y="157" width="45" height="17"/>
    </entry>
    <entry id="45" name="undefined:" type="undefined">
        <graphics name="4.2.1.40" fgcolor="#000000" bgcolor="#FFFFFF"
             type="rectangle" x="728" y="301" width="45" height="17"/>
    </entry>
    <entry id="46" name="undefined:" type="undefined">
        <graphics name="3.1.1.25" fgcolor="#000000" bgcolor="#FFFFFF"
             type="rectangle" x="502" y="410" width="45" height="17"/>
    </entry>
    <entry id="47" name="undefined:" type="undefined">
        <graphics name="1.1.3.8" fgcolor="#000000" bgcolor="#FFFFFF"
             type="rectangle" x="352" y="445" width="46" height="17"/>
    </entry>
    <entry id="48" name="path:hsa00053" type="map"
        link="http://www.genome.jp/dbget-bin/get_linkdb?pathway+hsa00053">
        <graphics name="TITLE:Ascorbate and aldarate metabolism" fgcolor="#000000" bgcolor="#FFFFFF"
             type="roundrectangle" x="216" y="59" width="326" height="27"/>
    </entry>
    <entry id="49" name="undefined:" type="undefined">
        <graphics name="4.1.2.20" fgcolor="#000000" bgcolor="#FFFFFF"
             type="rectangle" x="829" y="301" width="45" height="17"/>
    </entry>
    <entry id="50" name="undefined:" type="undefined">
        <graphics name="4.2.1.42" fgcolor="#000000" bgcolor="#FFFFFF"
             type="rectangle" x="729" y="373" width="46" height="17"/>
    </entry>
    <entry id="51" name="undefined:" type="undefined">
        <graphics name="4.2.1.41" fgcolor="#000000" bgcolor="#FFFFFF"
             type="rectangle" x="785" y="397" width="45" height="17"/>
    </entry>
    <entry id="52" name="undefined:" type="undefined">
        <graphics name="1.8.5.1" fgcolor="#000000" bgcolor="#FFFFFF"
             type="rectangle" x="393" y="564" width="45" height="17"/>
    </entry>
    <entry id="53" name="undefined:" type="undefined">
        <graphics name="1.11.1.11" fgcolor="#000000" bgcolor="#FFFFFF"
             type="rectangle" x="393" y="585" width="45" height="17"/>
    </entry>
    <entry id="54" name="undefined:" type="undefined">
        <graphics name="1.10.3.3" fgcolor="#000000" bgcolor="#FFFFFF"
             type="rectangle" x="393" y="520" width="45" height="17"/>
    </entry>
    <entry id="55" name="undefined:" type="undefined">
        <graphics name="1.6.5.4" fgcolor="#000000" bgcolor="#FFFFFF"
             type="rectangle" x="393" y="476" width="45" height="17"/>
    </entry>
    <entry id="56" name="undefined:" type="undefined">
        <graphics name="3.7.1.-" fgcolor="#000000" bgcolor="#FFFFFF"
             type="rectangle" x="890" y="397" width="46" height="17"/>
    </entry>
    <entry id="57" name="undefined:" type="undefined">
        <graphics name="1.2.1.26" fgcolor="#000000" bgcolor="#FFFFFF"
             type="rectangle" x="728" y="445" width="45" height="17"/>
    </entry>
    <entry id="58" name="undefined:" type="undefined">
        <graphics name="3.1.1.17" fgcolor="#000000" bgcolor="#FFFFFF"
             type="rectangle" x="453" y="410" width="45" height="17"/>
    </entry>
    <entry id="59" name="undefined:" type="undefined">
        <graphics name="4.2.1.43" fgcolor="#000000" bgcolor="#FFFFFF"
             type="rectangle" x="786" y="484" width="46" height="17"/>
    </entry>
    <entry id="60" name="path:hsa00020" type="map"
        link="http://www.genome.jp/kegg/pathway/hsa/hsa00020.html">
        <graphics name="Citrate cycle (TCA cycle)" fgcolor="#000000" bgcolor="#FFFFFF"
             type="roundrectangle" x="673" y="530" width="79" height="25"/>
    </entry>
    <entry id="61" name="path:hsa00520" type="map"
        link="http://www.genome.jp/kegg/pathway/hsa/hsa00520.html">
        <graphics name="Nucleotide sugars metabolism" fgcolor="#000000" bgcolor="#FFFFFF"
             type="roundrectangle" x="906" y="742" width="106" height="35"/>
    </entry>
    <entry id="62" name="undefined:" type="undefined">
        <graphics name="4.1.1.-" fgcolor="#000000" bgcolor="#FFFFFF"
             type="rectangle" x="525" y="743" width="45" height="17"/>
    </entry>
    <entry id="63" name="path:hsa00051" type="map"
        link="http://www.genome.jp/kegg/pathway/hsa/hsa00051.html">
        <graphics name="Fructose and mannose metabolism" fgcolor="#000000" bgcolor="#FFFFFF"
             type="roundrectangle" x="271" y="107" width="128" height="34"/>
    </entry>
    <entry id="64" name="undefined:" type="undefined">
        <graphics name="1.1.1.-" fgcolor="#000000" bgcolor="#FFFFFF"
             type="rectangle" x="891" y="484" width="45" height="17"/>
    </entry>
    <entry id="66" name="undefined:" type="undefined">
        <graphics name="4.2.1.25" fgcolor="#000000" bgcolor="#FFFFFF"
             type="rectangle" x="786" y="564" width="46" height="17"/>
    </entry>
    <entry id="67" name="undefined:" type="undefined">
        <graphics name="4.2.1.25" fgcolor="#000000" bgcolor="#FFFFFF"
             type="rectangle" x="892" y="564" width="46" height="17"/>
    </entry>
    <entry id="69" name="undefined:" type="undefined">
        <graphics name="4.2.1.40" fgcolor="#000000" bgcolor="#FFFFFF"
             type="rectangle" x="728" y="157" width="45" height="17"/>
    </entry>
    <entry id="70" name="hsa:217 hsa:218 hsa:219 hsa:220 hsa:223 hsa:224 hsa:501" type="gene" reaction="rn:R02957"
        link="http://www.genome.jp/dbget-bin/www_bget?hsa+217+218+219+220+223+224+501">
        <graphics name="ALDH2..." fgcolor="#000000" bgcolor="#BFFFBF"
             type="rectangle" x="621" y="301" width="46" height="17"/>
    </entry>
    <entry id="71" name="undefined:" type="undefined">
        <graphics name="3.1.1.19" fgcolor="#000000" bgcolor="#FFFFFF"
             type="rectangle" x="522" y="301" width="45" height="17"/>
    </entry>
    <entry id="72" name="undefined:" type="undefined">
        <graphics name="1.14.-.-" fgcolor="#000000" bgcolor="#FFFFFF"
             type="rectangle" x="393" y="497" width="45" height="17"/>
    </entry>
    <entry id="73" name="undefined:" type="undefined">
        <graphics name="1.13.11.13" fgcolor="#000000" bgcolor="#FFFFFF"
             type="rectangle" x="272" y="531" width="45" height="17"/>
    </entry>
    <entry id="74" name="undefined:" type="undefined">
        <graphics name="1.1.1.129" fgcolor="#000000" bgcolor="#FFFFFF"
             type="rectangle" x="179" y="531" width="45" height="17"/>
    </entry>
    <entry id="75" name="undefined:" type="undefined">
        <graphics name="1.1.1.46" fgcolor="#000000" bgcolor="#FFFFFF"
             type="rectangle" x="785" y="710" width="45" height="17"/>
    </entry>
    <entry id="76" name="undefined:" type="undefined">
        <graphics name="3.1.1.15" fgcolor="#000000" bgcolor="#FFFFFF"
             type="rectangle" x="785" y="637" width="45" height="17"/>
    </entry>
    <entry id="77" name="undefined:" type="undefined">
        <graphics name="1.3.2.3" fgcolor="#000000" bgcolor="#FFFFFF"
             type="rectangle" x="272" y="435" width="46" height="17"/>
    </entry>
    <entry id="78" name="undefined:" type="undefined">
        <graphics name="1.3.3.12" fgcolor="#000000" bgcolor="#FFFFFF"
             type="rectangle" x="272" y="456" width="46" height="17"/>
    </entry>
    <entry id="79" name="cpd:C02670" type="compound"
        link="http://www.genome.jp/dbget-bin/www_bget?compound+C02670">
        <graphics name="C02670" fgcolor="#000000" bgcolor="#FFFFFF"
             type="circle" x="566" y="302" width="8" height="8"/>
    </entry>
    <entry id="80" name="cpd:C00191" type="compound"
        link="http://www.genome.jp/dbget-bin/www_bget?compound+C00191">
        <graphics name="C00191" fgcolor="#000000" bgcolor="#FFFFFF"
             type="circle" x="478" y="302" width="8" height="8"/>
    </entry>
    <entry id="81" name="cpd:C03921" type="compound"
        link="http://www.genome.jp/dbget-bin/www_bget?compound+C03921">
        <graphics name="C03921" fgcolor="#000000" bgcolor="#FFFFFF"
             type="circle" x="782" y="158" width="8" height="8"/>
    </entry>
    <entry id="82" name="cpd:C00818" type="compound"
        link="http://www.genome.jp/dbget-bin/www_bget?compound+C00818">
        <graphics name="C00818" fgcolor="#000000" bgcolor="#FFFFFF"
             type="circle" x="674" y="302" width="8" height="8"/>
    </entry>
    <entry id="83" name="cpd:C01040" type="compound"
        link="http://www.genome.jp/dbget-bin/www_bget?compound+C01040">
        <graphics name="C01040" fgcolor="#000000" bgcolor="#FFFFFF"
             type="circle" x="478" y="446" width="8" height="8"/>
    </entry>
    <entry id="84" name="cpd:C00800" type="compound"
        link="http://www.genome.jp/dbget-bin/www_bget?compound+C00800">
        <graphics name="C00800" fgcolor="#000000" bgcolor="#FFFFFF"
             type="circle" x="478" y="374" width="8" height="8"/>
    </entry>
    <entry id="85" name="cpd:C01146" type="compound"
        link="http://www.genome.jp/dbget-bin/www_bget?compound+C01146">
        <graphics name="C01146" fgcolor="#000000" bgcolor="#FFFFFF"
             type="circle" x="865" y="230" width="8" height="8"/>
    </entry>
    <entry id="86" name="cpd:C00333" type="compound"
        link="http://www.genome.jp/dbget-bin/www_bget?compound+C00333">
        <graphics name="C00333" fgcolor="#000000" bgcolor="#FFFFFF"
             type="circle" x="134" y="302" width="8" height="8"/>
    </entry>
    <entry id="87" name="cpd:C03289" type="compound"
        link="http://www.genome.jp/dbget-bin/www_bget?compound+C03289">
        <graphics name="C03289" fgcolor="#000000" bgcolor="#FFFFFF"
             type="circle" x="394" y="446" width="8" height="8"/>
    </entry>
    <entry id="88" name="cpd:C00022" type="compound"
        link="http://www.genome.jp/dbget-bin/www_bget?compound+C00022">
        <graphics name="C00022" fgcolor="#000000" bgcolor="#FFFFFF"
             type="circle" x="890" y="302" width="8" height="8"/>
    </entry>
    <entry id="89" name="cpd:C00679" type="compound"
        link="http://www.genome.jp/dbget-bin/www_bget?compound+C00679">
        <graphics name="C00679" fgcolor="#000000" bgcolor="#FFFFFF"
             type="circle" x="783" y="302" width="8" height="8"/>
    </entry>
    <entry id="90" name="cpd:C00879" type="compound"
        link="http://www.genome.jp/dbget-bin/www_bget?compound+C00879">
        <graphics name="C00879" fgcolor="#000000" bgcolor="#FFFFFF"
             type="circle" x="674" y="374" width="8" height="8"/>
    </entry>
    <entry id="91" name="cpd:C00072" type="compound"
        link="http://www.genome.jp/dbget-bin/www_bget?compound+C00072">
        <graphics name="C00072" fgcolor="#000000" bgcolor="#FFFFFF"
             type="circle" x="314" y="531" width="8" height="8"/>
    </entry>
    <entry id="92" name="cpd:C00433" type="compound"
        link="http://www.genome.jp/dbget-bin/www_bget?compound+C00433">
        <graphics name="C00433" fgcolor="#000000" bgcolor="#FFFFFF"
             type="circle" x="787" y="446" width="8" height="8"/>
    </entry>
    <entry id="93" name="cpd:C00026" type="compound"
        link="http://www.genome.jp/dbget-bin/www_bget?compound+C00026">
        <graphics name="C00026" fgcolor="#000000" bgcolor="#FFFFFF"
             type="circle" x="674" y="446" width="8" height="8"/>
    </entry>
    <entry id="94" name="cpd:C05422" type="compound"
        link="http://www.genome.jp/dbget-bin/www_bget?compound+C05422">
        <graphics name="C05422" fgcolor="#000000" bgcolor="#FFFFFF"
             type="circle" x="478" y="531" width="8" height="8"/>
    </entry>
    <entry id="95" name="cpd:C01041" type="compound"
        link="http://www.genome.jp/dbget-bin/www_bget?compound+C01041">
        <graphics name="C01041" fgcolor="#000000" bgcolor="#FFFFFF"
             type="circle" x="478" y="486" width="8" height="8"/>
    </entry>
    <entry id="96" name="cpd:C05406" type="compound"
        link="http://www.genome.jp/dbget-bin/www_bget?compound+C05406">
        <graphics name="C05406" fgcolor="#000000" bgcolor="#FFFFFF"
             type="circle" x="890" y="446" width="8" height="8"/>
    </entry>
    <entry id="97" name="cpd:C04575" type="compound"
        link="http://www.genome.jp/dbget-bin/www_bget?compound+C04575">
        <graphics name="C04575" fgcolor="#000000" bgcolor="#FFFFFF"
             type="circle" x="479" y="743" width="8" height="8"/>
    </entry>
    <entry id="98" name="cpd:C00259" type="compound"
        link="http://www.genome.jp/dbget-bin/www_bget?compound+C00259">
        <graphics name="C00259" fgcolor="#000000" bgcolor="#FFFFFF"
             type="circle" x="787" y="743" width="8" height="8"/>
    </entry>
    <entry id="99" name="cpd:C00684" type="compound"
        link="http://www.genome.jp/dbget-bin/www_bget?compound+C00684">
        <graphics name="C00684" fgcolor="#000000" bgcolor="#FFFFFF"
             type="circle" x="787" y="529" width="8" height="8"/>
    </entry>
    <entry id="100" name="cpd:C05411" type="compound"
        link="http://www.genome.jp/dbget-bin/www_bget?compound+C05411">
        <graphics name="C05411" fgcolor="#000000" bgcolor="#FFFFFF"
             type="circle" x="587" y="744" width="8" height="8"/>
    </entry>
    <entry id="101" name="cpd:C05412" type="compound"
        link="http://www.genome.jp/dbget-bin/www_bget?compound+C05412">
        <graphics name="C05412" fgcolor="#000000" bgcolor="#FFFFFF"
             type="circle" x="587" y="779" width="8" height="8"/>
    </entry>
    <entry id="102" name="cpd:C03826" type="compound"
        link="http://www.genome.jp/dbget-bin/www_bget?compound+C03826">
        <graphics name="C03826" fgcolor="#000000" bgcolor="#FFFFFF"
             type="circle" x="890" y="529" width="8" height="8"/>
    </entry>
    <entry id="103" name="cpd:C00545" type="compound"
        link="http://www.genome.jp/dbget-bin/www_bget?compound+C00545">
        <graphics name="C00545" fgcolor="#000000" bgcolor="#FFFFFF"
             type="circle" x="787" y="601" width="8" height="8"/>
    </entry>
    <entry id="105" name="cpd:C01620" type="compound"
        link="http://www.genome.jp/dbget-bin/www_bget?compound+C01620">
        <graphics name="C01620" fgcolor="#000000" bgcolor="#FFFFFF"
             type="circle" x="226" y="531" width="8" height="8"/>
    </entry>
    <entry id="106" name="cpd:C03064" type="compound"
        link="http://www.genome.jp/dbget-bin/www_bget?compound+C03064">
        <graphics name="C03064" fgcolor="#000000" bgcolor="#FFFFFF"
             type="circle" x="134" y="531" width="8" height="8"/>
    </entry>
    <entry id="107" name="cpd:C01114" type="compound"
        link="http://www.genome.jp/dbget-bin/www_bget?compound+C01114">
        <graphics name="C01114" fgcolor="#000000" bgcolor="#FFFFFF"
             type="circle" x="787" y="678" width="8" height="8"/>
    </entry>
    <entry id="108" name="cpd:C01115" type="compound"
        link="http://www.genome.jp/dbget-bin/www_bget?compound+C01115">
        <graphics name="C01115" fgcolor="#000000" bgcolor="#FFFFFF"
             type="circle" x="226" y="446" width="8" height="8"/>
    </entry>
    <entry id="109" name="cpd:C00618" type="compound"
        link="http://www.genome.jp/dbget-bin/www_bget?compound+C00618">
        <graphics name="C00618" fgcolor="#000000" bgcolor="#FFFFFF"
             type="circle" x="313" y="743" width="8" height="8"/>
    </entry>
    <entry id="110" name="hsa:231" type="gene" map="43"
        link="http://www.genome.jp/dbget-bin/show_pathway?hsa00040+hsa:231"/>
    <entry id="118" name="hsa:81888" type="gene" map="39"
        link="http://www.genome.jp/dbget-bin/show_pathway?hsa00630+hsa:81888"/>
    <entry id="120" name="hsa:29925 hsa:29926" type="gene" map="63"
        link="http://www.genome.jp/dbget-bin/show_pathway?hsa00051+hsa:29925+hsa:29926"/>
    <entry id="122" name="hsa:2762" type="gene" map="63"
        link="http://www.genome.jp/dbget-bin/show_pathway?hsa00051+hsa:2762"/>
    <reaction name="rn:R01184" type="irreversible">
        <substrate name="cpd:C00137"/>
        <product name="cpd:C00191"/>
    </reaction>
    <reaction name="rn:R00286" type="irreversible">
        <substrate name="cpd:C00029"/>
        <product name="cpd:C00167"/>
    </reaction>
    <reaction name="rn:R02957" type="reversible">
        <substrate name="cpd:C02670"/>
        <product name="cpd:C00818"/>
    </reaction>
</pathway>
