<?xml version="1.0"?>
<!DOCTYPE pathway SYSTEM "http://www.genome.jp/kegg/xml/KGML_v0.6.1_.dtd">
<!-- Creation date: Jan 28 2009 01:53:49 +0900 (JST) -->
<pathway name="path:hsa00252" org="hsa" number="00252"
         title="Alanine and aspartate metabolism"
         image="http://www.genome.jp/kegg/pathway/hsa/hsa00252.gif"
         link="http://www.genome.jp/dbget-bin/show_pathway?hsa00252">
    <entry id="1" name="ko:K09759" type="ortholog">
        <graphics name="K09759" fgcolor="#000000" bgcolor="#FFFFFF"
             type="rectangle" x="634" y="406" width="46" height="17"/>
    </entry>
    <entry id="2" name="hsa:5091" type="gene" reaction="rn:R00344"
        link="http://www.genome.jp/dbget-bin/www_bget?hsa+5091">
        <graphics name="PC" fgcolor="#000000" bgcolor="#BFFFBF"
             type="rectangle" x="259" y="320" width="46" height="17"/>
    </entry>
    <entry id="3" name="hsa:1384" type="gene" reaction="rn:R02396"
        link="http://www.genome.jp/dbget-bin/www_bget?hsa+1384">
        <graphics name="CRAT" fgcolor="#000000" bgcolor="#BFFFBF"
             type="rectangle" x="347" y="413" width="46" height="17"/>
    </entry>
    <entry id="4" name="ko:K00822" type="ortholog">
        <graphics name="K00822" fgcolor="#000000" bgcolor="#FFFFFF"
             type="rectangle" x="499" y="334" width="46" height="17"/>
    </entry>
    <entry id="5" name="hsa:18" type="gene" reaction="rn:R00908"
        link="http://www.genome.jp/dbget-bin/www_bget?hsa+18">
        <graphics name="ABAT" fgcolor="#000000" bgcolor="#BFFFBF"
             type="rectangle" x="549" y="334" width="46" height="17"/>
    </entry>
    <entry id="7" name="ko:K01270" type="ortholog">
        <graphics name="K01270" fgcolor="#000000" bgcolor="#FFFFFF"
             type="rectangle" x="572" y="310" width="46" height="17"/>
    </entry>
    <entry id="8" name="ko:K01579" type="ortholog">
        <graphics name="K01579" fgcolor="#000000" bgcolor="#FFFFFF"
             type="rectangle" x="599" y="267" width="46" height="17"/>
    </entry>
    <entry id="9" name="ko:K09758" type="ortholog">
        <graphics name="K09758" fgcolor="#000000" bgcolor="#FFFFFF"
             type="rectangle" x="669" y="217" width="46" height="17"/>
    </entry>
    <entry id="10" name="hsa:2571 hsa:2572" type="gene" reaction="rn:R00489"
        link="http://www.genome.jp/dbget-bin/www_bget?hsa+2571+2572">
        <graphics name="GAD1..." fgcolor="#000000" bgcolor="#BFFFBF"
             type="rectangle" x="599" y="246" width="46" height="17"/>
    </entry>
    <entry id="12" name="hsa:1615 hsa:55157" type="gene" reaction="rn:R05577"
        link="http://www.genome.jp/dbget-bin/www_bget?hsa+1615+55157">
        <graphics name="DARS..." fgcolor="#000000" bgcolor="#BFFFBF"
             type="rectangle" x="634" y="385" width="46" height="17"/>
    </entry>
    <entry id="13" name="hsa:2875 hsa:84706" type="gene" reaction="rn:R00258"
        link="http://www.genome.jp/dbget-bin/www_bget?hsa+2875+84706">
        <graphics name="GPT..." fgcolor="#000000" bgcolor="#BFFFBF"
             type="rectangle" x="452" y="149" width="46" height="17"/>
    </entry>
    <entry id="14" name="hsa:189 hsa:64902" type="gene" reaction="rn:R00369"
        link="http://www.genome.jp/dbget-bin/www_bget?hsa+189+64902">
        <graphics name="AGXT..." fgcolor="#000000" bgcolor="#BFFFBF"
             type="rectangle" x="452" y="170" width="46" height="17"/>
    </entry>
    <entry id="15" name="hsa:16 hsa:57505" type="gene" reaction="rn:R03038"
        link="http://www.genome.jp/dbget-bin/www_bget?hsa+16+57505">
        <graphics name="AARS..." fgcolor="#000000" bgcolor="#BFFFBF"
             type="rectangle" x="725" y="142" width="46" height="17"/>
    </entry>
    <entry id="16" name="ko:K01775" type="ortholog">
        <graphics name="K01775" fgcolor="#000000" bgcolor="#FFFFFF"
             type="rectangle" x="721" y="167" width="46" height="17"/>
    </entry>
    <entry id="17" name="hsa:122622 hsa:159" type="gene" reaction="rn:R01135"
        link="http://www.genome.jp/dbget-bin/www_bget?hsa+122622+159">
        <graphics name="ADSSL1..." fgcolor="#000000" bgcolor="#BFFFBF"
             type="rectangle" x="739" y="450" width="46" height="17"/>
    </entry>
    <entry id="18" name="hsa:445" type="gene" reaction="rn:R01954"
        link="http://www.genome.jp/dbget-bin/www_bget?hsa+445">
        <graphics name="ASS1" fgcolor="#000000" bgcolor="#BFFFBF"
             type="rectangle" x="739" y="472" width="46" height="17"/>
    </entry>
    <entry id="19" name="hsa:80150" type="gene" reaction="rn:R00485"
        link="http://www.genome.jp/dbget-bin/www_bget?hsa+80150">
        <graphics name="ASRGL1" fgcolor="#000000" bgcolor="#BFFFBF"
             type="rectangle" x="578" y="576" width="46" height="17"/>
    </entry>
    <entry id="20" name="ko:K05597" type="ortholog">
        <graphics name="K05597" fgcolor="#000000" bgcolor="#FFFFFF"
             type="rectangle" x="628" y="576" width="46" height="17"/>
    </entry>
    <entry id="21" name="ko:K01914" type="ortholog">
        <graphics name="K01914" fgcolor="#000000" bgcolor="#FFFFFF"
             type="rectangle" x="677" y="576" width="46" height="17"/>
    </entry>
    <entry id="22" name="hsa:440" type="gene" reaction="rn:R00578"
        link="http://www.genome.jp/dbget-bin/www_bget?hsa+440">
        <graphics name="ASNS" fgcolor="#000000" bgcolor="#BFFFBF"
             type="rectangle" x="726" y="576" width="46" height="17"/>
    </entry>
    <entry id="23" name="ko:K01744" type="ortholog">
        <graphics name="K01744" fgcolor="#000000" bgcolor="#FFFFFF"
             type="rectangle" x="802" y="630" width="46" height="17"/>
    </entry>
    <entry id="24" name="hsa:435" type="gene" reaction="rn:R01086"
        link="http://www.genome.jp/dbget-bin/www_bget?hsa+435">
        <graphics name="ASL" fgcolor="#000000" bgcolor="#BFFFBF"
             type="rectangle" x="832" y="603" width="46" height="17"/>
    </entry>
    <entry id="25" name="hsa:158" type="gene" reaction="rn:R01083"
        link="http://www.genome.jp/dbget-bin/www_bget?hsa+158">
        <graphics name="ADSL" fgcolor="#000000" bgcolor="#BFFFBF"
             type="rectangle" x="864" y="578" width="46" height="17"/>
    </entry>
    <entry id="28" name="ko:K03334" type="ortholog">
        <graphics name="K03334" fgcolor="#000000" bgcolor="#FFFFFF"
             type="rectangle" x="475" y="522" width="46" height="17"/>
    </entry>
    <entry id="29" name="ko:K00278" type="ortholog">
        <graphics name="K00278" fgcolor="#000000" bgcolor="#FFFFFF"
             type="rectangle" x="475" y="543" width="46" height="17"/>
    </entry>
    <entry id="30" name="ko:K00136" type="ortholog">
        <graphics name="K00136" fgcolor="#000000" bgcolor="#FFFFFF"
             type="rectangle" x="460" y="366" width="46" height="17"/>
    </entry>
    <entry id="31" name="hsa:790" type="gene" reaction="rn:R01397"
        link="http://www.genome.jp/dbget-bin/www_bget?hsa+790">
        <graphics name="CAD" fgcolor="#000000" bgcolor="#BFFFBF"
             type="rectangle" x="590" y="430" width="46" height="17"/>
    </entry>
    <entry id="32" name="path:hsa00010" type="map"
        link="http://www.genome.jp/kegg/pathway/hsa/hsa00010.html">
        <graphics name="Glycolysis / Gluconeogenesis" fgcolor="#000000" bgcolor="#FFFFFF"
             type="roundrectangle" x="345" y="261" width="110" height="34"/>
    </entry>
    <entry id="33" name="path:hsa00240" type="map"
        link="http://www.genome.jp/kegg/pathway/hsa/hsa00240.html">
        <graphics name="Pyrimidine metabolism" fgcolor="#000000" bgcolor="#FFFFFF"
             type="roundrectangle" x="461" y="255" width="73" height="34"/>
    </entry>
    <entry id="34" name="path:hsa00770" type="map"
        link="http://www.genome.jp/kegg/pathway/hsa/hsa00770.html">
        <graphics name="Pantothenate and CoA biosynthesis" fgcolor="#000000" bgcolor="#FFFFFF"
             type="roundrectangle" x="520" y="211" width="98" height="34"/>
    </entry>
    <entry id="35" name="path:hsa00071" type="map"
        link="http://www.genome.jp/kegg/pathway/hsa/hsa00071.html">
        <graphics name="Fatty acid metabolism" fgcolor="#000000" bgcolor="#FFFFFF"
             type="roundrectangle" x="309" y="366" width="76" height="33"/>
    </entry>
    <entry id="36" name="path:hsa00760" type="map"
        link="http://www.genome.jp/kegg/pathway/hsa/hsa00760.html">
        <graphics name="Nicotinate and nicotinamide metabolism" fgcolor="#000000" bgcolor="#FFFFFF"
             type="roundrectangle" x="184" y="491" width="139" height="34"/>
    </entry>
    <entry id="37" name="path:hsa00720" type="map"
        link="http://www.genome.jp/kegg/pathway/hsa/hsa00720.html">
        <graphics name="Reductive carboxylate cycle (CO2 fixation)" fgcolor="#000000" bgcolor="#FFFFFF"
             type="roundrectangle" x="184" y="529" width="103" height="34"/>
    </entry>
    <entry id="38" name="path:hsa00020" type="map"
        link="http://www.genome.jp/kegg/pathway/hsa/hsa00020.html">
        <graphics name="Citrate cycle (TCA cycle)" fgcolor="#000000" bgcolor="#FFFFFF"
             type="roundrectangle" x="168" y="611" width="71" height="25"/>
    </entry>
    <entry id="39" name="path:hsa00720" type="map"
        link="http://www.genome.jp/kegg/pathway/hsa/hsa00720.html">
        <graphics name="Reductive carboxylate cycle (CO2 fixation)" fgcolor="#000000" bgcolor="#FFFFFF"
             type="roundrectangle" x="788" y="199" width="103" height="34"/>
    </entry>
    <entry id="40" name="path:hsa00340" type="map"
        link="http://www.genome.jp/kegg/pathway/hsa/hsa00340.html">
        <graphics name="Histidine metabolism" fgcolor="#000000" bgcolor="#FFFFFF"
             type="roundrectangle" x="783" y="238" width="122" height="25"/>
    </entry>
    <entry id="41" name="path:hsa00760" type="map"
        link="http://www.genome.jp/kegg/pathway/hsa/hsa00760.html">
        <graphics name="Nicotinate and nicotinamide metabolism" fgcolor="#000000" bgcolor="#FFFFFF"
             type="roundrectangle" x="790" y="271" width="137" height="34"/>
    </entry>
    <entry id="42" name="path:hsa00260" type="map"
        link="http://www.genome.jp/kegg/pathway/hsa/hsa00260.html">
        <graphics name="Glycine, serine and threonine metabolism" fgcolor="#000000" bgcolor="#FFFFFF"
             type="roundrectangle" x="794" y="303" width="144" height="25"/>
    </entry>
    <entry id="43" name="path:hsa00300" type="map"
        link="http://www.genome.jp/kegg/pathway/hsa/hsa00300.html">
        <graphics name="Lysine biosynthesis" fgcolor="#000000" bgcolor="#FFFFFF"
             type="roundrectangle" x="777" y="331" width="110" height="25"/>
    </entry>
    <entry id="44" name="path:hsa00252" type="map"
        link="http://www.genome.jp/dbget-bin/get_linkdb?pathway+hsa00252">
        <graphics name="TITLE:Alanine and aspartate metabolism" fgcolor="#000000" bgcolor="#FFFFFF"
             type="roundrectangle" x="215" y="67" width="310" height="25"/>
    </entry>
    <entry id="45" name="path:hsa00220" type="map"
        link="http://www.genome.jp/kegg/pathway/hsa/hsa00220.html">
        <graphics name="Urea cycle and metabolism of amino groups" fgcolor="#000000" bgcolor="#FFFFFF"
             type="roundrectangle" x="756" y="387" width="68" height="25"/>
    </entry>
    <entry id="46" name="path:hsa00330" type="map"
        link="http://www.genome.jp/kegg/pathway/hsa/hsa00330.html">
        <graphics name="Arginine and proline metabolism" fgcolor="#000000" bgcolor="#FFFFFF"
             type="roundrectangle" x="784" y="415" width="124" height="25"/>
    </entry>
    <entry id="47" name="path:hsa00410" type="map"
        link="http://www.genome.jp/kegg/pathway/hsa/hsa00410.html">
        <graphics name="beta-Alanine metabolism" fgcolor="#000000" bgcolor="#FFFFFF"
             type="roundrectangle" x="787" y="359" width="130" height="25"/>
    </entry>
    <entry id="48" name="path:hsa00450" type="map"
        link="http://www.genome.jp/kegg/pathway/hsa/hsa00450.html">
        <graphics name="Selenoamino acid metabolism" fgcolor="#000000" bgcolor="#FFFFFF"
             type="roundrectangle" x="551" y="112" width="102" height="34"/>
    </entry>
    <entry id="49" name="path:hsa00460" type="map"
        link="http://www.genome.jp/kegg/pathway/hsa/hsa00460.html">
        <graphics name="Cyanoamino acid metabolism" fgcolor="#000000" bgcolor="#FFFFFF"
             type="roundrectangle" x="551" y="75" width="99" height="34"/>
    </entry>
    <entry id="50" name="path:map00473" type="map"
        link="http://www.genome.jp/kegg/pathway/map/map00473.html">
        <graphics name="D-Alanine metabolism" fgcolor="#000000" bgcolor="#FFFFFF"
             type="roundrectangle" x="771" y="87" width="75" height="34"/>
    </entry>
    <entry id="51" name="hsa:2805 hsa:2806" type="gene" reaction="rn:R00355"
        link="http://www.genome.jp/dbget-bin/www_bget?hsa+2805+2806">
        <graphics name="GOT1..." fgcolor="#000000" bgcolor="#BFFFBF"
             type="rectangle" x="510" y="477" width="46" height="17"/>
    </entry>
    <entry id="52" name="ko:K02433 ko:K02434 ko:K02435" type="ortholog">
        <graphics name="K02433..." fgcolor="#000000" bgcolor="#FFFFFF"
             type="rectangle" x="727" y="681" width="46" height="17"/>
    </entry>
    <entry id="53" name="ko:K09759" type="ortholog">
        <graphics name="K09759" fgcolor="#000000" bgcolor="#FFFFFF"
             type="rectangle" x="766" y="603" width="46" height="17"/>
    </entry>
    <entry id="54" name="hsa:4677 hsa:79731" type="gene" reaction="rn:R03648"
        link="http://www.genome.jp/dbget-bin/www_bget?hsa+4677+79731">
        <graphics name="NARS..." fgcolor="#000000" bgcolor="#BFFFBF"
             type="rectangle" x="676" y="648" width="46" height="17"/>
    </entry>
    <entry id="55" name="hsa:8528" type="gene" reaction="rn:R00359"
        link="http://www.genome.jp/dbget-bin/www_bget?hsa+8528">
        <graphics name="DDO" fgcolor="#000000" bgcolor="#BFFFBF"
             type="rectangle" x="419" y="494" width="46" height="17"/>
    </entry>
    <entry id="58" name="ko:K01779" type="ortholog">
        <graphics name="K01779" fgcolor="#000000" bgcolor="#FFFFFF"
             type="rectangle" x="585" y="505" width="46" height="17"/>
    </entry>
    <entry id="59" name="hsa:443 hsa:91703" type="gene" reaction="rn:R00488"
        link="http://www.genome.jp/dbget-bin/www_bget?hsa+443+91703">
        <graphics name="ASPA..." fgcolor="#000000" bgcolor="#BFFFBF"
             type="rectangle" x="526" y="563" width="46" height="17"/>
    </entry>
    <entry id="60" name="cpd:C00022" type="compound"
        link="http://www.genome.jp/dbget-bin/www_bget?compound+C00022">
        <graphics name="C00022" fgcolor="#000000" bgcolor="#FFFFFF"
             type="circle" x="260" y="169" width="8" height="8"/>
    </entry>
    <entry id="61" name="cpd:C02571" type="compound"
        link="http://www.genome.jp/dbget-bin/www_bget?compound+C02571">
        <graphics name="C02571" fgcolor="#000000" bgcolor="#FFFFFF"
             type="circle" x="298" y="413" width="8" height="8"/>
    </entry>
    <entry id="62" name="cpd:C00024" type="compound"
        link="http://www.genome.jp/dbget-bin/www_bget?compound+C00024">
        <graphics name="C00024" fgcolor="#000000" bgcolor="#FFFFFF"
             type="circle" x="382" y="367" width="8" height="8"/>
    </entry>
    <entry id="63" name="cpd:C00099" type="compound"
        link="http://www.genome.jp/dbget-bin/www_bget?compound+C00099">
        <graphics name="C00099" fgcolor="#000000" bgcolor="#FFFFFF"
             type="circle" x="524" y="301" width="8" height="8"/>
    </entry>
    <entry id="64" name="cpd:C00386" type="compound"
        link="http://www.genome.jp/dbget-bin/www_bget?compound+C00386">
        <graphics name="C00386" fgcolor="#000000" bgcolor="#FFFFFF"
             type="circle" x="620" y="301" width="8" height="8"/>
    </entry>
    <entry id="65" name="cpd:C00222" type="compound"
        link="http://www.genome.jp/dbget-bin/www_bget?compound+C00222">
        <graphics name="C00222" fgcolor="#000000" bgcolor="#FFFFFF"
             type="circle" x="524" y="367" width="8" height="8"/>
    </entry>
    <entry id="66" name="cpd:C00041" type="compound"
        link="http://www.genome.jp/dbget-bin/www_bget?compound+C00041">
        <graphics name="C00041" fgcolor="#000000" bgcolor="#FFFFFF"
             type="circle" x="672" y="169" width="8" height="8"/>
    </entry>
    <entry id="67" name="cpd:C00886" type="compound"
        link="http://www.genome.jp/dbget-bin/www_bget?compound+C00886">
        <graphics name="C00886" fgcolor="#000000" bgcolor="#FFFFFF"
             type="circle" x="769" y="142" width="8" height="8"/>
    </entry>
    <entry id="68" name="cpd:C00017" type="compound"
        link="http://www.genome.jp/dbget-bin/www_bget?compound+C00017">
        <graphics name="C00017" fgcolor="#000000" bgcolor="#FFFFFF"
             type="circle" x="845" y="142" width="8" height="8"/>
    </entry>
    <entry id="69" name="cpd:C00133" type="compound"
        link="http://www.genome.jp/dbget-bin/www_bget?compound+C00133">
        <graphics name="C00133" fgcolor="#000000" bgcolor="#FFFFFF"
             type="circle" x="769" y="168" width="8" height="8"/>
    </entry>
    <entry id="70" name="cpd:C02984" type="compound"
        link="http://www.genome.jp/dbget-bin/www_bget?compound+C02984">
        <graphics name="C02984" fgcolor="#000000" bgcolor="#FFFFFF"
             type="circle" x="590" y="396" width="8" height="8"/>
    </entry>
    <entry id="71" name="cpd:C00438" type="compound"
        link="http://www.genome.jp/dbget-bin/www_bget?compound+C00438">
        <graphics name="C00438" fgcolor="#000000" bgcolor="#FFFFFF"
             type="circle" x="514" y="430" width="8" height="8"/>
    </entry>
    <entry id="72" name="cpd:C00049" type="compound"
        link="http://www.genome.jp/dbget-bin/www_bget?compound+C00049">
        <graphics name="C00049" fgcolor="#000000" bgcolor="#FFFFFF"
             type="circle" x="676" y="535" width="8" height="8"/>
    </entry>
    <entry id="73" name="cpd:C03406" type="compound"
        link="http://www.genome.jp/dbget-bin/www_bget?compound+C03406">
        <graphics name="C03406" fgcolor="#000000" bgcolor="#FFFFFF"
             type="circle" x="831" y="472" width="8" height="8"/>
    </entry>
    <entry id="74" name="cpd:C03794" type="compound"
        link="http://www.genome.jp/dbget-bin/www_bget?compound+C03794">
        <graphics name="C03794" fgcolor="#000000" bgcolor="#FFFFFF"
             type="circle" x="865" y="450" width="8" height="8"/>
    </entry>
    <entry id="75" name="cpd:C00152" type="compound"
        link="http://www.genome.jp/dbget-bin/www_bget?compound+C00152">
        <graphics name="C00152" fgcolor="#000000" bgcolor="#FFFFFF"
             type="circle" x="676" y="616" width="8" height="8"/>
    </entry>
    <entry id="76" name="cpd:C00158" type="compound"
        link="http://www.genome.jp/dbget-bin/www_bget?compound+C00158">
        <graphics name="C00158" fgcolor="#000000" bgcolor="#FFFFFF"
             type="circle" x="420" y="570" width="8" height="8"/>
    </entry>
    <entry id="77" name="cpd:C00036" type="compound"
        link="http://www.genome.jp/dbget-bin/www_bget?compound+C00036">
        <graphics name="C00036" fgcolor="#000000" bgcolor="#FFFFFF"
             type="circle" x="263" y="570" width="8" height="8"/>
    </entry>
    <entry id="78" name="cpd:C02362" type="compound"
        link="http://www.genome.jp/dbget-bin/www_bget?compound+C02362">
        <graphics name="C02362" fgcolor="#000000" bgcolor="#FFFFFF"
             type="circle" x="263" y="619" width="8" height="8"/>
    </entry>
    <entry id="79" name="cpd:C00026" type="compound"
        link="http://www.genome.jp/dbget-bin/www_bget?compound+C00026">
        <graphics name="C00026" fgcolor="#000000" bgcolor="#FFFFFF"
             type="circle" x="263" y="656" width="8" height="8"/>
    </entry>
    <entry id="80" name="cpd:C00042" type="compound"
        link="http://www.genome.jp/dbget-bin/www_bget?compound+C00042">
        <graphics name="C00042" fgcolor="#000000" bgcolor="#FFFFFF"
             type="circle" x="128" y="656" width="8" height="8"/>
    </entry>
    <entry id="81" name="cpd:C00122" type="compound"
        link="http://www.genome.jp/dbget-bin/www_bget?compound+C00122">
        <graphics name="C00122" fgcolor="#000000" bgcolor="#FFFFFF"
             type="circle" x="83" y="609" width="8" height="8"/>
    </entry>
    <entry id="82" name="cpd:C00149" type="compound"
        link="http://www.genome.jp/dbget-bin/www_bget?compound+C00149">
        <graphics name="C00149" fgcolor="#000000" bgcolor="#FFFFFF"
             type="circle" x="128" y="570" width="8" height="8"/>
    </entry>
    <entry id="83" name="cpd:C06113" type="compound"
        link="http://www.genome.jp/dbget-bin/www_bget?compound+C06113">
        <graphics name="C06113" fgcolor="#000000" bgcolor="#FFFFFF"
             type="circle" x="766" y="681" width="8" height="8"/>
    </entry>
    <entry id="84" name="cpd:C03402" type="compound"
        link="http://www.genome.jp/dbget-bin/www_bget?compound+C03402">
        <graphics name="C03402" fgcolor="#000000" bgcolor="#FFFFFF"
             type="circle" x="676" y="681" width="8" height="8"/>
    </entry>
    <entry id="85" name="cpd:C00402" type="compound"
        link="http://www.genome.jp/dbget-bin/www_bget?compound+C00402">
        <graphics name="C00402" fgcolor="#000000" bgcolor="#FFFFFF"
             type="circle" x="476" y="505" width="8" height="8"/>
    </entry>
    <entry id="86" name="cpd:C01042" type="compound"
        link="http://www.genome.jp/dbget-bin/www_bget?compound+C01042">
        <graphics name="C01042" fgcolor="#000000" bgcolor="#FFFFFF"
             type="circle" x="526" y="583" width="8" height="8"/>
    </entry>
    <relation entry1="2" entry2="14" type="ECrel">
        <subtype name="compound" value="60"/>
    </relation>
    <relation entry1="2" entry2="13" type="ECrel">
        <subtype name="compound" value="60"/>
    </relation>
    <relation entry1="5" entry2="10" type="ECrel">
        <subtype name="compound" value="63"/>
    </relation>
    <relation entry1="2" entry2="55" type="ECrel">
        <subtype name="compound" value="77"/>
    </relation>
    <relation entry1="2" entry2="51" type="ECrel">
        <subtype name="compound" value="77"/>
    </relation>
    <relation entry1="13" entry2="15" type="ECrel">
        <subtype name="compound" value="66"/>
    </relation>
    <relation entry1="14" entry2="15" type="ECrel">
        <subtype name="compound" value="66"/>
    </relation>
    <relation entry1="24" entry2="25" type="ECrel">
        <subtype name="compound" value="81"/>
    </relation>
    <relation entry1="19" entry2="54" type="ECrel">
        <subtype name="compound" value="75"/>
    </relation>
    <relation entry1="22" entry2="54" type="ECrel">
        <subtype name="compound" value="75"/>
    </relation>
    <relation entry1="17" entry2="25" type="ECrel">
        <subtype name="compound" value="74"/>
    </relation>
    <relation entry1="18" entry2="24" type="ECrel">
        <subtype name="compound" value="73"/>
    </relation>
    <relation entry1="22" entry2="59" type="ECrel">
        <subtype name="compound" value="72"/>
    </relation>
    <relation entry1="22" entry2="51" type="ECrel">
        <subtype name="compound" value="72"/>
    </relation>
    <relation entry1="22" entry2="31" type="ECrel">
        <subtype name="compound" value="72"/>
    </relation>
    <relation entry1="12" entry2="22" type="ECrel">
        <subtype name="compound" value="72"/>
    </relation>
    <relation entry1="10" entry2="22" type="ECrel">
        <subtype name="compound" value="72"/>
    </relation>
    <relation entry1="17" entry2="22" type="ECrel">
        <subtype name="compound" value="72"/>
    </relation>
    <relation entry1="18" entry2="22" type="ECrel">
        <subtype name="compound" value="72"/>
    </relation>
    <relation entry1="19" entry2="59" type="ECrel">
        <subtype name="compound" value="72"/>
    </relation>
    <relation entry1="19" entry2="51" type="ECrel">
        <subtype name="compound" value="72"/>
    </relation>
    <relation entry1="19" entry2="31" type="ECrel">
        <subtype name="compound" value="72"/>
    </relation>
    <relation entry1="12" entry2="19" type="ECrel">
        <subtype name="compound" value="72"/>
    </relation>
    <relation entry1="10" entry2="19" type="ECrel">
        <subtype name="compound" value="72"/>
    </relation>
    <relation entry1="17" entry2="19" type="ECrel">
        <subtype name="compound" value="72"/>
    </relation>
    <relation entry1="18" entry2="19" type="ECrel">
        <subtype name="compound" value="72"/>
    </relation>
    <relation entry1="51" entry2="59" type="ECrel">
        <subtype name="compound" value="72"/>
    </relation>
    <relation entry1="31" entry2="59" type="ECrel">
        <subtype name="compound" value="72"/>
    </relation>
    <relation entry1="12" entry2="59" type="ECrel">
        <subtype name="compound" value="72"/>
    </relation>
    <relation entry1="10" entry2="59" type="ECrel">
        <subtype name="compound" value="72"/>
    </relation>
    <relation entry1="17" entry2="59" type="ECrel">
        <subtype name="compound" value="72"/>
    </relation>
    <relation entry1="18" entry2="59" type="ECrel">
        <subtype name="compound" value="72"/>
    </relation>
    <relation entry1="31" entry2="51" type="ECrel">
        <subtype name="compound" value="72"/>
    </relation>
    <relation entry1="12" entry2="51" type="ECrel">
        <subtype name="compound" value="72"/>
    </relation>
    <relation entry1="10" entry2="51" type="ECrel">
        <subtype name="compound" value="72"/>
    </relation>
    <relation entry1="17" entry2="51" type="ECrel">
        <subtype name="compound" value="72"/>
    </relation>
    <relation entry1="18" entry2="51" type="ECrel">
        <subtype name="compound" value="72"/>
    </relation>
    <relation entry1="12" entry2="31" type="ECrel">
        <subtype name="compound" value="72"/>
    </relation>
    <relation entry1="10" entry2="31" type="ECrel">
        <subtype name="compound" value="72"/>
    </relation>
    <relation entry1="17" entry2="31" type="ECrel">
        <subtype name="compound" value="72"/>
    </relation>
    <relation entry1="18" entry2="31" type="ECrel">
        <subtype name="compound" value="72"/>
    </relation>
    <relation entry1="10" entry2="12" type="ECrel">
        <subtype name="compound" value="72"/>
    </relation>
    <relation entry1="12" entry2="17" type="ECrel">
        <subtype name="compound" value="72"/>
    </relation>
    <relation entry1="12" entry2="18" type="ECrel">
        <subtype name="compound" value="72"/>
    </relation>
    <relation entry1="10" entry2="17" type="ECrel">
        <subtype name="compound" value="72"/>
    </relation>
    <relation entry1="10" entry2="18" type="ECrel">
        <subtype name="compound" value="72"/>
    </relation>
    <relation entry1="17" entry2="18" type="ECrel">
        <subtype name="compound" value="72"/>
    </relation>
    <relation entry1="3" entry2="35" type="maplink">
        <subtype name="compound" value="62"/>
    </relation>
    <relation entry1="5" entry2="33" type="maplink">
        <subtype name="compound" value="63"/>
    </relation>
    <relation entry1="5" entry2="34" type="maplink">
        <subtype name="compound" value="63"/>
    </relation>
    <relation entry1="10" entry2="33" type="maplink">
        <subtype name="compound" value="63"/>
    </relation>
    <relation entry1="10" entry2="34" type="maplink">
        <subtype name="compound" value="63"/>
    </relation>
    <relation entry1="55" entry2="37" type="maplink">
        <subtype name="compound" value="77"/>
    </relation>
    <relation entry1="51" entry2="37" type="maplink">
        <subtype name="compound" value="77"/>
    </relation>
    <relation entry1="2" entry2="37" type="maplink">
        <subtype name="compound" value="77"/>
    </relation>
    <relation entry1="15" entry2="39" type="maplink">
        <subtype name="compound" value="66"/>
    </relation>
    <relation entry1="15" entry2="50" type="maplink">
        <subtype name="compound" value="66"/>
    </relation>
    <relation entry1="15" entry2="49" type="maplink">
        <subtype name="compound" value="66"/>
    </relation>
    <relation entry1="15" entry2="48" type="maplink">
        <subtype name="compound" value="66"/>
    </relation>
    <relation entry1="13" entry2="39" type="maplink">
        <subtype name="compound" value="66"/>
    </relation>
    <relation entry1="13" entry2="50" type="maplink">
        <subtype name="compound" value="66"/>
    </relation>
    <relation entry1="13" entry2="49" type="maplink">
        <subtype name="compound" value="66"/>
    </relation>
    <relation entry1="13" entry2="48" type="maplink">
        <subtype name="compound" value="66"/>
    </relation>
    <relation entry1="14" entry2="39" type="maplink">
        <subtype name="compound" value="66"/>
    </relation>
    <relation entry1="14" entry2="50" type="maplink">
        <subtype name="compound" value="66"/>
    </relation>
    <relation entry1="14" entry2="49" type="maplink">
        <subtype name="compound" value="66"/>
    </relation>
    <relation entry1="14" entry2="48" type="maplink">
        <subtype name="compound" value="66"/>
    </relation>
    <relation entry1="22" entry2="40" type="maplink">
        <subtype name="compound" value="72"/>
    </relation>
    <relation entry1="22" entry2="41" type="maplink">
        <subtype name="compound" value="72"/>
    </relation>
    <relation entry1="22" entry2="42" type="maplink">
        <subtype name="compound" value="72"/>
    </relation>
    <relation entry1="22" entry2="43" type="maplink">
        <subtype name="compound" value="72"/>
    </relation>
    <relation entry1="22" entry2="47" type="maplink">
        <subtype name="compound" value="72"/>
    </relation>
    <relation entry1="22" entry2="45" type="maplink">
        <subtype name="compound" value="72"/>
    </relation>
    <relation entry1="22" entry2="46" type="maplink">
        <subtype name="compound" value="72"/>
    </relation>
    <relation entry1="19" entry2="40" type="maplink">
        <subtype name="compound" value="72"/>
    </relation>
    <relation entry1="19" entry2="41" type="maplink">
        <subtype name="compound" value="72"/>
    </relation>
    <relation entry1="19" entry2="42" type="maplink">
        <subtype name="compound" value="72"/>
    </relation>
    <relation entry1="19" entry2="43" type="maplink">
        <subtype name="compound" value="72"/>
    </relation>
    <relation entry1="19" entry2="47" type="maplink">
        <subtype name="compound" value="72"/>
    </relation>
    <relation entry1="19" entry2="45" type="maplink">
        <subtype name="compound" value="72"/>
    </relation>
    <relation entry1="19" entry2="46" type="maplink">
        <subtype name="compound" value="72"/>
    </relation>
    <relation entry1="59" entry2="40" type="maplink">
        <subtype name="compound" value="72"/>
    </relation>
    <relation entry1="59" entry2="41" type="maplink">
        <subtype name="compound" value="72"/>
    </relation>
    <relation entry1="59" entry2="42" type="maplink">
        <subtype name="compound" value="72"/>
    </relation>
    <relation entry1="59" entry2="43" type="maplink">
        <subtype name="compound" value="72"/>
    </relation>
    <relation entry1="59" entry2="47" type="maplink">
        <subtype name="compound" value="72"/>
    </relation>
    <relation entry1="59" entry2="45" type="maplink">
        <subtype name="compound" value="72"/>
    </relation>
    <relation entry1="59" entry2="46" type="maplink">
        <subtype name="compound" value="72"/>
    </relation>
    <relation entry1="51" entry2="40" type="maplink">
        <subtype name="compound" value="72"/>
    </relation>
    <relation entry1="51" entry2="41" type="maplink">
        <subtype name="compound" value="72"/>
    </relation>
    <relation entry1="51" entry2="42" type="maplink">
        <subtype name="compound" value="72"/>
    </relation>
    <relation entry1="51" entry2="43" type="maplink">
        <subtype name="compound" value="72"/>
    </relation>
    <relation entry1="51" entry2="47" type="maplink">
        <subtype name="compound" value="72"/>
    </relation>
    <relation entry1="51" entry2="45" type="maplink">
        <subtype name="compound" value="72"/>
    </relation>
    <relation entry1="51" entry2="46" type="maplink">
        <subtype name="compound" value="72"/>
    </relation>
    <relation entry1="31" entry2="40" type="maplink">
        <subtype name="compound" value="72"/>
    </relation>
    <relation entry1="31" entry2="41" type="maplink">
        <subtype name="compound" value="72"/>
    </relation>
    <relation entry1="31" entry2="42" type="maplink">
        <subtype name="compound" value="72"/>
    </relation>
    <relation entry1="31" entry2="43" type="maplink">
        <subtype name="compound" value="72"/>
    </relation>
    <relation entry1="31" entry2="47" type="maplink">
        <subtype name="compound" value="72"/>
    </relation>
    <relation entry1="31" entry2="45" type="maplink">
        <subtype name="compound" value="72"/>
    </relation>
    <relation entry1="31" entry2="46" type="maplink">
        <subtype name="compound" value="72"/>
    </relation>
    <relation entry1="12" entry2="40" type="maplink">
        <subtype name="compound" value="72"/>
    </relation>
    <relation entry1="12" entry2="41" type="maplink">
        <subtype name="compound" value="72"/>
    </relation>
    <relation entry1="12" entry2="42" type="maplink">
        <subtype name="compound" value="72"/>
    </relation>
    <relation entry1="12" entry2="43" type="maplink">
        <subtype name="compound" value="72"/>
    </relation>
    <relation entry1="12" entry2="47" type="maplink">
        <subtype name="compound" value="72"/>
    </relation>
    <relation entry1="12" entry2="45" type="maplink">
        <subtype name="compound" value="72"/>
    </relation>
    <relation entry1="12" entry2="46" type="maplink">
        <subtype name="compound" value="72"/>
    </relation>
    <relation entry1="10" entry2="40" type="maplink">
        <subtype name="compound" value="72"/>
    </relation>
    <relation entry1="10" entry2="41" type="maplink">
        <subtype name="compound" value="72"/>
    </relation>
    <relation entry1="10" entry2="42" type="maplink">
        <subtype name="compound" value="72"/>
    </relation>
    <relation entry1="10" entry2="43" type="maplink">
        <subtype name="compound" value="72"/>
    </relation>
    <relation entry1="10" entry2="47" type="maplink">
        <subtype name="compound" value="72"/>
    </relation>
    <relation entry1="10" entry2="45" type="maplink">
        <subtype name="compound" value="72"/>
    </relation>
    <relation entry1="10" entry2="46" type="maplink">
        <subtype name="compound" value="72"/>
    </relation>
    <relation entry1="17" entry2="40" type="maplink">
        <subtype name="compound" value="72"/>
    </relation>
    <relation entry1="18" entry2="40" type="maplink">
        <subtype name="compound" value="72"/>
    </relation>
    <relation entry1="17" entry2="41" type="maplink">
        <subtype name="compound" value="72"/>
    </relation>
    <relation entry1="18" entry2="41" type="maplink">
        <subtype name="compound" value="72"/>
    </relation>
    <relation entry1="17" entry2="42" type="maplink">
        <subtype name="compound" value="72"/>
    </relation>
    <relation entry1="18" entry2="42" type="maplink">
        <subtype name="compound" value="72"/>
    </relation>
    <relation entry1="17" entry2="43" type="maplink">
        <subtype name="compound" value="72"/>
    </relation>
    <relation entry1="18" entry2="43" type="maplink">
        <subtype name="compound" value="72"/>
    </relation>
    <relation entry1="17" entry2="47" type="maplink">
        <subtype name="compound" value="72"/>
    </relation>
    <relation entry1="18" entry2="47" type="maplink">
        <subtype name="compound" value="72"/>
    </relation>
    <relation entry1="17" entry2="45" type="maplink">
        <subtype name="compound" value="72"/>
    </relation>
    <relation entry1="18" entry2="45" type="maplink">
        <subtype name="compound" value="72"/>
    </relation>
    <relation entry1="17" entry2="46" type="maplink">
        <subtype name="compound" value="72"/>
    </relation>
    <relation entry1="18" entry2="46" type="maplink">
        <subtype name="compound" value="72"/>
    </relation>
    <relation entry1="36" entry2="25" type="maplink">
        <subtype name="compound" value="81"/>
    </relation>
    <relation entry1="36" entry2="24" type="maplink">
        <subtype name="compound" value="81"/>
    </relation>
    <reaction name="rn:R00344" type="irreversible">
        <substrate name="cpd:C00022"/>
        <product name="cpd:C00036"/>
    </reaction>
    <reaction name="rn:R02396" type="reversible">
        <substrate name="cpd:C00024"/>
        <product name="cpd:C02571"/>
    </reaction>
    <reaction name="rn:R00908" type="reversible">
        <substrate name="cpd:C00099"/>
        <product name="cpd:C00222"/>
    </reaction>
    <reaction name="rn:R00489" type="irreversible">
        <substrate name="cpd:C00049"/>
        <product name="cpd:C00099"/>
    </reaction>
    <reaction name="rn:R05577" type="irreversible">
        <substrate name="cpd:C00049"/>
        <product name="cpd:C02984"/>
    </reaction>
    <reaction name="rn:R00258" type="reversible">
        <substrate name="cpd:C00041"/>
        <product name="cpd:C00022"/>
    </reaction>
    <reaction name="rn:R00369" type="irreversible">
        <substrate name="cpd:C00041"/>
        <product name="cpd:C00022"/>
    </reaction>
    <reaction name="rn:R03038" type="reversible">
        <substrate name="cpd:C00041"/>
        <product name="cpd:C00886"/>
    </reaction>
    <reaction name="rn:R01135" type="reversible">
        <substrate name="cpd:C00049"/>
        <product name="cpd:C03794"/>
    </reaction>
    <reaction name="rn:R01954" type="reversible">
        <substrate name="cpd:C00049"/>
        <product name="cpd:C03406"/>
    </reaction>
    <reaction name="rn:R00485" type="irreversible">
        <substrate name="cpd:C00152"/>
        <product name="cpd:C00049"/>
    </reaction>
    <reaction name="rn:R00578" type="reversible">
        <substrate name="cpd:C00049"/>
        <product name="cpd:C00152"/>
    </reaction>
    <reaction name="rn:R01086" type="reversible">
        <substrate name="cpd:C03406"/>
        <product name="cpd:C00122"/>
    </reaction>
    <reaction name="rn:R01083" type="reversible">
        <substrate name="cpd:C03794"/>
        <product name="cpd:C00122"/>
    </reaction>
    <reaction name="rn:R01397" type="irreversible">
        <substrate name="cpd:C00049"/>
        <product name="cpd:C00438"/>
    </reaction>
    <reaction name="rn:R00355" type="reversible">
        <substrate name="cpd:C00049"/>
        <product name="cpd:C00036"/>
    </reaction>
    <reaction name="rn:R03648" type="irreversible">
        <substrate name="cpd:C00152"/>
        <product name="cpd:C03402"/>
    </reaction>
    <reaction name="rn:R00359" type="irreversible">
        <substrate name="cpd:C00402"/>
        <product name="cpd:C00036"/>
    </reaction>
    <reaction name="rn:R00488" type="irreversible">
        <substrate name="cpd:C01042"/>
        <product name="cpd:C00049"/>
    </reaction>
</pathway>
