<?xml version="1.0"?>
<!DOCTYPE pathway SYSTEM "http://www.genome.jp/kegg/xml/KGML_v0.6.1_.dtd">
<!-- Creation date: Oct 26 2008 07:58:28 +0900 (JST) -->
<pathway name="path:hsa01030" org="hsa" number="01030"
         title="Glycan structures - biosynthesis 1"
         image="http://www.genome.jp/kegg/pathway/hsa/hsa01030.gif"
         link="http://www.genome.jp/dbget-bin/show_pathway?hsa01030">
    <entry id="1" name="hsa:10585 hsa:29954" type="gene"
        link="http://www.genome.jp/dbget-bin/www_bget?hsa+10585+29954">
        <graphics name="POMT1..." fgcolor="#000000" bgcolor="#BFFFBF"
             type="rectangle" x="434" y="1453" width="40" height="11"/>
    </entry>
    <entry id="2" name="undefined:" type="undefined">
        <graphics name="2.4.1.-" fgcolor="#000000" bgcolor="#FFFFFF"
             type="rectangle" x="493" y="907" width="31" height="31"/>
    </entry>
    <entry id="3" name="undefined:" type="undefined">
        <graphics name="2.4.1.-" fgcolor="#000000" bgcolor="#FFFFFF"
             type="rectangle" x="412" y="863" width="31" height="20"/>
    </entry>
    <entry id="4" name="undefined:" type="undefined">
        <graphics name="2.4.1.-" fgcolor="#000000" bgcolor="#FFFFFF"
             type="rectangle" x="332" y="838" width="31" height="20"/>
    </entry>
    <entry id="5" name="undefined:" type="undefined">
        <graphics name="2.4.1.-" fgcolor="#000000" bgcolor="#FFFFFF"
             type="rectangle" x="253" y="813" width="31" height="20"/>
    </entry>
    <entry id="6" name="undefined:" type="undefined">
        <graphics name="2.4.1.232" fgcolor="#000000" bgcolor="#FFFFFF"
             type="rectangle" x="659" y="898" width="32" height="33"/>
    </entry>
    <entry id="7" name="path:hsa00534" type="map"
        link="http://www.genome.jp/kegg/pathway/hsa/hsa00534.html">
        <graphics name="Heparan sulfate biosynthesis" fgcolor="#000000" bgcolor="#FFFFFF"
             type="roundrectangle" x="639" y="1940" width="162" height="28"/>
    </entry>
    <entry id="8" name="path:hsa00533" type="map"
        link="http://www.genome.jp/kegg/pathway/hsa/hsa00533.html">
        <graphics name="Keratan sulfate biosynthesis" fgcolor="#000000" bgcolor="#FFFFFF"
             type="roundrectangle" x="635" y="2191" width="156" height="28"/>
    </entry>
    <entry id="9" name="path:hsa00532" type="map"
        link="http://www.genome.jp/kegg/pathway/hsa/hsa00532.html">
        <graphics name="Chondroitin sulfate biosynthesis" fgcolor="#000000" bgcolor="#FFFFFF"
             type="roundrectangle" x="646" y="1603" width="177" height="28"/>
    </entry>
    <entry id="10" name="path:hsa00512" type="map"
        link="http://www.genome.jp/kegg/pathway/hsa/hsa00512.html">
        <graphics name="O-Glycan biosynthesis" fgcolor="#000000" bgcolor="#FFFFFF"
             type="roundrectangle" x="622" y="1061" width="130" height="28"/>
    </entry>
    <entry id="11" name="path:map00513" type="map"
        link="http://www.genome.jp/kegg/pathway/map/map00513.html">
        <graphics name="High-mannose type N-glycan biosynthesis" fgcolor="#000000" bgcolor="#FFFFFF"
             type="roundrectangle" x="669" y="744" width="225" height="28"/>
    </entry>
    <entry id="12" name="hsa:10905 hsa:11253 hsa:4121 hsa:57134" type="gene"
        link="http://www.genome.jp/dbget-bin/www_bget?hsa+10905+11253+4121+57134">
        <graphics name="MAN1A2..." fgcolor="#000000" bgcolor="#BFFFBF"
             type="rectangle" x="402" y="399" width="39" height="19"/>
    </entry>
    <entry id="13" name="hsa:10905 hsa:11253 hsa:4121 hsa:57134" type="gene"
        link="http://www.genome.jp/dbget-bin/www_bget?hsa+10905+11253+4121+57134">
        <graphics name="MAN1A2..." fgcolor="#000000" bgcolor="#BFFFBF"
             type="rectangle" x="318" y="400" width="39" height="16"/>
    </entry>
    <entry id="14" name="hsa:10905 hsa:11253 hsa:4121 hsa:57134" type="gene"
        link="http://www.genome.jp/dbget-bin/www_bget?hsa+10905+11253+4121+57134">
        <graphics name="MAN1A2..." fgcolor="#000000" bgcolor="#BFFFBF"
             type="rectangle" x="325" y="343" width="38" height="15"/>
    </entry>
    <entry id="15" name="hsa:10905 hsa:11253 hsa:4121 hsa:57134" type="gene"
        link="http://www.genome.jp/dbget-bin/www_bget?hsa+10905+11253+4121+57134">
        <graphics name="MAN1A2..." fgcolor="#000000" bgcolor="#BFFFBF"
             type="rectangle" x="326" y="272" width="40" height="16"/>
    </entry>
    <entry id="16" name="hsa:23193" type="gene"
        link="http://www.genome.jp/dbget-bin/www_bget?hsa+23193">
        <graphics name="GANAB" fgcolor="#000000" bgcolor="#BFFFBF"
             type="rectangle" x="233" y="399" width="39" height="17"/>
    </entry>
    <entry id="17" name="hsa:23193" type="gene"
        link="http://www.genome.jp/dbget-bin/www_bget?hsa+23193">
        <graphics name="GANAB" fgcolor="#000000" bgcolor="#BFFFBF"
             type="rectangle" x="155" y="398" width="38" height="17"/>
    </entry>
    <entry id="18" name="hsa:7841" type="gene"
        link="http://www.genome.jp/dbget-bin/www_bget?hsa+7841">
        <graphics name="GCS1" fgcolor="#000000" bgcolor="#BFFFBF"
             type="rectangle" x="76" y="399" width="38" height="16"/>
    </entry>
    <entry id="19" name="hsa:1603 hsa:1650 hsa:201595 hsa:6184 hsa:6185" type="gene"
        link="http://www.genome.jp/dbget-bin/www_bget?hsa+1603+1650+201595+6184+6185">
        <graphics name="DAD1..." fgcolor="#000000" bgcolor="#BFFFBF"
             type="rectangle" x="788" y="352" width="39" height="16"/>
    </entry>
    <entry id="20" name="hsa:144245 hsa:84920" type="gene"
        link="http://www.genome.jp/dbget-bin/www_bget?hsa+144245+84920">
        <graphics name="ALG10B..." fgcolor="#000000" bgcolor="#BFFFBF"
             type="rectangle" x="76" y="212" width="39" height="16"/>
    </entry>
    <entry id="21" name="hsa:79053" type="gene"
        link="http://www.genome.jp/dbget-bin/www_bget?hsa+79053">
        <graphics name="ALG8" fgcolor="#000000" bgcolor="#BFFFBF"
             type="rectangle" x="155" y="213" width="38" height="16"/>
    </entry>
    <entry id="22" name="hsa:29929" type="gene"
        link="http://www.genome.jp/dbget-bin/www_bget?hsa+29929">
        <graphics name="ALG6" fgcolor="#000000" bgcolor="#BFFFBF"
             type="rectangle" x="233" y="212" width="39" height="15"/>
    </entry>
    <entry id="23" name="hsa:79087" type="gene"
        link="http://www.genome.jp/dbget-bin/www_bget?hsa+79087">
        <graphics name="ALG12" fgcolor="#000000" bgcolor="#BFFFBF"
             type="rectangle" x="407" y="96" width="32" height="36"/>
    </entry>
    <entry id="24" name="hsa:79796" type="gene"
        link="http://www.genome.jp/dbget-bin/www_bget?hsa+79796">
        <graphics name="ALG9, DIBD1" fgcolor="#000000" bgcolor="#BFFFBF"
             type="rectangle" x="326" y="82" width="40" height="13"/>
    </entry>
    <entry id="25" name="hsa:79796" type="gene"
        link="http://www.genome.jp/dbget-bin/www_bget?hsa+79796">
        <graphics name="ALG9, DIBD1" fgcolor="#000000" bgcolor="#BFFFBF"
             type="rectangle" x="325" y="155" width="38" height="14"/>
    </entry>
    <entry id="26" name="hsa:10195" type="gene"
        link="http://www.genome.jp/dbget-bin/www_bget?hsa+10195">
        <graphics name="ALG3" fgcolor="#000000" bgcolor="#BFFFBF"
             type="rectangle" x="407" y="140" width="32" height="36"/>
    </entry>
    <entry id="27" name="hsa:440138" type="gene"
        link="http://www.genome.jp/dbget-bin/www_bget?hsa+440138">
        <graphics name="ALG11" fgcolor="#000000" bgcolor="#BFFFBF"
             type="rectangle" x="318" y="212" width="39" height="15"/>
    </entry>
    <entry id="28" name="hsa:440138" type="gene"
        link="http://www.genome.jp/dbget-bin/www_bget?hsa+440138">
        <graphics name="ALG11" fgcolor="#000000" bgcolor="#BFFFBF"
             type="rectangle" x="402" y="213" width="39" height="14"/>
    </entry>
    <entry id="29" name="hsa:85365" type="gene"
        link="http://www.genome.jp/dbget-bin/www_bget?hsa+85365">
        <graphics name="ALG2" fgcolor="#000000" bgcolor="#BFFFBF"
             type="rectangle" x="490" y="139" width="43" height="49"/>
    </entry>
    <entry id="30" name="hsa:85365" type="gene"
        link="http://www.genome.jp/dbget-bin/www_bget?hsa+85365">
        <graphics name="ALG2" fgcolor="#000000" bgcolor="#BFFFBF"
             type="rectangle" x="491" y="192" width="44" height="45"/>
    </entry>
    <entry id="31" name="hsa:56052" type="gene"
        link="http://www.genome.jp/dbget-bin/www_bget?hsa+56052">
        <graphics name="ALG1" fgcolor="#000000" bgcolor="#BFFFBF"
             type="rectangle" x="577" y="168" width="39" height="16"/>
    </entry>
    <entry id="32" name="hsa:199857 hsa:79868" type="gene"
        link="http://www.genome.jp/dbget-bin/www_bget?hsa+199857+79868">
        <graphics name="ALG14..." fgcolor="#000000" bgcolor="#BFFFBF"
             type="rectangle" x="682" y="167" width="39" height="15"/>
    </entry>
    <entry id="33" name="hsa:1798" type="gene"
        link="http://www.genome.jp/dbget-bin/www_bget?hsa+1798">
        <graphics name="DPAGT1, DPAGT2, DPAGT" fgcolor="#000000" bgcolor="#BFFFBF"
             type="rectangle" x="789" y="167" width="38" height="17"/>
    </entry>
    <entry id="34" name="path:hsa00510" type="map"
        link="http://www.genome.jp/kegg/pathway/hsa/hsa00510.html">
        <graphics name="N-Glycan biosynthesis" fgcolor="#000000" bgcolor="#FFFFFF"
             type="roundrectangle" x="623" y="89" width="130" height="28"/>
    </entry>
    <entry id="35" name="path:hsa01030" type="map"
        link="http://www.genome.jp/dbget-bin/get_linkdb?pathway+hsa01030">
        <graphics name="TITLE:Glycan structures - biosynthesis 1" fgcolor="#000000" bgcolor="#FFFFFF"
             type="roundrectangle" x="163" y="29" width="295" height="28"/>
    </entry>
    <entry id="36" name="undefined:" type="undefined">
        <graphics name="2.4.1.-" fgcolor="#000000" bgcolor="#FFFFFF"
             type="rectangle" x="576" y="884" width="38" height="15"/>
    </entry>
    <entry id="37" name="undefined:" type="undefined">
        <graphics name="2.4.1.-" fgcolor="#000000" bgcolor="#FFFFFF"
             type="rectangle" x="493" y="861" width="32" height="37"/>
    </entry>
    <entry id="38" name="undefined:" type="undefined">
        <graphics name="2.4.1.-" fgcolor="#000000" bgcolor="#FFFFFF"
             type="rectangle" x="413" y="831" width="32" height="25"/>
    </entry>
    <entry id="39" name="undefined:" type="undefined">
        <graphics name="2.4.1.-" fgcolor="#000000" bgcolor="#FFFFFF"
             type="rectangle" x="333" y="805" width="32" height="28"/>
    </entry>
    <entry id="40" name="undefined:" type="undefined">
        <graphics name="2.4.1.-" fgcolor="#000000" bgcolor="#FFFFFF"
             type="rectangle" x="253" y="779" width="33" height="26"/>
    </entry>
    <entry id="41" name="undefined:" type="undefined">
        <graphics name="2.4.1.-" fgcolor="#000000" bgcolor="#FFFFFF"
             type="rectangle" x="169" y="772" width="38" height="18"/>
    </entry>
    <entry id="42" name="hsa:51146" type="gene"
        link="http://www.genome.jp/dbget-bin/www_bget?hsa+51146">
        <graphics name="A4GNT" fgcolor="#000000" bgcolor="#BFFFBF"
             type="rectangle" x="217" y="1163" width="30" height="36"/>
    </entry>
    <entry id="43" name="hsa:51146" type="gene"
        link="http://www.genome.jp/dbget-bin/www_bget?hsa+51146">
        <graphics name="A4GNT" fgcolor="#000000" bgcolor="#BFFFBF"
             type="rectangle" x="107" y="1081" width="40" height="18"/>
    </entry>
    <entry id="44" name="hsa:10678 hsa:11041" type="gene"
        link="http://www.genome.jp/dbget-bin/www_bget?hsa+10678+11041">
        <graphics name="B3GNT2, B3GNT1..." fgcolor="#000000" bgcolor="#BFFFBF"
             type="rectangle" x="566" y="2478" width="38" height="16"/>
    </entry>
    <entry id="45" name="hsa:10678 hsa:11041" type="gene"
        link="http://www.genome.jp/dbget-bin/www_bget?hsa+10678+11041">
        <graphics name="B3GNT2, B3GNT1..." fgcolor="#000000" bgcolor="#BFFFBF"
             type="rectangle" x="377" y="2478" width="41" height="14"/>
    </entry>
    <entry id="46" name="hsa:2683 hsa:8703 hsa:8704" type="gene"
        link="http://www.genome.jp/dbget-bin/www_bget?hsa+2683+8703+8704">
        <graphics name="B4GALT1, GGTB2..." fgcolor="#000000" bgcolor="#BFFFBF"
             type="rectangle" x="646" y="2476" width="40" height="15"/>
    </entry>
    <entry id="47" name="hsa:2683 hsa:8703 hsa:8704" type="gene"
        link="http://www.genome.jp/dbget-bin/www_bget?hsa+2683+8703+8704">
        <graphics name="B4GALT1, GGTB2..." fgcolor="#000000" bgcolor="#BFFFBF"
             type="rectangle" x="458" y="2477" width="39" height="14"/>
    </entry>
    <entry id="48" name="hsa:2530" type="gene"
        link="http://www.genome.jp/dbget-bin/www_bget?hsa+2530">
        <graphics name="FUT8" fgcolor="#000000" bgcolor="#BFFFBF"
             type="rectangle" x="844" y="2290" width="31" height="35"/>
    </entry>
    <entry id="49" name="hsa:2683 hsa:8703 hsa:8704" type="gene"
        link="http://www.genome.jp/dbget-bin/www_bget?hsa+2683+8703+8704">
        <graphics name="B4GALT1, GGTB2..." fgcolor="#000000" bgcolor="#BFFFBF"
             type="rectangle" x="459" y="2350" width="40" height="14"/>
    </entry>
    <entry id="50" name="hsa:10678 hsa:11041" type="gene"
        link="http://www.genome.jp/dbget-bin/www_bget?hsa+10678+11041">
        <graphics name="B3GNT2, B3GNT1..." fgcolor="#000000" bgcolor="#BFFFBF"
             type="rectangle" x="376" y="2276" width="41" height="15"/>
    </entry>
    <entry id="51" name="hsa:2683 hsa:8703 hsa:8704" type="gene"
        link="http://www.genome.jp/dbget-bin/www_bget?hsa+2683+8703+8704">
        <graphics name="B4GALT1, GGTB2..." fgcolor="#000000" bgcolor="#BFFFBF"
             type="rectangle" x="459" y="2275" width="40" height="13"/>
    </entry>
    <entry id="52" name="hsa:266722 hsa:728969 hsa:90161 hsa:9394" type="gene"
        link="http://www.genome.jp/dbget-bin/www_bget?hsa+266722+728969+90161+9394">
        <graphics name="HS6ST3..." fgcolor="#000000" bgcolor="#BFFFBF"
             type="rectangle" x="318" y="2065" width="12" height="41"/>
    </entry>
    <entry id="53" name="hsa:9653" type="gene"
        link="http://www.genome.jp/dbget-bin/www_bget?hsa+9653">
        <graphics name="HS2ST1" fgcolor="#000000" bgcolor="#BFFFBF"
             type="rectangle" x="398" y="2066" width="13" height="40"/>
    </entry>
    <entry id="54" name="hsa:222537 hsa:9953 hsa:9955 hsa:9956 hsa:9957" type="gene"
        link="http://www.genome.jp/dbget-bin/www_bget?hsa+222537+9953+9955+9956+9957">
        <graphics name="HS3ST5..." fgcolor="#000000" bgcolor="#BFFFBF"
             type="rectangle" x="302" y="2066" width="11" height="40"/>
    </entry>
    <entry id="55" name="hsa:9653" type="gene"
        link="http://www.genome.jp/dbget-bin/www_bget?hsa+9653">
        <graphics name="HS2ST1" fgcolor="#000000" bgcolor="#BFFFBF"
             type="rectangle" x="211" y="2065" width="11" height="40"/>
    </entry>
    <entry id="56" name="hsa:2131 hsa:2132" type="gene"
        link="http://www.genome.jp/dbget-bin/www_bget?hsa+2131+2132">
        <graphics name="EXT1, LGCR, LGS..." fgcolor="#000000" bgcolor="#BFFFBF"
             type="rectangle" x="444" y="2105" width="41" height="12"/>
    </entry>
    <entry id="57" name="hsa:2131 hsa:2132" type="gene"
        link="http://www.genome.jp/dbget-bin/www_bget?hsa+2131+2132">
        <graphics name="EXT1, LGCR, LGS..." fgcolor="#000000" bgcolor="#BFFFBF"
             type="rectangle" x="352" y="2105" width="39" height="13"/>
    </entry>
    <entry id="58" name="hsa:2131 hsa:2132" type="gene"
        link="http://www.genome.jp/dbget-bin/www_bget?hsa+2131+2132">
        <graphics name="EXT1, LGCR, LGS..." fgcolor="#000000" bgcolor="#BFFFBF"
             type="rectangle" x="262" y="2105" width="41" height="16"/>
    </entry>
    <entry id="59" name="hsa:2131 hsa:2132" type="gene"
        link="http://www.genome.jp/dbget-bin/www_bget?hsa+2131+2132">
        <graphics name="EXT1, LGCR, LGS..." fgcolor="#000000" bgcolor="#BFFFBF"
             type="rectangle" x="169" y="2105" width="41" height="15"/>
    </entry>
    <entry id="60" name="hsa:2134 hsa:2137" type="gene"
        link="http://www.genome.jp/dbget-bin/www_bget?hsa+2134+2137">
        <graphics name="EXTL1..." fgcolor="#000000" bgcolor="#BFFFBF"
             type="rectangle" x="108" y="1986" width="41" height="15"/>
    </entry>
    <entry id="61" name="hsa:2131 hsa:2132" type="gene"
        link="http://www.genome.jp/dbget-bin/www_bget?hsa+2131+2132">
        <graphics name="EXT1, LGCR, LGS..." fgcolor="#000000" bgcolor="#BFFFBF"
             type="rectangle" x="200" y="1986" width="39" height="15"/>
    </entry>
    <entry id="62" name="hsa:2135 hsa:2137" type="gene"
        link="http://www.genome.jp/dbget-bin/www_bget?hsa+2135+2137">
        <graphics name="EXTL2..." fgcolor="#000000" bgcolor="#BFFFBF"
             type="rectangle" x="307" y="1986" width="39" height="15"/>
    </entry>
    <entry id="63" name="hsa:135152 hsa:26229 hsa:27087" type="gene"
        link="http://www.genome.jp/dbget-bin/www_bget?hsa+135152+26229+27087">
        <graphics name="B3GAT2..." fgcolor="#000000" bgcolor="#BFFFBF"
             type="rectangle" x="400" y="1986" width="40" height="15"/>
    </entry>
    <entry id="64" name="hsa:126792" type="gene"
        link="http://www.genome.jp/dbget-bin/www_bget?hsa+126792">
        <graphics name="B3GALT6" fgcolor="#000000" bgcolor="#BFFFBF"
             type="rectangle" x="482" y="1987" width="43" height="14"/>
    </entry>
    <entry id="65" name="hsa:64131 hsa:64132" type="gene"
        link="http://www.genome.jp/dbget-bin/www_bget?hsa+64131+64132">
        <graphics name="XYLT1..." fgcolor="#000000" bgcolor="#BFFFBF"
             type="rectangle" x="648" y="1987" width="39" height="16"/>
    </entry>
    <entry id="66" name="hsa:22856 hsa:337876 hsa:54480 hsa:79586" type="gene"
        link="http://www.genome.jp/dbget-bin/www_bget?hsa+22856+337876+54480+79586">
        <graphics name="CHSY1..." fgcolor="#000000" bgcolor="#BFFFBF"
             type="rectangle" x="261" y="1772" width="40" height="13"/>
    </entry>
    <entry id="67" name="hsa:22856 hsa:337876 hsa:54480 hsa:79586" type="gene"
        link="http://www.genome.jp/dbget-bin/www_bget?hsa+22856+337876+54480+79586">
        <graphics name="CHSY1..." fgcolor="#000000" bgcolor="#BFFFBF"
             type="rectangle" x="261" y="1880" width="40" height="15"/>
    </entry>
    <entry id="68" name="hsa:22856 hsa:337876 hsa:54480 hsa:79586" type="gene"
        link="http://www.genome.jp/dbget-bin/www_bget?hsa+22856+337876+54480+79586">
        <graphics name="CHSY1..." fgcolor="#000000" bgcolor="#BFFFBF"
             type="rectangle" x="198" y="1659" width="40" height="15"/>
    </entry>
    <entry id="69" name="hsa:55454 hsa:55790" type="gene"
        link="http://www.genome.jp/dbget-bin/www_bget?hsa+55454+55790">
        <graphics name="CSGALNACT2..." fgcolor="#000000" bgcolor="#BFFFBF"
             type="rectangle" x="305" y="1660" width="41" height="14"/>
    </entry>
    <entry id="70" name="hsa:135152 hsa:26229 hsa:27087" type="gene"
        link="http://www.genome.jp/dbget-bin/www_bget?hsa+135152+26229+27087">
        <graphics name="B3GAT2..." fgcolor="#000000" bgcolor="#BFFFBF"
             type="rectangle" x="397" y="1660" width="40" height="14"/>
    </entry>
    <entry id="71" name="hsa:126792" type="gene"
        link="http://www.genome.jp/dbget-bin/www_bget?hsa+126792">
        <graphics name="B3GALT6" fgcolor="#000000" bgcolor="#BFFFBF"
             type="rectangle" x="480" y="1660" width="43" height="14"/>
    </entry>
    <entry id="72" name="hsa:64131 hsa:64132" type="gene"
        link="http://www.genome.jp/dbget-bin/www_bget?hsa+64131+64132">
        <graphics name="XYLT1..." fgcolor="#000000" bgcolor="#BFFFBF"
             type="rectangle" x="646" y="1660" width="41" height="14"/>
    </entry>
    <entry id="73" name="hsa:4124" type="gene"
        link="http://www.genome.jp/dbget-bin/www_bget?hsa+4124">
        <graphics name="MAN2A1" fgcolor="#000000" bgcolor="#BFFFBF"
             type="rectangle" x="407" y="328" width="30" height="35"/>
    </entry>
    <entry id="74" name="hsa:4124" type="gene"
        link="http://www.genome.jp/dbget-bin/www_bget?hsa+4124">
        <graphics name="MAN2A1" fgcolor="#000000" bgcolor="#BFFFBF"
             type="rectangle" x="406" y="285" width="31" height="35"/>
    </entry>
    <entry id="75" name="hsa:4245" type="gene"
        link="http://www.genome.jp/dbget-bin/www_bget?hsa+4245">
        <graphics name="MGAT1, MGAT, GLYT1" fgcolor="#000000" bgcolor="#BFFFBF"
             type="rectangle" x="290" y="630" width="32" height="38"/>
    </entry>
    <entry id="76" name="hsa:2683 hsa:8703 hsa:8704" type="gene"
        link="http://www.genome.jp/dbget-bin/www_bget?hsa+2683+8703+8704">
        <graphics name="B4GALT1, GGTB2..." fgcolor="#000000" bgcolor="#BFFFBF"
             type="rectangle" x="187" y="543" width="39" height="16"/>
    </entry>
    <entry id="77" name="hsa:6480" type="gene"
        link="http://www.genome.jp/dbget-bin/www_bget?hsa+6480">
        <graphics name="ST6GAL1" fgcolor="#000000" bgcolor="#BFFFBF"
             type="rectangle" x="107" y="644" width="39" height="17"/>
    </entry>
    <entry id="78" name="hsa:11226 hsa:11227 hsa:114805 hsa:117248 hsa:168391 hsa:2589 hsa:2590 hsa:2591 hsa:26290 hsa:374378 hsa:442117 hsa:50614 hsa:51809 hsa:55568 hsa:57452 hsa:63917 hsa:64409 hsa:79623 hsa:79695 hsa:8473 hsa:8693" type="gene"
        link="http://www.genome.jp/dbget-bin/www_bget?hsa+11226+11227+114805+117248+168391+2589+2590+2591+26290+374378+442117+50614+51809+55568+57452+63917+64409+79623+79695+8473+8693">
        <graphics name="GALNT6..." fgcolor="#000000" bgcolor="#BFFFBF"
             type="rectangle" x="410" y="1133" width="40" height="16"/>
    </entry>
    <entry id="79" name="hsa:29071 hsa:56913" type="gene"
        link="http://www.genome.jp/dbget-bin/www_bget?hsa+29071+56913">
        <graphics name="C1GALT1C1..." fgcolor="#000000" bgcolor="#BFFFBF"
             type="rectangle" x="297" y="1165" width="43" height="39"/>
    </entry>
    <entry id="80" name="hsa:4247" type="gene"
        link="http://www.genome.jp/dbget-bin/www_bget?hsa+4247">
        <graphics name="MGAT2" fgcolor="#000000" bgcolor="#BFFFBF"
             type="rectangle" x="290" y="529" width="33" height="34"/>
    </entry>
    <entry id="81" name="hsa:2530" type="gene"
        link="http://www.genome.jp/dbget-bin/www_bget?hsa+2530">
        <graphics name="FUT8" fgcolor="#000000" bgcolor="#BFFFBF"
             type="rectangle" x="573" y="528" width="30" height="36"/>
    </entry>
    <entry id="82" name="hsa:6480" type="gene"
        link="http://www.genome.jp/dbget-bin/www_bget?hsa+6480">
        <graphics name="ST6GAL1" fgcolor="#000000" bgcolor="#BFFFBF"
             type="rectangle" x="107" y="544" width="39" height="18"/>
    </entry>
    <entry id="83" name="hsa:11282 hsa:11320" type="gene"
        link="http://www.genome.jp/dbget-bin/www_bget?hsa+11282+11320">
        <graphics name="MGAT4B..." fgcolor="#000000" bgcolor="#BFFFBF"
             type="rectangle" x="289" y="587" width="31" height="40"/>
    </entry>
    <entry id="84" name="hsa:2683 hsa:8703 hsa:8704" type="gene"
        link="http://www.genome.jp/dbget-bin/www_bget?hsa+2683+8703+8704">
        <graphics name="B4GALT1, GGTB2..." fgcolor="#000000" bgcolor="#BFFFBF"
             type="rectangle" x="187" y="644" width="39" height="17"/>
    </entry>
    <entry id="85" name="hsa:4248" type="gene"
        link="http://www.genome.jp/dbget-bin/www_bget?hsa+4248">
        <graphics name="MGAT3" fgcolor="#000000" bgcolor="#BFFFBF"
             type="rectangle" x="378" y="555" width="40" height="13"/>
    </entry>
    <entry id="86" name="undefined:" type="undefined">
        <graphics name="2.4.1.-" fgcolor="#000000" bgcolor="#FFFFFF"
             type="rectangle" x="346" y="1420" width="41" height="42"/>
    </entry>
    <entry id="87" name="undefined:" type="undefined">
        <graphics name="2.4.1.-" fgcolor="#000000" bgcolor="#FFFFFF"
             type="rectangle" x="258" y="1400" width="39" height="13"/>
    </entry>
    <entry id="88" name="undefined:" type="undefined">
        <graphics name="2.4.1.-" fgcolor="#000000" bgcolor="#FFFFFF"
             type="rectangle" x="89" y="1358" width="39" height="13"/>
    </entry>
    <entry id="89" name="undefined:" type="undefined">
        <graphics name="2.4.1.-" fgcolor="#000000" bgcolor="#FFFFFF"
             type="rectangle" x="173" y="1372" width="30" height="33"/>
    </entry>
    <entry id="90" name="undefined:" type="undefined">
        <graphics name="2.4.1.-" fgcolor="#000000" bgcolor="#FFFFFF"
             type="rectangle" x="413" y="938" width="31" height="27"/>
    </entry>
    <entry id="91" name="undefined:" type="undefined">
        <graphics name="2.4.1.-" fgcolor="#000000" bgcolor="#FFFFFF"
             type="rectangle" x="170" y="822" width="39" height="17"/>
    </entry>
    <entry id="92" name="undefined:" type="undefined">
        <graphics name="2.4.1.-" fgcolor="#000000" bgcolor="#FFFFFF"
             type="rectangle" x="250" y="847" width="38" height="16"/>
    </entry>
    <entry id="93" name="undefined:" type="undefined">
        <graphics name="2.4.1.-" fgcolor="#000000" bgcolor="#FFFFFF"
             type="rectangle" x="330" y="872" width="37" height="14"/>
    </entry>
    <entry id="94" name="undefined:" type="undefined">
        <graphics name="2.4.2.38" fgcolor="#000000" bgcolor="#FFFFFF"
             type="rectangle" x="419" y="593" width="12" height="40"/>
    </entry>
    <entry id="95" name="undefined:" type="undefined">
        <graphics name="2.4.1.214" fgcolor="#000000" bgcolor="#FFFFFF"
             type="rectangle" x="573" y="581" width="30" height="37"/>
    </entry>
    <entry id="96" name="hsa:55624" type="gene"
        link="http://www.genome.jp/dbget-bin/www_bget?hsa+55624">
        <graphics name="POMGNT1" fgcolor="#000000" bgcolor="#BFFFBF"
             type="rectangle" x="351" y="1482" width="32" height="31"/>
    </entry>
    <entry id="97" name="hsa:10090" type="gene"
        link="http://www.genome.jp/dbget-bin/www_bget?hsa+10090">
        <graphics name="UST" fgcolor="#000000" bgcolor="#BFFFBF"
             type="rectangle" x="213" y="1732" width="12" height="41"/>
    </entry>
    <entry id="98" name="hsa:6482 hsa:6483 hsa:6484" type="gene"
        link="http://www.genome.jp/dbget-bin/www_bget?hsa+6482+6483+6484">
        <graphics name="ST3GAL1, SIAT4A..." fgcolor="#000000" bgcolor="#BFFFBF"
             type="rectangle" x="671" y="2552" width="40" height="14"/>
    </entry>
    <entry id="99" name="hsa:93010" type="gene"
        link="http://www.genome.jp/dbget-bin/www_bget?hsa+93010">
        <graphics name="B3GNT7" fgcolor="#000000" bgcolor="#BFFFBF"
             type="rectangle" x="188" y="2477" width="39" height="14"/>
    </entry>
    <entry id="100" name="hsa:8702" type="gene"
        link="http://www.genome.jp/dbget-bin/www_bget?hsa+8702">
        <graphics name="B4GALT4" fgcolor="#000000" bgcolor="#BFFFBF"
             type="rectangle" x="270" y="2477" width="40" height="14"/>
    </entry>
    <entry id="101" name="hsa:8702" type="gene"
        link="http://www.genome.jp/dbget-bin/www_bget?hsa+8702">
        <graphics name="B4GALT4" fgcolor="#000000" bgcolor="#BFFFBF"
             type="rectangle" x="82" y="2477" width="39" height="14"/>
    </entry>
    <entry id="102" name="hsa:10164 hsa:9435" type="gene"
        link="http://www.genome.jp/dbget-bin/www_bget?hsa+10164+9435">
        <graphics name="CHST4..." fgcolor="#000000" bgcolor="#BFFFBF"
             type="rectangle" x="324" y="2439" width="11" height="40"/>
    </entry>
    <entry id="103" name="hsa:10164 hsa:9435" type="gene"
        link="http://www.genome.jp/dbget-bin/www_bget?hsa+10164+9435">
        <graphics name="CHST4..." fgcolor="#000000" bgcolor="#BFFFBF"
             type="rectangle" x="135" y="2438" width="11" height="39"/>
    </entry>
    <entry id="104" name="hsa:8534" type="gene"
        link="http://www.genome.jp/dbget-bin/www_bget?hsa+8534">
        <graphics name="CHST1" fgcolor="#000000" bgcolor="#BFFFBF"
             type="rectangle" x="38" y="2438" width="11" height="41"/>
    </entry>
    <entry id="105" name="hsa:6487" type="gene"
        link="http://www.genome.jp/dbget-bin/www_bget?hsa+6487">
        <graphics name="ST3GAL3, SIAT6" fgcolor="#000000" bgcolor="#BFFFBF"
             type="rectangle" x="378" y="2350" width="39" height="13"/>
    </entry>
    <entry id="106" name="hsa:93010" type="gene"
        link="http://www.genome.jp/dbget-bin/www_bget?hsa+93010">
        <graphics name="B3GNT7" fgcolor="#000000" bgcolor="#BFFFBF"
             type="rectangle" x="189" y="2277" width="39" height="14"/>
    </entry>
    <entry id="107" name="hsa:8702" type="gene"
        link="http://www.genome.jp/dbget-bin/www_bget?hsa+8702">
        <graphics name="B4GALT4" fgcolor="#000000" bgcolor="#BFFFBF"
             type="rectangle" x="270" y="2276" width="38" height="14"/>
    </entry>
    <entry id="108" name="hsa:8702" type="gene"
        link="http://www.genome.jp/dbget-bin/www_bget?hsa+8702">
        <graphics name="B4GALT4" fgcolor="#000000" bgcolor="#BFFFBF"
             type="rectangle" x="81" y="2276" width="41" height="15"/>
    </entry>
    <entry id="109" name="hsa:4166" type="gene"
        link="http://www.genome.jp/dbget-bin/www_bget?hsa+4166">
        <graphics name="CHST6, MCDC1" fgcolor="#000000" bgcolor="#BFFFBF"
             type="rectangle" x="136" y="2237" width="12" height="41"/>
    </entry>
    <entry id="110" name="hsa:8534" type="gene"
        link="http://www.genome.jp/dbget-bin/www_bget?hsa+8534">
        <graphics name="CHST1" fgcolor="#000000" bgcolor="#BFFFBF"
             type="rectangle" x="39" y="2238" width="12" height="41"/>
    </entry>
    <entry id="111" name="hsa:3340 hsa:64579 hsa:8509 hsa:9348" type="gene"
        link="http://www.genome.jp/dbget-bin/www_bget?hsa+3340+64579+8509+9348">
        <graphics name="NDST1, HSST..." fgcolor="#000000" bgcolor="#BFFFBF"
             type="rectangle" x="288" y="2065" width="12" height="41"/>
    </entry>
    <entry id="112" name="hsa:11285" type="gene"
        link="http://www.genome.jp/dbget-bin/www_bget?hsa+11285">
        <graphics name="B4GALT7" fgcolor="#000000" bgcolor="#BFFFBF"
             type="rectangle" x="566" y="1987" width="38" height="14"/>
    </entry>
    <entry id="113" name="hsa:22856 hsa:337876 hsa:79586" type="gene"
        link="http://www.genome.jp/dbget-bin/www_bget?hsa+22856+337876+79586">
        <graphics name="CHSY1..." fgcolor="#000000" bgcolor="#BFFFBF"
             type="rectangle" x="168" y="1772" width="41" height="13"/>
    </entry>
    <entry id="114" name="hsa:22856 hsa:337876 hsa:79586" type="gene"
        link="http://www.genome.jp/dbget-bin/www_bget?hsa+22856+337876+79586">
        <graphics name="CHSY1..." fgcolor="#000000" bgcolor="#BFFFBF"
             type="rectangle" x="368" y="1771" width="39" height="13"/>
    </entry>
    <entry id="115" name="hsa:22856 hsa:337876 hsa:79586" type="gene"
        link="http://www.genome.jp/dbget-bin/www_bget?hsa+22856+337876+79586">
        <graphics name="CHSY1..." fgcolor="#000000" bgcolor="#BFFFBF"
             type="rectangle" x="169" y="1880" width="41" height="13"/>
    </entry>
    <entry id="116" name="hsa:22856 hsa:337876 hsa:79586" type="gene"
        link="http://www.genome.jp/dbget-bin/www_bget?hsa+22856+337876+79586">
        <graphics name="CHSY1..." fgcolor="#000000" bgcolor="#BFFFBF"
             type="rectangle" x="368" y="1880" width="41" height="13"/>
    </entry>
    <entry id="117" name="hsa:10090" type="gene"
        link="http://www.genome.jp/dbget-bin/www_bget?hsa+10090">
        <graphics name="UST" fgcolor="#000000" bgcolor="#BFFFBF"
             type="rectangle" x="210" y="1841" width="12" height="42"/>
    </entry>
    <entry id="118" name="hsa:113189 hsa:50515 hsa:55501" type="gene"
        link="http://www.genome.jp/dbget-bin/www_bget?hsa+113189+50515+55501">
        <graphics name="CHST14, D4ST1..." fgcolor="#000000" bgcolor="#BFFFBF"
             type="rectangle" x="312" y="1841" width="14" height="41"/>
    </entry>
    <entry id="119" name="hsa:51363 hsa:56548 hsa:9469" type="gene"
        link="http://www.genome.jp/dbget-bin/www_bget?hsa+51363+56548+9469">
        <graphics name="GALNAC4S-6ST..." fgcolor="#000000" bgcolor="#BFFFBF"
             type="rectangle" x="324" y="1732" width="12" height="41"/>
    </entry>
    <entry id="120" name="hsa:166012 hsa:50515 hsa:55501" type="gene"
        link="http://www.genome.jp/dbget-bin/www_bget?hsa+166012+50515+55501">
        <graphics name="CHST13..." fgcolor="#000000" bgcolor="#BFFFBF"
             type="rectangle" x="303" y="1732" width="12" height="41"/>
    </entry>
    <entry id="121" name="hsa:22856 hsa:337876 hsa:79586" type="gene"
        link="http://www.genome.jp/dbget-bin/www_bget?hsa+22856+337876+79586">
        <graphics name="CHSY1..." fgcolor="#000000" bgcolor="#BFFFBF"
             type="rectangle" x="107" y="1659" width="40" height="15"/>
    </entry>
    <entry id="122" name="hsa:11285" type="gene"
        link="http://www.genome.jp/dbget-bin/www_bget?hsa+11285">
        <graphics name="B4GALT7" fgcolor="#000000" bgcolor="#BFFFBF"
             type="rectangle" x="565" y="1660" width="40" height="15"/>
    </entry>
    <entry id="123" name="hsa:55808" type="gene"
        link="http://www.genome.jp/dbget-bin/www_bget?hsa+55808">
        <graphics name="ST6GALNAC1, SIAT7A" fgcolor="#000000" bgcolor="#BFFFBF"
             type="rectangle" x="369" y="1091" width="13" height="42"/>
    </entry>
    <entry id="124" name="hsa:192134" type="gene"
        link="http://www.genome.jp/dbget-bin/www_bget?hsa+192134">
        <graphics name="B3GNT6" fgcolor="#000000" bgcolor="#BFFFBF"
             type="rectangle" x="301" y="1132" width="41" height="15"/>
    </entry>
    <entry id="125" name="hsa:2650 hsa:51301 hsa:9245" type="gene"
        link="http://www.genome.jp/dbget-bin/www_bget?hsa+2650+51301+9245">
        <graphics name="GCNT1, NACGT2..." fgcolor="#000000" bgcolor="#BFFFBF"
             type="rectangle" x="298" y="1100" width="43" height="40"/>
    </entry>
    <entry id="126" name="hsa:6482 hsa:6483" type="gene"
        link="http://www.genome.jp/dbget-bin/www_bget?hsa+6482+6483">
        <graphics name="ST3GAL1, SIAT4A..." fgcolor="#000000" bgcolor="#BFFFBF"
             type="rectangle" x="216" y="1207" width="31" height="34"/>
    </entry>
    <entry id="127" name="hsa:2683 hsa:8702 hsa:9334" type="gene"
        link="http://www.genome.jp/dbget-bin/www_bget?hsa+2683+8702+9334">
        <graphics name="B4GALT1, GGTB2..." fgcolor="#000000" bgcolor="#BFFFBF"
             type="rectangle" x="189" y="1081" width="40" height="18"/>
    </entry>
    <entry id="128" name="hsa:146664 hsa:4249" type="gene"
        link="http://www.genome.jp/dbget-bin/www_bget?hsa+146664+4249">
        <graphics name="MGAT5B..." fgcolor="#000000" bgcolor="#BFFFBF"
             type="rectangle" x="290" y="473" width="32" height="35"/>
    </entry>
    <entry id="129" name="undefined:" type="undefined">
        <graphics name="2.4.1.-" fgcolor="#000000" bgcolor="#FFFFFF"
             type="rectangle" x="91" y="1439" width="38" height="13"/>
    </entry>
    <entry id="130" name="undefined:" type="undefined">
        <graphics name="2.4.1.-" fgcolor="#000000" bgcolor="#FFFFFF"
             type="rectangle" x="173" y="1426" width="30" height="32"/>
    </entry>
    <entry id="131" name="undefined:" type="undefined">
        <graphics name="2.4.1.-" fgcolor="#000000" bgcolor="#FFFFFF"
             type="rectangle" x="490" y="955" width="41" height="18"/>
    </entry>
    <entry id="132" name="undefined:" type="undefined">
        <graphics name="2.4.1.-" fgcolor="#000000" bgcolor="#FFFFFF"
             type="rectangle" x="329" y="947" width="40" height="18"/>
    </entry>
    <entry id="133" name="undefined:" type="undefined">
        <graphics name="2.4.1.-" fgcolor="#000000" bgcolor="#FFFFFF"
             type="rectangle" x="292" y="897" width="39" height="18"/>
    </entry>
    <entry id="134" name="undefined:" type="undefined">
        <graphics name="2.4.1.-" fgcolor="#000000" bgcolor="#FFFFFF"
             type="rectangle" x="244" y="872" width="40" height="17"/>
    </entry>
    <entry id="135" name="undefined:" type="undefined">
        <graphics name="2.4.1.-" fgcolor="#000000" bgcolor="#FFFFFF"
             type="rectangle" x="163" y="847" width="39" height="16"/>
    </entry>
    <entry id="136" name="undefined:" type="undefined">
        <graphics name="2.4.1.-" fgcolor="#000000" bgcolor="#FFFFFF"
             type="rectangle" x="84" y="822" width="39" height="16"/>
    </entry>
    <entry id="137" name="undefined:" type="undefined">
        <graphics name="2.4.1.-" fgcolor="#000000" bgcolor="#FFFFFF"
             type="rectangle" x="490" y="785" width="40" height="16"/>
    </entry>
    <entry id="138" name="undefined:" type="undefined">
        <graphics name="2.7.8.-" fgcolor="#000000" bgcolor="#FFFFFF"
             type="rectangle" x="412" y="904" width="33" height="28"/>
    </entry>
    <entry id="139" name="hsa:4166" type="gene"
        link="http://www.genome.jp/dbget-bin/www_bget?hsa+4166">
        <graphics name="CHST6, MCDC1" fgcolor="#000000" bgcolor="#BFFFBF"
             type="rectangle" x="325" y="2239" width="12" height="40"/>
    </entry>
    <entry id="140" name="undefined:" type="undefined">
        <graphics name="2.4.1.-" fgcolor="#000000" bgcolor="#FFFFFF"
             type="rectangle" x="211" y="1438" width="13" height="41"/>
    </entry>
    <entry id="141" name="undefined:" type="undefined">
        <graphics name="2.4.1.-" fgcolor="#000000" bgcolor="#FFFFFF"
             type="rectangle" x="212" y="1359" width="11" height="41"/>
    </entry>
    <entry id="142" name="undefined:" type="undefined">
        <graphics name="2.4.1.-" fgcolor="#000000" bgcolor="#FFFFFF"
             type="rectangle" x="170" y="1400" width="38" height="13"/>
    </entry>
    <entry id="143" name="undefined:" type="undefined">
        <graphics name="2.4.1.-" fgcolor="#000000" bgcolor="#FFFFFF"
             type="rectangle" x="83" y="1400" width="38" height="13"/>
    </entry>
    <entry id="144" name="undefined:" type="undefined">
        <graphics name="2.4.1.-" fgcolor="#000000" bgcolor="#FFFFFF"
             type="rectangle" x="342" y="1170" width="14" height="43"/>
    </entry>
    <entry id="145" name="undefined:" type="undefined">
        <graphics name="2.4.1.-" fgcolor="#000000" bgcolor="#FFFFFF"
             type="rectangle" x="370" y="1170" width="15" height="41"/>
    </entry>
    <entry id="146" name="undefined:" type="undefined">
        <graphics name="2.4.1.-" fgcolor="#000000" bgcolor="#FFFFFF"
             type="rectangle" x="342" y="1091" width="13" height="43"/>
    </entry>
    <entry id="147" name="undefined:" type="undefined">
        <graphics name="2.4.1.201" fgcolor="#000000" bgcolor="#FFFFFF"
             type="rectangle" x="287" y="501" width="40" height="15"/>
    </entry>
</pathway>
