<?xml version="1.0"?>
<!DOCTYPE pathway SYSTEM "http://www.genome.jp/kegg/xml/KGML_v0.6.1_.dtd">
<!-- Creation date: Jul 30 2008 19:30:24 +0900 (JST) -->
<pathway name="path:hsa00780" org="hsa" number="00780"
         title="Biotin metabolism"
         image="http://www.genome.jp/kegg/pathway/hsa/hsa00780.gif"
         link="http://www.genome.jp/dbget-bin/show_pathway?hsa00780">
    <entry id="1" name="path:hsa00960" type="map"
        link="http://www.genome.jp/kegg/pathway/hsa/hsa00960.html">
        <graphics name="Alkaloid biosynthesis II" fgcolor="#000000" bgcolor="#FFFFFF"
             type="roundrectangle" x="235" y="360" width="83" height="33"/>
    </entry>
    <entry id="2" name="hsa:3141" type="gene" reaction="rn:R01074"
        link="http://www.genome.jp/dbget-bin/www_bget?hsa+3141">
        <graphics name="HLCS" fgcolor="#000000" bgcolor="#BFFFBF"
             type="rectangle" x="218" y="270" width="45" height="17"/>
    </entry>
    <entry id="3" name="hsa:3141" type="gene" reaction="rn:R05145"
        link="http://www.genome.jp/dbget-bin/www_bget?hsa+3141">
        <graphics name="HLCS" fgcolor="#000000" bgcolor="#BFFFBF"
             type="rectangle" x="219" y="418" width="46" height="17"/>
    </entry>
    <entry id="4" name="hsa:3141" type="gene" reaction="rn:R05145"
        link="http://www.genome.jp/dbget-bin/www_bget?hsa+3141">
        <graphics name="HLCS" fgcolor="#000000" bgcolor="#BFFFBF"
             type="rectangle" x="266" y="418" width="45" height="17"/>
    </entry>
    <entry id="5" name="hsa:3141" type="gene" reaction="rn:R05145"
        link="http://www.genome.jp/dbget-bin/www_bget?hsa+3141">
        <graphics name="HLCS" fgcolor="#000000" bgcolor="#BFFFBF"
             type="rectangle" x="219" y="397" width="46" height="17"/>
    </entry>
    <entry id="6" name="hsa:3141" type="gene" reaction="rn:R01074"
        link="http://www.genome.jp/dbget-bin/www_bget?hsa+3141">
        <graphics name="HLCS" fgcolor="#000000" bgcolor="#BFFFBF"
             type="rectangle" x="265" y="289" width="45" height="17"/>
    </entry>
    <entry id="7" name="hsa:3141" type="gene" reaction="rn:R01074"
        link="http://www.genome.jp/dbget-bin/www_bget?hsa+3141">
        <graphics name="HLCS" fgcolor="#000000" bgcolor="#BFFFBF"
             type="rectangle" x="218" y="289" width="45" height="17"/>
    </entry>
    <entry id="8" name="path:hsa00780" type="map"
        link="http://www.genome.jp/dbget-bin/get_linkdb?pathway+hsa00780">
        <graphics name="TITLE:Biotin metabolism" fgcolor="#000000" bgcolor="#FFFFFF"
             type="roundrectangle" x="131" y="52" width="185" height="27"/>
    </entry>
    <entry id="9" name="path:hsa00310" type="map"
        link="http://www.genome.jp/kegg/pathway/hsa/hsa00310.html">
        <graphics name="Lysine degradation" fgcolor="#000000" bgcolor="#FFFFFF"
             type="roundrectangle" x="235" y="325" width="83" height="33"/>
    </entry>
    <entry id="10" name="hsa:686" type="gene" reaction="rn:R01077"
        link="http://www.genome.jp/dbget-bin/www_bget?hsa+686">
        <graphics name="BTD" fgcolor="#000000" bgcolor="#BFFFBF"
             type="rectangle" x="367" y="259" width="45" height="17"/>
    </entry>
    <entry id="11" name="undefined:" type="undefined">
        <graphics name="2.8.1.6" fgcolor="#000000" bgcolor="#FFFFFF"
             type="rectangle" x="313" y="223" width="45" height="17"/>
    </entry>
    <entry id="12" name="undefined:" type="undefined">
        <graphics name="6.3.3.3" fgcolor="#000000" bgcolor="#FFFFFF"
             type="rectangle" x="366" y="195" width="45" height="17"/>
    </entry>
    <entry id="13" name="undefined:" type="undefined">
        <graphics name="2.6.1.62" fgcolor="#000000" bgcolor="#FFFFFF"
             type="rectangle" x="410" y="162" width="45" height="17"/>
    </entry>
    <entry id="14" name="hsa:28972 hsa:60559" type="gene" reaction="rn:R04869"
        link="http://www.genome.jp/dbget-bin/www_bget?hsa+28972+60559">
        <graphics name="SPCS1..." fgcolor="#000000" bgcolor="#BFFFBF"
             type="rectangle" x="361" y="408" width="46" height="17"/>
    </entry>
    <entry id="15" name="undefined:" type="undefined">
        <graphics name="2.3.1.47" fgcolor="#000000" bgcolor="#FFFFFF"
             type="rectangle" x="343" y="137" width="45" height="17"/>
    </entry>
    <entry id="16" name="undefined:" type="undefined">
        <graphics name="6.2.1.14" fgcolor="#000000" bgcolor="#FFFFFF"
             type="rectangle" x="214" y="137" width="45" height="17"/>
    </entry>
    <entry id="17" name="hsa:3141" type="gene" reaction="rn:R05145"
        link="http://www.genome.jp/dbget-bin/www_bget?hsa+3141">
        <graphics name="HLCS" fgcolor="#000000" bgcolor="#BFFFBF"
             type="rectangle" x="266" y="397" width="45" height="17"/>
    </entry>
    <entry id="18" name="undefined:" type="undefined">
        <graphics name="6.2.1.11" fgcolor="#000000" bgcolor="#FFFFFF"
             type="rectangle" x="127" y="260" width="45" height="17"/>
    </entry>
    <entry id="19" name="undefined:" type="undefined">
        <graphics name="6.2.1.11" fgcolor="#000000" bgcolor="#FFFFFF"
             type="rectangle" x="239" y="249" width="45" height="17"/>
    </entry>
    <entry id="20" name="hsa:3141" type="gene" reaction="rn:R01074"
        link="http://www.genome.jp/dbget-bin/www_bget?hsa+3141">
        <graphics name="HLCS" fgcolor="#000000" bgcolor="#BFFFBF"
             type="rectangle" x="265" y="270" width="45" height="17"/>
    </entry>
    <entry id="21" name="cpd:C02656" type="compound"
        link="http://www.genome.jp/dbget-bin/www_bget?compound+C02656">
        <graphics name="C02656" fgcolor="#000000" bgcolor="#FFFFFF"
             type="circle" x="152" y="137" width="8" height="8"/>
    </entry>
    <entry id="22" name="cpd:C01063" type="compound"
        link="http://www.genome.jp/dbget-bin/www_bget?compound+C01063">
        <graphics name="C01063" fgcolor="#000000" bgcolor="#FFFFFF"
             type="circle" x="280" y="137" width="8" height="8"/>
    </entry>
    <entry id="23" name="cpd:C01092" type="compound"
        link="http://www.genome.jp/dbget-bin/www_bget?compound+C01092">
        <graphics name="C01092" fgcolor="#000000" bgcolor="#FFFFFF"
             type="circle" x="410" y="137" width="8" height="8"/>
    </entry>
    <entry id="24" name="cpd:C01909" type="compound"
        link="http://www.genome.jp/dbget-bin/www_bget?compound+C01909">
        <graphics name="C01909" fgcolor="#000000" bgcolor="#FFFFFF"
             type="circle" x="313" y="195" width="8" height="8"/>
    </entry>
    <entry id="25" name="cpd:C01037" type="compound"
        link="http://www.genome.jp/dbget-bin/www_bget?compound+C01037">
        <graphics name="C01037" fgcolor="#000000" bgcolor="#FFFFFF"
             type="circle" x="410" y="195" width="8" height="8"/>
    </entry>
    <entry id="26" name="cpd:C00120" type="compound"
        link="http://www.genome.jp/dbget-bin/www_bget?compound+C00120">
        <graphics name="C00120" fgcolor="#000000" bgcolor="#FFFFFF"
             type="circle" x="313" y="260" width="8" height="8"/>
    </entry>
    <entry id="27" name="cpd:C00047" type="compound"
        link="http://www.genome.jp/dbget-bin/www_bget?compound+C00047">
        <graphics name="C00047" fgcolor="#000000" bgcolor="#FFFFFF"
             type="circle" x="329" y="300" width="8" height="8"/>
    </entry>
    <entry id="28" name="cpd:C05552" type="compound"
        link="http://www.genome.jp/dbget-bin/www_bget?compound+C05552">
        <graphics name="C05552" fgcolor="#000000" bgcolor="#FFFFFF"
             type="circle" x="410" y="260" width="8" height="8"/>
    </entry>
    <entry id="29" name="cpd:C01894" type="compound"
        link="http://www.genome.jp/dbget-bin/www_bget?compound+C01894">
        <graphics name="C01894" fgcolor="#000000" bgcolor="#FFFFFF"
             type="circle" x="78" y="260" width="8" height="8"/>
    </entry>
    <entry id="30" name="cpd:C05921" type="compound"
        link="http://www.genome.jp/dbget-bin/www_bget?compound+C05921">
        <graphics name="C05921" fgcolor="#000000" bgcolor="#FFFFFF"
             type="circle" x="166" y="260" width="8" height="8"/>
    </entry>
    <entry id="31" name="cpd:C06250" type="compound"
        link="http://www.genome.jp/dbget-bin/www_bget?compound+C06250">
        <graphics name="C06250" fgcolor="#000000" bgcolor="#FFFFFF"
             type="circle" x="313" y="408" width="8" height="8"/>
    </entry>
    <entry id="36" name="hsa:10157" type="gene" map="9"
        link="http://www.genome.jp/dbget-bin/show_pathway?hsa00310+hsa:10157"/>
    <entry id="37" name="hsa:10157" type="gene" map="9"
        link="http://www.genome.jp/dbget-bin/show_pathway?hsa00310+hsa:10157"/>
    <entry id="38" name="hsa:10157" type="gene" map="9"
        link="http://www.genome.jp/dbget-bin/show_pathway?hsa00310+hsa:10157"/>
    <entry id="39" name="hsa:10157" type="gene" map="9"
        link="http://www.genome.jp/dbget-bin/show_pathway?hsa00310+hsa:10157"/>
    <entry id="40" name="hsa:10157" type="gene" map="9"
        link="http://www.genome.jp/dbget-bin/show_pathway?hsa00310+hsa:10157"/>
    <relation entry1="10" entry2="14" type="ECrel">
        <subtype name="compound" value="28"/>
    </relation>
    <relation entry1="10" entry2="20" type="ECrel">
        <subtype name="compound" value="26"/>
    </relation>
    <relation entry1="6" entry2="10" type="ECrel">
        <subtype name="compound" value="26"/>
    </relation>
    <relation entry1="7" entry2="10" type="ECrel">
        <subtype name="compound" value="26"/>
    </relation>
    <relation entry1="2" entry2="10" type="ECrel">
        <subtype name="compound" value="26"/>
    </relation>
    <relation entry1="2" entry2="3" type="ECrel">
        <subtype name="compound" value="30"/>
    </relation>
    <relation entry1="2" entry2="17" type="ECrel">
        <subtype name="compound" value="30"/>
    </relation>
    <relation entry1="2" entry2="4" type="ECrel">
        <subtype name="compound" value="30"/>
    </relation>
    <relation entry1="5" entry2="20" type="ECrel">
        <subtype name="compound" value="30"/>
    </relation>
    <relation entry1="3" entry2="20" type="ECrel">
        <subtype name="compound" value="30"/>
    </relation>
    <relation entry1="4" entry2="20" type="ECrel">
        <subtype name="compound" value="30"/>
    </relation>
    <relation entry1="5" entry2="6" type="ECrel">
        <subtype name="compound" value="30"/>
    </relation>
    <relation entry1="3" entry2="6" type="ECrel">
        <subtype name="compound" value="30"/>
    </relation>
    <relation entry1="6" entry2="17" type="ECrel">
        <subtype name="compound" value="30"/>
    </relation>
    <relation entry1="5" entry2="7" type="ECrel">
        <subtype name="compound" value="30"/>
    </relation>
    <relation entry1="7" entry2="17" type="ECrel">
        <subtype name="compound" value="30"/>
    </relation>
    <relation entry1="4" entry2="7" type="ECrel">
        <subtype name="compound" value="30"/>
    </relation>
    <relation entry1="14" entry2="17" type="ECrel">
        <subtype name="compound" value="31"/>
    </relation>
    <relation entry1="4" entry2="14" type="ECrel">
        <subtype name="compound" value="31"/>
    </relation>
    <relation entry1="3" entry2="14" type="ECrel">
        <subtype name="compound" value="31"/>
    </relation>
    <relation entry1="5" entry2="14" type="ECrel">
        <subtype name="compound" value="31"/>
    </relation>
    <relation entry1="10" entry2="9" type="maplink">
        <subtype name="compound" value="27"/>
    </relation>
    <relation entry1="10" entry2="1" type="maplink">
        <subtype name="compound" value="27"/>
    </relation>
    <reaction name="rn:R01074" type="irreversible">
        <substrate name="cpd:C00120"/>
        <product name="cpd:C05921"/>
    </reaction>
    <reaction name="rn:R05145" type="irreversible">
        <substrate name="cpd:C05921"/>
        <product name="cpd:C06250"/>
    </reaction>
    <reaction name="rn:R01077" type="irreversible">
        <substrate name="cpd:C05552"/>
        <product name="cpd:C00047"/>
        <product name="cpd:C00120"/>
    </reaction>
    <reaction name="rn:R04869" type="irreversible">
        <substrate name="cpd:C06250"/>
        <product name="cpd:C05552"/>
    </reaction>
</pathway>
