<?xml version="1.0"?>
<!DOCTYPE pathway SYSTEM "http://www.genome.jp/kegg/xml/KGML_v0.6.1_.dtd">
<!-- Creation date: Sep 30 2008 05:03:10 +0900 (JST) -->
<pathway name="path:hsa04614" org="hsa" number="04614"
         title="Renin-angiotensin system"
         image="http://www.genome.jp/kegg/pathway/hsa/hsa04614.gif"
         link="http://www.genome.jp/dbget-bin/show_pathway?hsa04614">
    <entry id="1" name="hsa:59272" type="gene"
        link="http://www.genome.jp/dbget-bin/www_bget?hsa+59272">
        <graphics name="ACE2" fgcolor="#000000" bgcolor="#BFFFBF"
             type="rectangle" x="480" y="246" width="45" height="17"/>
    </entry>
    <entry id="2" name="hsa:59272" type="gene"
        link="http://www.genome.jp/dbget-bin/www_bget?hsa+59272">
        <graphics name="ACE2" fgcolor="#000000" bgcolor="#BFFFBF"
             type="rectangle" x="267" y="211" width="45" height="17"/>
    </entry>
    <entry id="3" name="hsa:1636" type="gene"
        link="http://www.genome.jp/dbget-bin/www_bget?hsa+1636">
        <graphics name="ACE" fgcolor="#000000" bgcolor="#BFFFBF"
             type="rectangle" x="480" y="141" width="45" height="17"/>
    </entry>
    <entry id="4" name="hsa:1636" type="gene"
        link="http://www.genome.jp/dbget-bin/www_bget?hsa+1636">
        <graphics name="ACE" fgcolor="#000000" bgcolor="#BFFFBF"
             type="rectangle" x="388" y="146" width="45" height="17"/>
    </entry>
    <entry id="5" name="hsa:1636" type="gene"
        link="http://www.genome.jp/dbget-bin/www_bget?hsa+1636">
        <graphics name="ACE" fgcolor="#000000" bgcolor="#BFFFBF"
             type="rectangle" x="326" y="364" width="45" height="17"/>
    </entry>
    <entry id="6" name="cpd:C02135" type="compound"
        link="http://www.genome.jp/dbget-bin/www_bget?compound+C02135">
        <graphics name="C02135" fgcolor="#000000" bgcolor="#FFFFFF"
             type="circle" x="455" y="307" width="8" height="8"/>
    </entry>
    <entry id="7" name="cpd:C15849" type="compound"
        link="http://www.genome.jp/dbget-bin/www_bget?compound+C15849">
        <graphics name="C15849" fgcolor="#000000" bgcolor="#FFFFFF"
             type="circle" x="455" y="473" width="8" height="8"/>
    </entry>
    <entry id="8" name="cpd:C15848" type="compound"
        link="http://www.genome.jp/dbget-bin/www_bget?compound+C15848">
        <graphics name="C15848" fgcolor="#000000" bgcolor="#FFFFFF"
             type="circle" x="455" y="390" width="8" height="8"/>
    </entry>
    <entry id="9" name="cpd:C15850" type="compound"
        link="http://www.genome.jp/dbget-bin/www_bget?compound+C15850">
        <graphics name="C15850" fgcolor="#000000" bgcolor="#FFFFFF"
             type="circle" x="455" y="178" width="8" height="8"/>
    </entry>
    <entry id="10" name="cpd:C15852" type="compound"
        link="http://www.genome.jp/dbget-bin/www_bget?compound+C15852">
        <graphics name="C15852" fgcolor="#000000" bgcolor="#FFFFFF"
             type="circle" x="455" y="95" width="8" height="8"/>
    </entry>
    <entry id="11" name="cpd:C15851" type="compound"
        link="http://www.genome.jp/dbget-bin/www_bget?compound+C15851">
        <graphics name="C15851" fgcolor="#000000" bgcolor="#FFFFFF"
             type="circle" x="332" y="178" width="8" height="8"/>
    </entry>
    <entry id="12" name="cpd:C00873" type="compound"
        link="http://www.genome.jp/dbget-bin/www_bget?compound+C00873">
        <graphics name="C00873" fgcolor="#000000" bgcolor="#FFFFFF"
             type="circle" x="230" y="307" width="8" height="8"/>
    </entry>
    <entry id="13" name="path:hsa04610" type="map"
        link="http://www.genome.jp/kegg/pathway/hsa/hsa04610.html">
        <graphics name="Complement and coagulation cascades" fgcolor="#000000" bgcolor="#FFFFFF"
             type="roundrectangle" x="171" y="441" width="109" height="40"/>
    </entry>
    <entry id="14" name="hsa:185" type="gene"
        link="http://www.genome.jp/dbget-bin/www_bget?hsa+185">
        <graphics name="AGTR1" fgcolor="#000000" bgcolor="#BFFFBF"
             type="rectangle" x="598" y="330" width="45" height="17"/>
    </entry>
    <entry id="15" name="hsa:186" type="gene"
        link="http://www.genome.jp/dbget-bin/www_bget?hsa+186">
        <graphics name="AGTR2" fgcolor="#000000" bgcolor="#BFFFBF"
             type="rectangle" x="598" y="283" width="45" height="17"/>
    </entry>
    <entry id="16" name="hsa:57486" type="gene"
        link="http://www.genome.jp/dbget-bin/www_bget?hsa+57486">
        <graphics name="NLN, AGTBP" fgcolor="#000000" bgcolor="#BFFFBF"
             type="rectangle" x="365" y="244" width="45" height="17"/>
    </entry>
    <entry id="17" name="hsa:7064" type="gene"
        link="http://www.genome.jp/dbget-bin/www_bget?hsa+7064">
        <graphics name="THOP1" fgcolor="#000000" bgcolor="#BFFFBF"
             type="rectangle" x="365" y="224" width="45" height="17"/>
    </entry>
    <entry id="18" name="hsa:4311" type="gene"
        link="http://www.genome.jp/dbget-bin/www_bget?hsa+4311">
        <graphics name="MME" fgcolor="#000000" bgcolor="#BFFFBF"
             type="rectangle" x="365" y="264" width="45" height="17"/>
    </entry>
    <entry id="19" name="hsa:290" type="gene"
        link="http://www.genome.jp/dbget-bin/www_bget?hsa+290">
        <graphics name="ANPEP" fgcolor="#000000" bgcolor="#BFFFBF"
             type="rectangle" x="429" y="427" width="45" height="17"/>
    </entry>
    <entry id="20" name="hsa:2028" type="gene"
        link="http://www.genome.jp/dbget-bin/www_bget?hsa+2028">
        <graphics name="ENPEP" fgcolor="#000000" bgcolor="#BFFFBF"
             type="rectangle" x="429" y="345" width="45" height="17"/>
    </entry>
    <entry id="21" name="hsa:5476" type="gene"
        link="http://www.genome.jp/dbget-bin/www_bget?hsa+5476">
        <graphics name="CTSA, GSL, PPGB" fgcolor="#000000" bgcolor="#BFFFBF"
             type="rectangle" x="267" y="231" width="45" height="17"/>
    </entry>
    <entry id="22" name="hsa:1359" type="gene"
        link="http://www.genome.jp/dbget-bin/www_bget?hsa+1359">
        <graphics name="CPA3" fgcolor="#000000" bgcolor="#BFFFBF"
             type="rectangle" x="267" y="251" width="45" height="17"/>
    </entry>
    <entry id="23" name="hsa:4142" type="gene"
        link="http://www.genome.jp/dbget-bin/www_bget?hsa+4142">
        <graphics name="MAS1" fgcolor="#000000" bgcolor="#BFFFBF"
             type="rectangle" x="598" y="177" width="45" height="17"/>
    </entry>
    <entry id="24" name="hsa:4311" type="gene"
        link="http://www.genome.jp/dbget-bin/www_bget?hsa+4311">
        <graphics name="MME" fgcolor="#000000" bgcolor="#BFFFBF"
             type="rectangle" x="388" y="166" width="45" height="17"/>
    </entry>
    <entry id="25" name="hsa:4012" type="gene"
        link="http://www.genome.jp/dbget-bin/www_bget?hsa+4012">
        <graphics name="LNPEP" fgcolor="#000000" bgcolor="#BFFFBF"
             type="rectangle" x="598" y="472" width="45" height="17"/>
    </entry>
    <entry id="26" name="hsa:1511" type="gene"
        link="http://www.genome.jp/dbget-bin/www_bget?hsa+1511">
        <graphics name="CTSG" fgcolor="#000000" bgcolor="#BFFFBF"
             type="rectangle" x="327" y="338" width="45" height="17"/>
    </entry>
    <entry id="27" name="hsa:5972" type="gene"
        link="http://www.genome.jp/dbget-bin/www_bget?hsa+5972">
        <graphics name="REN" fgcolor="#000000" bgcolor="#BFFFBF"
             type="rectangle" x="167" y="318" width="45" height="17"/>
    </entry>
    <entry id="28" name="path:hsa04614" type="map"
        link="http://www.genome.jp/dbget-bin/get_linkdb?pathway+hsa04614">
        <graphics name="TITLE:Renin-angiotensin system" fgcolor="#000000" bgcolor="#FFFFFF"
             type="roundrectangle" x="168" y="39" width="240" height="25"/>
    </entry>
    <entry id="29" name="hsa:1215" type="gene"
        link="http://www.genome.jp/dbget-bin/www_bget?hsa+1215">
        <graphics name="CMA1" fgcolor="#000000" bgcolor="#BFFFBF"
             type="rectangle" x="327" y="318" width="45" height="17"/>
    </entry>
    <entry id="30" name="hsa:183" type="gene"
        link="http://www.genome.jp/dbget-bin/www_bget?hsa+183">
        <graphics name="AGT, SERPINA8" fgcolor="#000000" bgcolor="#BFFFBF"
             type="rectangle" x="92" y="306" width="45" height="17"/>
    </entry>
</pathway>
