<?xml version="1.0"?>
<!DOCTYPE pathway SYSTEM "http://www.genome.jp/kegg/xml/KGML_v0.6.1_.dtd">
<!-- Creation date: Jul 30 2008 19:30:25 +0900 (JST) -->
<pathway name="path:hsa05215" org="hsa" number="05215"
         title="Prostate cancer"
         image="http://www.genome.jp/kegg/pathway/hsa/hsa05215.gif"
         link="http://www.genome.jp/dbget-bin/show_pathway?hsa05215">
    <entry id="1" name="path:hsa04115" type="map"
        link="http://www.genome.jp/kegg/pathway/hsa/hsa04115.html">
        <graphics name="p53 signaling pathway" fgcolor="#000000" bgcolor="#FFFFFF"
             type="roundrectangle" x="999" y="424" width="102" height="38"/>
    </entry>
    <entry id="2" name="path:hsa04060" type="map"
        link="http://www.genome.jp/kegg/pathway/hsa/hsa04060.html">
        <graphics name="Cytokine-cytokine receptor interaction" fgcolor="#000000" bgcolor="#FFFFFF"
             type="roundrectangle" x="229" y="496" width="104" height="38"/>
    </entry>
    <entry id="3" name="path:hsa00150" type="map"
        link="http://www.genome.jp/kegg/pathway/hsa/hsa00150.html">
        <graphics name="Androgen and estrogen metabolism" fgcolor="#000000" bgcolor="#FFFFFF"
             type="roundrectangle" x="92" y="583" width="126" height="38"/>
    </entry>
    <entry id="4" name="hsa:6715 hsa:6716" type="gene"
        link="http://www.genome.jp/dbget-bin/www_bget?hsa+6715+6716">
        <graphics name="SRD5A1..." fgcolor="#000000" bgcolor="#BFFFBF"
             type="rectangle" x="206" y="581" width="45" height="17"/>
    </entry>
    <entry id="5" name="hsa:367" type="gene"
        link="http://www.genome.jp/dbget-bin/www_bget?hsa+367">
        <graphics name="AR, DHTR, SBMA" fgcolor="#000000" bgcolor="#BFFFBF"
             type="rectangle" x="600" y="691" width="45" height="17"/>
    </entry>
    <entry id="6" name="hsa:367" type="gene"
        link="http://www.genome.jp/dbget-bin/www_bget?hsa+367">
        <graphics name="AR, DHTR, SBMA" fgcolor="#000000" bgcolor="#BFFFBF"
             type="rectangle" x="600" y="674" width="45" height="17"/>
    </entry>
    <entry id="7" name="hsa:4790 hsa:4791 hsa:5970" type="gene"
        link="http://www.genome.jp/dbget-bin/www_bget?hsa+4790+4791+5970">
        <graphics name="NFKB1..." fgcolor="#000000" bgcolor="#BFFFBF"
             type="rectangle" x="698" y="593" width="46" height="17"/>
    </entry>
    <entry id="8" name="hsa:4792" type="gene"
        link="http://www.genome.jp/dbget-bin/www_bget?hsa+4792">
        <graphics name="NFKBIA" fgcolor="#000000" bgcolor="#BFFFBF"
             type="rectangle" x="698" y="561" width="46" height="17"/>
    </entry>
    <entry id="9" name="hsa:1027" type="gene"
        link="http://www.genome.jp/dbget-bin/www_bget?hsa+1027">
        <graphics name="CDKN1B" fgcolor="#000000" bgcolor="#BFFFBF"
             type="rectangle" x="627" y="440" width="46" height="17"/>
    </entry>
    <entry id="10" name="hsa:5728" type="gene"
        link="http://www.genome.jp/dbget-bin/www_bget?hsa+5728">
        <graphics name="PTEN, BZS, MHAM" fgcolor="#000000" bgcolor="#BFFFBF"
             type="rectangle" x="407" y="405" width="46" height="17"/>
    </entry>
    <entry id="11" name="hsa:4824" type="gene"
        link="http://www.genome.jp/dbget-bin/www_bget?hsa+4824">
        <graphics name="NKX3-1, NKX3A" fgcolor="#000000" bgcolor="#BFFFBF"
             type="rectangle" x="477" y="344" width="46" height="17"/>
    </entry>
    <entry id="12" name="hsa:354" type="gene"
        link="http://www.genome.jp/dbget-bin/www_bget?hsa+354">
        <graphics name="KLK3, APS" fgcolor="#000000" bgcolor="#BFFFBF"
             type="rectangle" x="1036" y="666" width="45" height="17"/>
    </entry>
    <entry id="13" name="hsa:596" type="gene"
        link="http://www.genome.jp/dbget-bin/www_bget?hsa+596">
        <graphics name="BCL2" fgcolor="#000000" bgcolor="#BFFFBF"
             type="rectangle" x="1037" y="594" width="46" height="17"/>
    </entry>
    <entry id="14" name="hsa:595" type="gene"
        link="http://www.genome.jp/dbget-bin/www_bget?hsa+595">
        <graphics name="CCND1, BCL1, D11S287E, PRAD1" fgcolor="#000000" bgcolor="#BFFFBF"
             type="rectangle" x="1036" y="531" width="45" height="17"/>
    </entry>
    <entry id="15" name="hsa:51176 hsa:6932 hsa:6934 hsa:83439" type="gene"
        link="http://www.genome.jp/dbget-bin/www_bget?hsa+51176+6932+6934+83439">
        <graphics name="LEF1..." fgcolor="#000000" bgcolor="#BFFFBF"
             type="rectangle" x="900" y="530" width="46" height="17"/>
    </entry>
    <entry id="16" name="hsa:1387 hsa:2033" type="gene"
        link="http://www.genome.jp/dbget-bin/www_bget?hsa+1387+2033">
        <graphics name="CREBBP, RSTS..." fgcolor="#000000" bgcolor="#BFFFBF"
             type="rectangle" x="852" y="497" width="46" height="17"/>
    </entry>
    <entry id="17" name="cpd:C00951 cpd:C00410 cpd:C07653 cpd:C01227 cpd:C00280 cpd:C00735 cpd:C00762" type="compound"
        link="http://www.genome.jp/dbget-bin/www_bget?compound+C00951+C00410+C07653+C01227+C00280+C00735+C00762">
        <graphics name="C00951..." fgcolor="#000000" bgcolor="#FFFFFF"
             type="circle" x="236" y="690" width="8" height="8"/>
    </entry>
    <entry id="18" name="cpd:C03917" type="compound"
        link="http://www.genome.jp/dbget-bin/www_bget?compound+C03917">
        <graphics name="C03917" fgcolor="#000000" bgcolor="#FFFFFF"
             type="circle" x="237" y="604" width="8" height="8"/>
    </entry>
    <entry id="19" name="cpd:C00535" type="compound"
        link="http://www.genome.jp/dbget-bin/www_bget?compound+C00535">
        <graphics name="C00535" fgcolor="#000000" bgcolor="#FFFFFF"
             type="circle" x="237" y="564" width="8" height="8"/>
    </entry>
    <entry id="20" name="path:hsa04110" type="map"
        link="http://www.genome.jp/kegg/pathway/hsa/hsa04110.html">
        <graphics name="Cell cycle" fgcolor="#000000" bgcolor="#FFFFFF"
             type="roundrectangle" x="869" y="424" width="102" height="38"/>
    </entry>
    <entry id="21" name="hsa:367" type="gene"
        link="http://www.genome.jp/dbget-bin/www_bget?hsa+367">
        <graphics name="AR, DHTR, SBMA" fgcolor="#000000" bgcolor="#BFFFBF"
             type="rectangle" x="463" y="683" width="45" height="17"/>
    </entry>
    <entry id="22" name="cpd:C16038" type="compound"
        link="http://www.genome.jp/dbget-bin/www_bget?compound+C16038">
        <graphics name="C16038" fgcolor="#000000" bgcolor="#FFFFFF"
             type="circle" x="237" y="229" width="8" height="8"/>
    </entry>
    <entry id="23" name="hsa:4193" type="gene"
        link="http://www.genome.jp/dbget-bin/www_bget?hsa+4193">
        <graphics name="MDM2" fgcolor="#000000" bgcolor="#BFFFBF"
             type="rectangle" x="627" y="471" width="46" height="17"/>
    </entry>
    <entry id="24" name="hsa:1026" type="gene"
        link="http://www.genome.jp/dbget-bin/www_bget?hsa+1026">
        <graphics name="CDKN1A, CDKN1" fgcolor="#000000" bgcolor="#BFFFBF"
             type="rectangle" x="627" y="410" width="46" height="17"/>
    </entry>
    <entry id="25" name="hsa:2308" type="gene"
        link="http://www.genome.jp/dbget-bin/www_bget?hsa+2308">
        <graphics name="FOXO1, FKHR, FOXO1A" fgcolor="#000000" bgcolor="#BFFFBF"
             type="rectangle" x="627" y="379" width="46" height="17"/>
    </entry>
    <entry id="26" name="hsa:1017" type="gene"
        link="http://www.genome.jp/dbget-bin/www_bget?hsa+1017">
        <graphics name="CDK2" fgcolor="#000000" bgcolor="#BFFFBF"
             type="rectangle" x="904" y="300" width="45" height="17"/>
    </entry>
    <entry id="27" name="hsa:1499" type="gene"
        link="http://www.genome.jp/dbget-bin/www_bget?hsa+1499">
        <graphics name="CTNNB1, CTNNB" fgcolor="#000000" bgcolor="#BFFFBF"
             type="rectangle" x="742" y="530" width="45" height="17"/>
    </entry>
    <entry id="28" name="hsa:1869 hsa:1870 hsa:1871" type="gene"
        link="http://www.genome.jp/dbget-bin/www_bget?hsa+1869+1870+1871">
        <graphics name="E2F1, RBBP3..." fgcolor="#000000" bgcolor="#BFFFBF"
             type="rectangle" x="987" y="347" width="45" height="17"/>
    </entry>
    <entry id="29" name="hsa:3265 hsa:3845 hsa:4893" type="gene"
        link="http://www.genome.jp/dbget-bin/www_bget?hsa+3265+3845+4893">
        <graphics name="HRAS, HRAS1..." fgcolor="#000000" bgcolor="#BFFFBF"
             type="rectangle" x="378" y="582" width="45" height="17"/>
    </entry>
    <entry id="30" name="hsa:7157" type="gene"
        link="http://www.genome.jp/dbget-bin/www_bget?hsa+7157">
        <graphics name="TP53" fgcolor="#000000" bgcolor="#BFFFBF"
             type="rectangle" x="933" y="469" width="45" height="17"/>
    </entry>
    <entry id="31" name="hsa:1956 hsa:2064 hsa:2260 hsa:2263 hsa:3480 hsa:3645 hsa:5156 hsa:5159" type="gene"
        link="http://www.genome.jp/dbget-bin/www_bget?hsa+1956+2064+2260+2263+3480+3645+5156+5159">
        <graphics name="EGFR, ERBB..." fgcolor="#000000" bgcolor="#BFFFBF"
             type="rectangle" x="304" y="457" width="45" height="17"/>
    </entry>
    <entry id="32" name="path:hsa04210" type="map"
        link="http://www.genome.jp/kegg/pathway/hsa/hsa04210.html">
        <graphics name="Apoptosis" fgcolor="#000000" bgcolor="#FFFFFF"
             type="roundrectangle" x="734" y="298" width="102" height="38"/>
    </entry>
    <entry id="33" name="hsa:1147 hsa:3551 hsa:8517" type="gene"
        link="http://www.genome.jp/dbget-bin/www_bget?hsa+1147+3551+8517">
        <graphics name="CHUK..." fgcolor="#000000" bgcolor="#BFFFBF"
             type="rectangle" x="627" y="560" width="46" height="17"/>
    </entry>
    <entry id="34" name="hsa:572" type="gene"
        link="http://www.genome.jp/dbget-bin/www_bget?hsa+572">
        <graphics name="BAD" fgcolor="#000000" bgcolor="#BFFFBF"
             type="rectangle" x="627" y="348" width="46" height="17"/>
    </entry>
    <entry id="35" name="hsa:842" type="gene"
        link="http://www.genome.jp/dbget-bin/www_bget?hsa+842">
        <graphics name="CASP9" fgcolor="#000000" bgcolor="#BFFFBF"
             type="rectangle" x="627" y="319" width="46" height="17"/>
    </entry>
    <entry id="36" name="hsa:10488 hsa:1385 hsa:148327 hsa:468 hsa:64764 hsa:84699 hsa:90993 hsa:9586" type="gene"
        link="http://www.genome.jp/dbget-bin/www_bget?hsa+10488+1385+148327+468+64764+84699+90993+9586">
        <graphics name="CREB3..." fgcolor="#000000" bgcolor="#BFFFBF"
             type="rectangle" x="742" y="494" width="46" height="17"/>
    </entry>
    <entry id="37" name="hsa:898 hsa:9134" type="gene"
        link="http://www.genome.jp/dbget-bin/www_bget?hsa+898+9134">
        <graphics name="CCNE1, CCNE..." fgcolor="#000000" bgcolor="#BFFFBF"
             type="rectangle" x="904" y="317" width="45" height="17"/>
    </entry>
    <entry id="38" name="hsa:1950 hsa:3479 hsa:3630 hsa:5154 hsa:5155 hsa:56034 hsa:7039 hsa:80310" type="gene"
        link="http://www.genome.jp/dbget-bin/www_bget?hsa+1950+3479+3630+5154+5155+56034+7039+80310">
        <graphics name="EGF..." fgcolor="#000000" bgcolor="#BFFFBF"
             type="rectangle" x="227" y="457" width="45" height="17"/>
    </entry>
    <entry id="39" name="hsa:5925" type="gene"
        link="http://www.genome.jp/dbget-bin/www_bget?hsa+5925">
        <graphics name="RB1" fgcolor="#000000" bgcolor="#BFFFBF"
             type="rectangle" x="987" y="310" width="45" height="17"/>
    </entry>
    <entry id="40" name="hsa:5170" type="gene"
        link="http://www.genome.jp/dbget-bin/www_bget?hsa+5170">
        <graphics name="PDPK1" fgcolor="#000000" bgcolor="#BFFFBF"
             type="rectangle" x="468" y="425" width="46" height="17"/>
    </entry>
    <entry id="41" name="hsa:6654 hsa:6655" type="gene"
        link="http://www.genome.jp/dbget-bin/www_bget?hsa+6654+6655">
        <graphics name="SOS1, GINGF..." fgcolor="#000000" bgcolor="#BFFFBF"
             type="rectangle" x="378" y="543" width="45" height="17"/>
    </entry>
    <entry id="42" name="hsa:2885" type="gene"
        link="http://www.genome.jp/dbget-bin/www_bget?hsa+2885">
        <graphics name="GRB2" fgcolor="#000000" bgcolor="#BFFFBF"
             type="rectangle" x="378" y="505" width="45" height="17"/>
    </entry>
    <entry id="43" name="cpd:C05981" type="compound"
        link="http://www.genome.jp/dbget-bin/www_bget?compound+C05981">
        <graphics name="C05981" fgcolor="#000000" bgcolor="#FFFFFF"
             type="circle" x="432" y="457" width="8" height="8"/>
    </entry>
    <entry id="44" name="hsa:2932" type="gene"
        link="http://www.genome.jp/dbget-bin/www_bget?hsa+2932">
        <graphics name="GSK3B" fgcolor="#000000" bgcolor="#BFFFBF"
             type="rectangle" x="628" y="511" width="46" height="17"/>
    </entry>
    <entry id="45" name="hsa:7184" type="gene"
        link="http://www.genome.jp/dbget-bin/www_bget?hsa+7184">
        <graphics name="HSP90B1, TRA1" fgcolor="#000000" bgcolor="#BFFFBF"
             type="rectangle" x="463" y="700" width="45" height="17"/>
    </entry>
    <entry id="46" name="hsa:2475" type="gene"
        link="http://www.genome.jp/dbget-bin/www_bget?hsa+2475">
        <graphics name="FRAP1, FRAP, FRAP2" fgcolor="#000000" bgcolor="#BFFFBF"
             type="rectangle" x="627" y="624" width="46" height="17"/>
    </entry>
    <entry id="47" name="hsa:1027" type="gene"
        link="http://www.genome.jp/dbget-bin/www_bget?hsa+1027">
        <graphics name="CDKN1B" fgcolor="#000000" bgcolor="#BFFFBF"
             type="rectangle" x="840" y="273" width="45" height="17"/>
    </entry>
    <entry id="48" name="path:hsa04010" type="map"
        link="http://www.genome.jp/kegg/pathway/hsa/hsa04010.html">
        <graphics name="MAPK signaling pathway" fgcolor="#000000" bgcolor="#FFFFFF"
             type="roundrectangle" x="474" y="529" width="102" height="38"/>
    </entry>
    <entry id="49" name="hsa:10000 hsa:207 hsa:208" type="gene"
        link="http://www.genome.jp/dbget-bin/www_bget?hsa+10000+207+208">
        <graphics name="AKT3..." fgcolor="#000000" bgcolor="#BFFFBF"
             type="rectangle" x="527" y="457" width="45" height="17"/>
    </entry>
    <entry id="50" name="hsa:23533 hsa:5290 hsa:5291 hsa:5293 hsa:5294 hsa:5295 hsa:5296 hsa:8503" type="gene"
        link="http://www.genome.jp/dbget-bin/www_bget?hsa+23533+5290+5291+5293+5294+5295+5296+8503">
        <graphics name="PIK3R5..." fgcolor="#000000" bgcolor="#BFFFBF"
             type="rectangle" x="378" y="457" width="45" height="17"/>
    </entry>
    <entry id="51" name="hsa:2950" type="gene"
        link="http://www.genome.jp/dbget-bin/www_bget?hsa+2950">
        <graphics name="GSTP1, FAEES3, GST3" fgcolor="#000000" bgcolor="#BFFFBF"
             type="rectangle" x="685" y="184" width="45" height="17"/>
    </entry>
    <entry id="52" name="path:hsa05215" type="map"
        link="http://www.genome.jp/dbget-bin/get_linkdb?pathway+hsa05215">
        <graphics name="TITLE:Prostate cancer" fgcolor="#000000" bgcolor="#FFFFFF"
             type="roundrectangle" x="126" y="41" width="152" height="25"/>
    </entry>
    <entry id="53" name="path:hsa04110" type="map"
        link="http://www.genome.jp/kegg/pathway/hsa/hsa04110.html">
        <graphics name="Cell cycle" fgcolor="#000000" bgcolor="#FFFFFF"
             type="roundrectangle" x="1078" y="298" width="102" height="38"/>
    </entry>
    <entry id="54" name="hsa:5594 hsa:5595" type="gene"
        link="http://www.genome.jp/dbget-bin/www_bget?hsa+5594+5595">
        <graphics name="MAPK1, PRKM2, PRKM1..." fgcolor="#000000" bgcolor="#BFFFBF"
             type="rectangle" x="531" y="623" width="45" height="17"/>
    </entry>
    <entry id="55" name="hsa:5604 hsa:5605" type="gene"
        link="http://www.genome.jp/dbget-bin/www_bget?hsa+5604+5605">
        <graphics name="MAP2K1, PRKMK1..." fgcolor="#000000" bgcolor="#BFFFBF"
             type="rectangle" x="530" y="582" width="45" height="17"/>
    </entry>
    <entry id="56" name="hsa:369 hsa:5894 hsa:673" type="gene"
        link="http://www.genome.jp/dbget-bin/www_bget?hsa+369+5894+673">
        <graphics name="ARAF, ARAF1..." fgcolor="#000000" bgcolor="#BFFFBF"
             type="rectangle" x="456" y="582" width="45" height="17"/>
    </entry>
    <entry id="57" name="undefined" type="group">
        <graphics fgcolor="#000000" bgcolor="#FFFFFF"
             type="rectangle" x="463" y="692" width="65" height="54"/>
        <component id="21"/>
        <component id="45"/>
    </entry>
    <entry id="58" name="undefined" type="group">
        <graphics fgcolor="#000000" bgcolor="#FFFFFF"
             type="rectangle" x="600" y="683" width="65" height="54"/>
        <component id="5"/>
        <component id="6"/>
    </entry>
    <entry id="59" name="undefined" type="group">
        <graphics fgcolor="#000000" bgcolor="#FFFFFF"
             type="rectangle" x="904" y="309" width="65" height="54"/>
        <component id="26"/>
        <component id="37"/>
    </entry>
    <relation entry1="50" entry2="40" type="PPrel">
        <subtype name="compound" value="43"/>
    </relation>
    <relation entry1="50" entry2="49" type="PPrel">
        <subtype name="compound" value="43"/>
    </relation>
    <relation entry1="38" entry2="31" type="PPrel">
        <subtype name="activation" value="-->"/>
    </relation>
    <relation entry1="31" entry2="50" type="PPrel">
        <subtype name="activation" value="-->"/>
    </relation>
    <relation entry1="31" entry2="42" type="PPrel">
        <subtype name="activation" value="-->"/>
    </relation>
    <relation entry1="42" entry2="41" type="PPrel">
        <subtype name="activation" value="-->"/>
    </relation>
    <relation entry1="41" entry2="29" type="PPrel">
        <subtype name="activation" value="-->"/>
    </relation>
    <relation entry1="29" entry2="56" type="PPrel">
        <subtype name="activation" value="-->"/>
    </relation>
    <relation entry1="56" entry2="55" type="PPrel">
        <subtype name="activation" value="-->"/>
        <subtype name="phosphorylation" value="+p"/>
    </relation>
    <relation entry1="55" entry2="54" type="PPrel">
        <subtype name="activation" value="-->"/>
        <subtype name="phosphorylation" value="+p"/>
    </relation>
    <relation entry1="40" entry2="49" type="PPrel">
        <subtype name="activation" value="-->"/>
        <subtype name="phosphorylation" value="+p"/>
    </relation>
    <relation entry1="49" entry2="23" type="PPrel">
        <subtype name="activation" value="-->"/>
        <subtype name="phosphorylation" value="+p"/>
    </relation>
    <relation entry1="49" entry2="33" type="PPrel">
        <subtype name="activation" value="-->"/>
        <subtype name="phosphorylation" value="+p"/>
    </relation>
    <relation entry1="49" entry2="46" type="PPrel">
        <subtype name="activation" value="-->"/>
        <subtype name="phosphorylation" value="+p"/>
    </relation>
    <relation entry1="49" entry2="35" type="PPrel">
        <subtype name="inhibition" value="--|"/>
        <subtype name="phosphorylation" value="+p"/>
    </relation>
    <relation entry1="49" entry2="34" type="PPrel">
        <subtype name="inhibition" value="--|"/>
        <subtype name="phosphorylation" value="+p"/>
    </relation>
    <relation entry1="49" entry2="25" type="PPrel">
        <subtype name="inhibition" value="--|"/>
        <subtype name="phosphorylation" value="+p"/>
    </relation>
    <relation entry1="49" entry2="24" type="PPrel">
        <subtype name="inhibition" value="--|"/>
        <subtype name="phosphorylation" value="+p"/>
    </relation>
    <relation entry1="49" entry2="9" type="PPrel">
        <subtype name="inhibition" value="--|"/>
        <subtype name="phosphorylation" value="+p"/>
    </relation>
    <relation entry1="49" entry2="44" type="PPrel">
        <subtype name="inhibition" value="--|"/>
        <subtype name="phosphorylation" value="+p"/>
    </relation>
    <relation entry1="44" entry2="36" type="PPrel">
        <subtype name="inhibition" value="--|"/>
        <subtype name="phosphorylation" value="+p"/>
    </relation>
    <relation entry1="44" entry2="27" type="PPrel">
        <subtype name="inhibition" value="--|"/>
        <subtype name="phosphorylation" value="+p"/>
    </relation>
    <relation entry1="33" entry2="8" type="PPrel">
        <subtype name="activation" value="-->"/>
        <subtype name="phosphorylation" value="+p"/>
    </relation>
    <relation entry1="59" entry2="39" type="PPrel">
        <subtype name="activation" value="-->"/>
        <subtype name="phosphorylation" value="+p"/>
    </relation>
    <relation entry1="54" entry2="58" type="PPrel">
        <subtype name="indirect" value="..>"/>
    </relation>
    <relation entry1="28" entry2="39" type="PPrel">
        <subtype name="dissociation" value="-+-"/>
    </relation>
    <relation entry1="23" entry2="30" type="PPrel">
        <subtype name="inhibition" value="--|"/>
    </relation>
    <relation entry1="36" entry2="16" type="PPrel">
        <subtype name="inhibition" value="--|"/>
    </relation>
    <relation entry1="27" entry2="16" type="PPrel">
        <subtype name="inhibition" value="--|"/>
    </relation>
    <relation entry1="7" entry2="8" type="PPrel">
        <subtype name="dissociation" value="-+-"/>
    </relation>
    <relation entry1="27" entry2="15" type="PPrel">
        <subtype name="activation" value="-->"/>
    </relation>
    <relation entry1="15" entry2="14" type="GErel">
        <subtype name="expression" value="-->"/>
    </relation>
    <relation entry1="7" entry2="13" type="GErel">
        <subtype name="expression" value="-->"/>
    </relation>
    <relation entry1="58" entry2="12" type="GErel">
        <subtype name="expression" value="-->"/>
    </relation>
    <relation entry1="57" entry2="58" type="PPrel">
        <subtype name="activation" value="-->"/>
    </relation>
</pathway>
