<?xml version="1.0"?>
<!DOCTYPE pathway SYSTEM "http://www.genome.jp/kegg/xml/KGML_v0.6.1_.dtd">
<!-- Creation date: Oct 21 2008 17:13:26 +0900 (JST) -->
<pathway name="path:hsa00561" org="hsa" number="00561"
         title="Glycerolipid metabolism"
         image="http://www.genome.jp/kegg/pathway/hsa/hsa00561.gif"
         link="http://www.genome.jp/dbget-bin/show_pathway?hsa00561">
    <entry id="1" name="undefined:" type="undefined">
        <graphics name="2.3.1.158" fgcolor="#000000" bgcolor="#FFFFFF"
             type="rectangle" x="656" y="507" width="46" height="17"/>
    </entry>
    <entry id="2" name="undefined:" type="undefined">
        <graphics name="3.13.1.1" fgcolor="#000000" bgcolor="#FFFFFF"
             type="rectangle" x="617" y="652" width="46" height="17"/>
    </entry>
    <entry id="3" name="undefined:" type="undefined">
        <graphics name="2.4.1.-" fgcolor="#000000" bgcolor="#FFFFFF"
             type="rectangle" x="656" y="590" width="46" height="17"/>
    </entry>
    <entry id="4" name="undefined:" type="undefined">
        <graphics name="2.4.1.241" fgcolor="#000000" bgcolor="#FFFFFF"
             type="rectangle" x="424" y="729" width="46" height="17"/>
    </entry>
    <entry id="6" name="path:hsa00564" type="map"
        link="http://www.genome.jp/kegg/pathway/hsa/hsa00564.html">
        <graphics name="Glycerophospholipid metabolism" fgcolor="#000000" bgcolor="#FFFFFF"
             type="roundrectangle" x="113" y="442" width="117" height="38"/>
    </entry>
    <entry id="7" name="hsa:1056 hsa:3988 hsa:3990 hsa:5406 hsa:5407 hsa:5408 hsa:80339 hsa:8513 hsa:9388" type="gene" reaction="rn:R02250"
        link="http://www.genome.jp/dbget-bin/www_bget?hsa+1056+3988+3990+5406+5407+5408+80339+8513+9388">
        <graphics name="CEL..." fgcolor="#000000" bgcolor="#BFFFBF"
             type="rectangle" x="656" y="465" width="46" height="17"/>
    </entry>
    <entry id="8" name="hsa:158835 hsa:727765 hsa:84649 hsa:8694" type="gene" reaction="rn:R02251"
        link="http://www.genome.jp/dbget-bin/www_bget?hsa+158835+727765+84649+8694">
        <graphics name="DGAT2L4..." fgcolor="#000000" bgcolor="#BFFFBF"
             type="rectangle" x="656" y="527" width="46" height="17"/>
    </entry>
    <entry id="9" name="undefined:" type="undefined">
        <graphics name="2.4.1.46" fgcolor="#000000" bgcolor="#FFFFFF"
             type="rectangle" x="535" y="708" width="46" height="17"/>
    </entry>
    <entry id="10" name="undefined:" type="undefined">
        <graphics name="2.4.1.157" fgcolor="#000000" bgcolor="#FFFFFF"
             type="rectangle" x="535" y="590" width="46" height="17"/>
    </entry>
    <entry id="11" name="hsa:8611 hsa:8612 hsa:8613" type="gene" reaction="rn:R02239"
        link="http://www.genome.jp/dbget-bin/www_bget?hsa+8611+8612+8613">
        <graphics name="PPAP2A..." fgcolor="#000000" bgcolor="#BFFFBF"
             type="rectangle" x="468" y="511" width="46" height="17"/>
    </entry>
    <entry id="13" name="hsa:1056 hsa:3988 hsa:3990 hsa:5406 hsa:5407 hsa:5408 hsa:80339 hsa:8513 hsa:9388" type="gene" reaction="rn:R02687"
        link="http://www.genome.jp/dbget-bin/www_bget?hsa+1056+3988+3990+5406+5407+5408+80339+8513+9388">
        <graphics name="CEL..." fgcolor="#000000" bgcolor="#BFFFBF"
             type="rectangle" x="577" y="455" width="46" height="17"/>
    </entry>
    <entry id="14" name="hsa:10554 hsa:10555 hsa:137964 hsa:253558 hsa:56894 hsa:56895" type="gene" reaction="rn:R02241"
        link="http://www.genome.jp/dbget-bin/www_bget?hsa+10554+10555+137964+253558+56894+56895">
        <graphics name="AGPAT1..." fgcolor="#000000" bgcolor="#BFFFBF"
             type="rectangle" x="402" y="483" width="46" height="17"/>
    </entry>
    <entry id="15" name="path:hsa00010" type="map"
        link="http://www.genome.jp/kegg/pathway/hsa/hsa00010.html">
        <graphics name="Glycolysis / Gluconeogenesis" fgcolor="#000000" bgcolor="#FFFFFF"
             type="roundrectangle" x="113" y="138" width="70" height="27"/>
    </entry>
    <entry id="16" name="hsa:55750" type="gene" reaction="rn:R02757"
        link="http://www.genome.jp/dbget-bin/www_bget?hsa+55750">
        <graphics name="AGK, MULK" fgcolor="#000000" bgcolor="#BFFFBF"
             type="rectangle" x="466" y="430" width="46" height="17"/>
    </entry>
    <entry id="17" name="hsa:11343" type="gene" reaction="rn:R01351"
        link="http://www.genome.jp/dbget-bin/www_bget?hsa+11343">
        <graphics name="MGLL" fgcolor="#000000" bgcolor="#BFFFBF"
             type="rectangle" x="509" y="391" width="46" height="17"/>
    </entry>
    <entry id="18" name="hsa:57678" type="gene" reaction="rn:R00851"
        link="http://www.genome.jp/dbget-bin/www_bget?hsa+57678">
        <graphics name="GPAM" fgcolor="#000000" bgcolor="#BFFFBF"
             type="rectangle" x="402" y="391" width="46" height="17"/>
    </entry>
    <entry id="19" name="hsa:26007" type="gene" reaction="rn:R01011"
        link="http://www.genome.jp/dbget-bin/www_bget?hsa+26007">
        <graphics name="DAK" fgcolor="#000000" bgcolor="#BFFFBF"
             type="rectangle" x="177" y="288" width="46" height="17"/>
    </entry>
    <entry id="20" name="undefined:" type="undefined">
        <graphics name="3.1.3.21" fgcolor="#000000" bgcolor="#FFFFFF"
             type="rectangle" x="376" y="325" width="46" height="17"/>
    </entry>
    <entry id="21" name="hsa:2710 hsa:2712" type="gene" reaction="rn:R00847"
        link="http://www.genome.jp/dbget-bin/www_bget?hsa+2710+2712">
        <graphics name="GK..." fgcolor="#000000" bgcolor="#BFFFBF"
             type="rectangle" x="425" y="325" width="46" height="17"/>
    </entry>
    <entry id="22" name="undefined:" type="undefined">
        <graphics name="1.1.1.6" fgcolor="#000000" bgcolor="#FFFFFF"
             type="rectangle" x="286" y="277" width="46" height="17"/>
    </entry>
    <entry id="24" name="undefined:" type="undefined">
        <graphics name="1.1.1.202" fgcolor="#000000" bgcolor="#FFFFFF"
             type="rectangle" x="771" y="160" width="46" height="17"/>
    </entry>
    <entry id="25" name="undefined:" type="undefined">
        <graphics name="4.2.1.28" fgcolor="#000000" bgcolor="#FFFFFF"
             type="rectangle" x="679" y="160" width="46" height="17"/>
    </entry>
    <entry id="26" name="hsa:231" type="gene" reaction="rn:R02577"
        link="http://www.genome.jp/dbget-bin/www_bget?hsa+231">
        <graphics name="AKR1B1, ALDR1" fgcolor="#000000" bgcolor="#BFFFBF"
             type="rectangle" x="589" y="160" width="46" height="17"/>
    </entry>
    <entry id="27" name="undefined:" type="undefined">
        <graphics name="1.1.1.202" fgcolor="#000000" bgcolor="#FFFFFF"
             type="rectangle" x="589" y="214" width="46" height="17"/>
    </entry>
    <entry id="28" name="undefined:" type="undefined">
        <graphics name="4.2.1.30" fgcolor="#000000" bgcolor="#FFFFFF"
             type="rectangle" x="490" y="251" width="46" height="17"/>
    </entry>
    <entry id="29" name="hsa:231" type="gene" reaction="rn:R01036 rn:R01041"
        link="http://www.genome.jp/dbget-bin/www_bget?hsa+231">
        <graphics name="AKR1B1, ALDR1" fgcolor="#000000" bgcolor="#BFFFBF"
             type="rectangle" x="377" y="251" width="46" height="17"/>
    </entry>
    <entry id="31" name="hsa:217 hsa:218 hsa:219 hsa:220 hsa:223 hsa:224 hsa:501" type="gene" reaction="rn:R01752"
        link="http://www.genome.jp/dbget-bin/www_bget?hsa+217+218+219+220+223+224+501">
        <graphics name="ALDH2..." fgcolor="#000000" bgcolor="#BFFFBF"
             type="rectangle" x="400" y="177" width="46" height="17"/>
    </entry>
    <entry id="32" name="hsa:132158" type="gene" reaction="rn:R01514"
        link="http://www.genome.jp/dbget-bin/www_bget?hsa+132158">
        <graphics name="GLYCTK" fgcolor="#000000" bgcolor="#BFFFBF"
             type="rectangle" x="286" y="139" width="46" height="17"/>
    </entry>
    <entry id="33" name="path:hsa00071" type="map"
        link="http://www.genome.jp/kegg/pathway/hsa/hsa00071.html">
        <graphics name="Fatty acid metabolism" fgcolor="#000000" bgcolor="#FFFFFF"
             type="roundrectangle" x="777" y="358" width="74" height="37"/>
    </entry>
    <entry id="34" name="path:hsa00561" type="map"
        link="http://www.genome.jp/dbget-bin/get_linkdb?pathway+hsa00561">
        <graphics name="TITLE:Glycerolipid metabolism" fgcolor="#000000" bgcolor="#FFFFFF"
             type="roundrectangle" x="183" y="66" width="219" height="28"/>
    </entry>
    <entry id="35" name="undefined:" type="undefined">
        <graphics name="4.2.1.30" fgcolor="#000000" bgcolor="#FFFFFF"
             type="rectangle" x="546" y="251" width="46" height="17"/>
    </entry>
    <entry id="36" name="hsa:10327" type="gene" reaction="rn:R01036 rn:R01041"
        link="http://www.genome.jp/dbget-bin/www_bget?hsa+10327">
        <graphics name="AKR1A1" fgcolor="#000000" bgcolor="#BFFFBF"
             type="rectangle" x="317" y="251" width="46" height="17"/>
    </entry>
    <entry id="37" name="hsa:4023" type="gene" reaction="rn:R01350"
        link="http://www.genome.jp/dbget-bin/www_bget?hsa+4023">
        <graphics name="LPL, LIPD" fgcolor="#000000" bgcolor="#BFFFBF"
             type="rectangle" x="656" y="486" width="46" height="17"/>
    </entry>
    <entry id="38" name="hsa:2717" type="gene" reaction="rn:R04470"
        link="http://www.genome.jp/dbget-bin/www_bget?hsa+2717">
        <graphics name="GLA" fgcolor="#000000" bgcolor="#BFFFBF"
             type="rectangle" x="424" y="680" width="46" height="17"/>
    </entry>
    <entry id="43" name="hsa:2720 hsa:3938" type="gene" reaction="rn:R03616"
        link="http://www.genome.jp/dbget-bin/www_bget?hsa+2720+3938">
        <graphics name="GLB1, ELNR1..." fgcolor="#000000" bgcolor="#BFFFBF"
             type="rectangle" x="638" y="789" width="46" height="17"/>
    </entry>
    <entry id="44" name="undefined:" type="undefined">
        <graphics name="2.7.8.20" fgcolor="#000000" bgcolor="#FFFFFF"
             type="rectangle" x="318" y="590" width="46" height="17"/>
    </entry>
    <entry id="46" name="hsa:1606 hsa:1607 hsa:1608 hsa:160851 hsa:1609 hsa:8525 hsa:8526 hsa:8527 hsa:9162" type="gene" reaction="rn:R02240"
        link="http://www.genome.jp/dbget-bin/www_bget?hsa+1606+1607+1608+160851+1609+8525+8526+8527+9162">
        <graphics name="DGKA, DAGK, DAGK1..." fgcolor="#000000" bgcolor="#BFFFBF"
             type="rectangle" x="468" y="531" width="46" height="17"/>
    </entry>
    <entry id="47" name="cpd:C00422" type="compound"
        link="http://www.genome.jp/dbget-bin/www_bget?compound+C00422">
        <graphics name="C00422" fgcolor="#000000" bgcolor="#FFFFFF"
             type="circle" x="725" y="518" width="8" height="8"/>
    </entry>
    <entry id="48" name="cpd:C00641" type="compound"
        link="http://www.genome.jp/dbget-bin/www_bget?compound+C00641">
        <graphics name="C00641" fgcolor="#000000" bgcolor="#FFFFFF"
             type="circle" x="581" y="517" width="8" height="8"/>
    </entry>
    <entry id="49" name="cpd:C00111" type="compound"
        link="http://www.genome.jp/dbget-bin/www_bget?compound+C00111">
        <graphics name="C00111" fgcolor="#000000" bgcolor="#FFFFFF"
             type="circle" x="113" y="288" width="8" height="8"/>
    </entry>
    <entry id="50" name="cpd:C00093" type="compound"
        link="http://www.genome.jp/dbget-bin/www_bget?compound+C00093">
        <graphics name="C00093" fgcolor="#000000" bgcolor="#FFFFFF"
             type="circle" x="401" y="359" width="8" height="8"/>
    </entry>
    <entry id="51" name="cpd:C00197" type="compound"
        link="http://www.genome.jp/dbget-bin/www_bget?compound+C00197">
        <graphics name="C00197" fgcolor="#000000" bgcolor="#FFFFFF"
             type="circle" x="235" y="138" width="8" height="8"/>
    </entry>
    <entry id="52" name="cpd:C00258" type="compound"
        link="http://www.genome.jp/dbget-bin/www_bget?compound+C00258">
        <graphics name="C00258" fgcolor="#000000" bgcolor="#FFFFFF"
             type="circle" x="401" y="138" width="8" height="8"/>
    </entry>
    <entry id="53" name="cpd:C00577" type="compound"
        link="http://www.genome.jp/dbget-bin/www_bget?compound+C00577">
        <graphics name="C00577" fgcolor="#000000" bgcolor="#FFFFFF"
             type="circle" x="401" y="215" width="8" height="8"/>
    </entry>
    <entry id="54" name="cpd:C00184" type="compound"
        link="http://www.genome.jp/dbget-bin/www_bget?compound+C00184">
        <graphics name="C00184" fgcolor="#000000" bgcolor="#FFFFFF"
             type="circle" x="234" y="288" width="8" height="8"/>
    </entry>
    <entry id="55" name="cpd:C02457" type="compound"
        link="http://www.genome.jp/dbget-bin/www_bget?compound+C02457">
        <graphics name="C02457" fgcolor="#000000" bgcolor="#FFFFFF"
             type="circle" x="636" y="215" width="8" height="8"/>
    </entry>
    <entry id="56" name="cpd:C00969" type="compound"
        link="http://www.genome.jp/dbget-bin/www_bget?compound+C00969">
        <graphics name="C00969" fgcolor="#000000" bgcolor="#FFFFFF"
             type="circle" x="545" y="215" width="8" height="8"/>
    </entry>
    <entry id="57" name="cpd:C00116" type="compound"
        link="http://www.genome.jp/dbget-bin/www_bget?compound+C00116">
        <graphics name="C00116" fgcolor="#000000" bgcolor="#FFFFFF"
             type="circle" x="401" y="287" width="8" height="8"/>
    </entry>
    <entry id="58" name="cpd:C00029" type="compound"
        link="http://www.genome.jp/dbget-bin/www_bget?compound+C00029">
        <graphics name="C00029" fgcolor="#000000" bgcolor="#FFFFFF"
             type="circle" x="617" y="677" width="8" height="8"/>
    </entry>
    <entry id="59" name="cpd:C05999" type="compound"
        link="http://www.genome.jp/dbget-bin/www_bget?compound+C05999">
        <graphics name="C05999" fgcolor="#000000" bgcolor="#FFFFFF"
             type="circle" x="545" y="160" width="8" height="8"/>
    </entry>
    <entry id="60" name="cpd:C00583" type="compound"
        link="http://www.genome.jp/dbget-bin/www_bget?compound+C00583">
        <graphics name="C00583" fgcolor="#000000" bgcolor="#FFFFFF"
             type="circle" x="636" y="160" width="8" height="8"/>
    </entry>
    <entry id="61" name="cpd:C00479" type="compound"
        link="http://www.genome.jp/dbget-bin/www_bget?compound+C00479">
        <graphics name="C00479" fgcolor="#000000" bgcolor="#FFFFFF"
             type="circle" x="725" y="160" width="8" height="8"/>
    </entry>
    <entry id="62" name="cpd:C00040" type="compound"
        link="http://www.genome.jp/dbget-bin/www_bget?compound+C00040">
        <graphics name="C00040" fgcolor="#000000" bgcolor="#FFFFFF"
             type="circle" x="617" y="554" width="8" height="8"/>
    </entry>
    <entry id="63" name="cpd:C00162" type="compound"
        link="http://www.genome.jp/dbget-bin/www_bget?compound+C00162">
        <graphics name="C00162" fgcolor="#000000" bgcolor="#FFFFFF"
             type="circle" x="617" y="358" width="8" height="8"/>
    </entry>
    <entry id="64" name="cpd:C11521" type="compound"
        link="http://www.genome.jp/dbget-bin/www_bget?compound+C11521">
        <graphics name="C11521" fgcolor="#000000" bgcolor="#FFFFFF"
             type="circle" x="617" y="621" width="8" height="8"/>
    </entry>
    <entry id="65" name="cpd:C00681" type="compound"
        link="http://www.genome.jp/dbget-bin/www_bget?compound+C00681">
        <graphics name="C00681" fgcolor="#000000" bgcolor="#FFFFFF"
             type="circle" x="401" y="430" width="8" height="8"/>
    </entry>
    <entry id="66" name="cpd:C00416" type="compound"
        link="http://www.genome.jp/dbget-bin/www_bget?compound+C00416">
        <graphics name="C00416" fgcolor="#000000" bgcolor="#FFFFFF"
             type="circle" x="401" y="521" width="8" height="8"/>
    </entry>
    <entry id="67" name="cpd:C00116" type="compound"
        link="http://www.genome.jp/dbget-bin/www_bget?compound+C00116">
        <graphics name="C00116" fgcolor="#000000" bgcolor="#FFFFFF"
             type="circle" x="689" y="791" width="8" height="8"/>
    </entry>
    <entry id="68" name="cpd:C05401" type="compound"
        link="http://www.genome.jp/dbget-bin/www_bget?compound+C05401">
        <graphics name="C05401" fgcolor="#000000" bgcolor="#FFFFFF"
             type="circle" x="581" y="790" width="8" height="8"/>
    </entry>
    <entry id="69" name="cpd:C00040" type="compound"
        link="http://www.genome.jp/dbget-bin/www_bget?compound+C00040">
        <graphics name="C00040" fgcolor="#000000" bgcolor="#FFFFFF"
             type="circle" x="365" y="457" width="8" height="8"/>
    </entry>
    <entry id="70" name="cpd:C05979" type="compound"
        link="http://www.genome.jp/dbget-bin/www_bget?compound+C05979">
        <graphics name="C05979" fgcolor="#000000" bgcolor="#FFFFFF"
             type="circle" x="816" y="160" width="8" height="8"/>
    </entry>
    <entry id="71" name="cpd:C13508" type="compound"
        link="http://www.genome.jp/dbget-bin/www_bget?compound+C13508">
        <graphics name="C13508" fgcolor="#000000" bgcolor="#FFFFFF"
             type="circle" x="725" y="591" width="8" height="8"/>
    </entry>
    <entry id="72" name="cpd:C04872" type="compound"
        link="http://www.genome.jp/dbget-bin/www_bget?compound+C04872">
        <graphics name="C04872" fgcolor="#000000" bgcolor="#FFFFFF"
             type="circle" x="365" y="790" width="8" height="8"/>
    </entry>
    <entry id="73" name="cpd:C00040" type="compound"
        link="http://www.genome.jp/dbget-bin/www_bget?compound+C00040">
        <graphics name="C00040" fgcolor="#000000" bgcolor="#FFFFFF"
             type="circle" x="365" y="374" width="8" height="8"/>
    </entry>
    <entry id="74" name="cpd:C06037" type="compound"
        link="http://www.genome.jp/dbget-bin/www_bget?compound+C06037">
        <graphics name="C06037" fgcolor="#000000" bgcolor="#FFFFFF"
             type="circle" x="365" y="719" width="8" height="8"/>
    </entry>
    <entry id="75" name="cpd:C06038" type="compound"
        link="http://www.genome.jp/dbget-bin/www_bget?compound+C06038">
        <graphics name="C06038" fgcolor="#000000" bgcolor="#FFFFFF"
             type="circle" x="653" y="756" width="8" height="8"/>
    </entry>
    <entry id="76" name="cpd:C04315" type="compound"
        link="http://www.genome.jp/dbget-bin/www_bget?compound+C04315">
        <graphics name="C04315" fgcolor="#000000" bgcolor="#FFFFFF"
             type="circle" x="689" y="725" width="8" height="8"/>
    </entry>
    <entry id="77" name="cpd:C06040" type="compound"
        link="http://www.genome.jp/dbget-bin/www_bget?compound+C06040">
        <graphics name="C06040" fgcolor="#000000" bgcolor="#FFFFFF"
             type="circle" x="365" y="592" width="8" height="8"/>
    </entry>
    <entry id="78" name="cpd:C06041" type="compound"
        link="http://www.genome.jp/dbget-bin/www_bget?compound+C06041">
        <graphics name="C06041" fgcolor="#000000" bgcolor="#FFFFFF"
             type="circle" x="257" y="592" width="8" height="8"/>
    </entry>
    <entry id="79" name="cpd:C03692" type="compound"
        link="http://www.genome.jp/dbget-bin/www_bget?compound+C03692">
        <graphics name="C03692" fgcolor="#000000" bgcolor="#FFFFFF"
             type="circle" x="473" y="719" width="8" height="8"/>
    </entry>
    <entry id="80" name="cpd:C04046" type="compound"
        link="http://www.genome.jp/dbget-bin/www_bget?compound+C04046">
        <graphics name="C04046" fgcolor="#000000" bgcolor="#FFFFFF"
             type="circle" x="473" y="592" width="8" height="8"/>
    </entry>
    <entry id="81" name="cpd:C01885" type="compound"
        link="http://www.genome.jp/dbget-bin/www_bget?compound+C01885">
        <graphics name="C01885" fgcolor="#000000" bgcolor="#FFFFFF"
             type="circle" x="509" y="431" width="8" height="8"/>
    </entry>
    <relation entry1="31" entry2="32" type="ECrel">
        <subtype name="compound" value="52"/>
    </relation>
    <relation entry1="31" entry2="36" type="ECrel">
        <subtype name="compound" value="53"/>
    </relation>
    <relation entry1="29" entry2="31" type="ECrel">
        <subtype name="compound" value="53"/>
    </relation>
    <relation entry1="21" entry2="29" type="ECrel">
        <subtype name="compound" value="57"/>
    </relation>
    <relation entry1="21" entry2="36" type="ECrel">
        <subtype name="compound" value="57"/>
    </relation>
    <relation entry1="18" entry2="21" type="ECrel">
        <subtype name="compound" value="50"/>
    </relation>
    <relation entry1="16" entry2="18" type="ECrel">
        <subtype name="compound" value="65"/>
    </relation>
    <relation entry1="14" entry2="18" type="ECrel">
        <subtype name="compound" value="65"/>
    </relation>
    <relation entry1="14" entry2="16" type="ECrel">
        <subtype name="compound" value="65"/>
    </relation>
    <relation entry1="16" entry2="17" type="ECrel">
        <subtype name="compound" value="81"/>
    </relation>
    <relation entry1="13" entry2="17" type="ECrel">
        <subtype name="compound" value="63"/>
    </relation>
    <relation entry1="13" entry2="17" type="ECrel">
        <subtype name="compound" value="81"/>
    </relation>
    <relation entry1="13" entry2="16" type="ECrel">
        <subtype name="compound" value="81"/>
    </relation>
    <relation entry1="11" entry2="14" type="ECrel">
        <subtype name="compound" value="66"/>
    </relation>
    <relation entry1="14" entry2="46" type="ECrel">
        <subtype name="compound" value="66"/>
    </relation>
    <relation entry1="7" entry2="17" type="ECrel">
        <subtype name="compound" value="63"/>
    </relation>
    <relation entry1="17" entry2="37" type="ECrel">
        <subtype name="compound" value="63"/>
    </relation>
    <relation entry1="7" entry2="13" type="ECrel">
        <subtype name="compound" value="48"/>
    </relation>
    <relation entry1="7" entry2="13" type="ECrel">
        <subtype name="compound" value="63"/>
    </relation>
    <relation entry1="13" entry2="37" type="ECrel">
        <subtype name="compound" value="48"/>
    </relation>
    <relation entry1="13" entry2="37" type="ECrel">
        <subtype name="compound" value="63"/>
    </relation>
    <relation entry1="13" entry2="46" type="ECrel">
        <subtype name="compound" value="48"/>
    </relation>
    <relation entry1="7" entry2="46" type="ECrel">
        <subtype name="compound" value="48"/>
    </relation>
    <relation entry1="37" entry2="46" type="ECrel">
        <subtype name="compound" value="48"/>
    </relation>
    <relation entry1="8" entry2="46" type="ECrel">
        <subtype name="compound" value="48"/>
    </relation>
    <relation entry1="11" entry2="13" type="ECrel">
        <subtype name="compound" value="48"/>
    </relation>
    <relation entry1="7" entry2="11" type="ECrel">
        <subtype name="compound" value="48"/>
    </relation>
    <relation entry1="11" entry2="37" type="ECrel">
        <subtype name="compound" value="48"/>
    </relation>
    <relation entry1="8" entry2="11" type="ECrel">
        <subtype name="compound" value="48"/>
    </relation>
    <relation entry1="8" entry2="13" type="ECrel">
        <subtype name="compound" value="48"/>
    </relation>
    <relation entry1="32" entry2="15" type="maplink">
        <subtype name="compound" value="51"/>
    </relation>
    <relation entry1="19" entry2="15" type="maplink">
        <subtype name="compound" value="49"/>
    </relation>
    <relation entry1="19" entry2="6" type="maplink">
        <subtype name="compound" value="49"/>
    </relation>
    <relation entry1="17" entry2="33" type="maplink">
        <subtype name="compound" value="63"/>
    </relation>
    <relation entry1="13" entry2="33" type="maplink">
        <subtype name="compound" value="63"/>
    </relation>
    <relation entry1="7" entry2="33" type="maplink">
        <subtype name="compound" value="63"/>
    </relation>
    <relation entry1="37" entry2="33" type="maplink">
        <subtype name="compound" value="63"/>
    </relation>
    <reaction name="rn:R02250" type="irreversible">
        <substrate name="cpd:C00422"/>
        <product name="cpd:C00162"/>
        <product name="cpd:C00641"/>
    </reaction>
    <reaction name="rn:R02251" type="irreversible">
        <substrate name="cpd:C00641"/>
        <product name="cpd:C00422"/>
    </reaction>
    <reaction name="rn:R02239" type="irreversible">
        <substrate name="cpd:C00416"/>
        <product name="cpd:C00641"/>
    </reaction>
    <reaction name="rn:R02687" type="irreversible">
        <substrate name="cpd:C00641"/>
        <product name="cpd:C01885"/>
        <product name="cpd:C00162"/>
    </reaction>
    <reaction name="rn:R02241" type="irreversible">
        <substrate name="cpd:C00681"/>
        <product name="cpd:C00416"/>
    </reaction>
    <reaction name="rn:R02757" type="irreversible">
        <substrate name="cpd:C01885"/>
        <product name="cpd:C00681"/>
    </reaction>
    <reaction name="rn:R01351" type="irreversible">
        <substrate name="cpd:C01885"/>
        <product name="cpd:C00162"/>
        <product name="cpd:C00116"/>
    </reaction>
    <reaction name="rn:R00851" type="irreversible">
        <substrate name="cpd:C00093"/>
        <product name="cpd:C00681"/>
    </reaction>
    <reaction name="rn:R01011" type="irreversible">
        <substrate name="cpd:C00184"/>
        <product name="cpd:C00111"/>
    </reaction>
    <reaction name="rn:R00847" type="irreversible">
        <substrate name="cpd:C00116"/>
        <product name="cpd:C00093"/>
    </reaction>
    <reaction name="rn:R02577" type="reversible">
        <substrate name="cpd:C00583"/>
        <product name="cpd:C05999"/>
    </reaction>
    <reaction name="rn:R01036" type="reversible">
        <substrate name="cpd:C00116"/>
        <product name="cpd:C00577"/>
    </reaction>
    <reaction name="rn:R01041" type="irreversible">
        <substrate name="cpd:C00116"/>
        <product name="cpd:C00577"/>
    </reaction>
    <reaction name="rn:R01752" type="reversible">
        <substrate name="cpd:C00577"/>
        <product name="cpd:C00258"/>
    </reaction>
    <reaction name="rn:R01514" type="reversible">
        <substrate name="cpd:C00258"/>
        <product name="cpd:C00197"/>
    </reaction>
    <reaction name="rn:R01350" type="irreversible">
        <substrate name="cpd:C00422"/>
        <product name="cpd:C00162"/>
        <product name="cpd:C00116"/>
    </reaction>
    <reaction name="rn:R04470" type="irreversible">
        <substrate name="cpd:C06037"/>
        <product name="cpd:C03692"/>
    </reaction>
    <reaction name="rn:R03616" type="irreversible">
        <substrate name="cpd:C05401"/>
        <product name="cpd:C00116"/>
    </reaction>
    <reaction name="rn:R02240" type="irreversible">
        <substrate name="cpd:C00641"/>
        <product name="cpd:C00416"/>
    </reaction>
</pathway>
