<?xml version="1.0"?>
<!DOCTYPE pathway SYSTEM "http://www.genome.jp/kegg/xml/KGML_v0.6.1_.dtd">
<!-- Creation date: Jul 31 2008 14:43:18 +0900 (JST) -->
<pathway name="path:hsa04512" org="hsa" number="04512"
         title="ECM-receptor interaction"
         image="http://www.genome.jp/kegg/pathway/hsa/hsa04512.gif"
         link="http://www.genome.jp/dbget-bin/show_pathway?hsa04512">
    <entry id="1" name="hsa:10319 hsa:22798 hsa:284217 hsa:3908 hsa:3909 hsa:3910 hsa:3911 hsa:3912 hsa:3913 hsa:3914 hsa:3915 hsa:3918" type="gene"
        link="http://www.genome.jp/dbget-bin/www_bget?hsa+10319+22798+284217+3908+3909+3910+3911+3912+3913+3914+3915+3918">
        <graphics name="LAMC3..." fgcolor="#000000" bgcolor="#BFFFBF"
             type="rectangle" x="713" y="581" width="45" height="17"/>
    </entry>
    <entry id="2" name="hsa:10319 hsa:22798 hsa:284217 hsa:3908 hsa:3909 hsa:3910 hsa:3911 hsa:3912 hsa:3913 hsa:3914 hsa:3915 hsa:3918" type="gene"
        link="http://www.genome.jp/dbget-bin/www_bget?hsa+10319+22798+284217+3908+3909+3910+3911+3912+3913+3914+3915+3918">
        <graphics name="LAMC3..." fgcolor="#000000" bgcolor="#BFFFBF"
             type="rectangle" x="757" y="346" width="46" height="17"/>
    </entry>
    <entry id="3" name="hsa:10319 hsa:22798 hsa:284217 hsa:3908 hsa:3909 hsa:3910 hsa:3911 hsa:3912 hsa:3913 hsa:3914 hsa:3915 hsa:3918" type="gene"
        link="http://www.genome.jp/dbget-bin/www_bget?hsa+10319+22798+284217+3908+3909+3910+3911+3912+3913+3914+3915+3918">
        <graphics name="LAMC3..." fgcolor="#000000" bgcolor="#BFFFBF"
             type="rectangle" x="757" y="212" width="46" height="17"/>
    </entry>
    <entry id="4" name="hsa:10319 hsa:22798 hsa:284217 hsa:3908 hsa:3909 hsa:3910 hsa:3911 hsa:3912 hsa:3913 hsa:3914 hsa:3915 hsa:3918" type="gene"
        link="http://www.genome.jp/dbget-bin/www_bget?hsa+10319+22798+284217+3908+3909+3910+3911+3912+3913+3914+3915+3918">
        <graphics name="LAMC3..." fgcolor="#000000" bgcolor="#BFFFBF"
             type="rectangle" x="483" y="728" width="45" height="17"/>
    </entry>
    <entry id="5" name="hsa:10319 hsa:22798 hsa:284217 hsa:3908 hsa:3909 hsa:3910 hsa:3911 hsa:3912 hsa:3913 hsa:3914 hsa:3915 hsa:3918" type="gene"
        link="http://www.genome.jp/dbget-bin/www_bget?hsa+10319+22798+284217+3908+3909+3910+3911+3912+3913+3914+3915+3918">
        <graphics name="LAMC3..." fgcolor="#000000" bgcolor="#BFFFBF"
             type="rectangle" x="483" y="662" width="45" height="17"/>
    </entry>
    <entry id="6" name="hsa:10319 hsa:22798 hsa:284217 hsa:3908 hsa:3909 hsa:3910 hsa:3911 hsa:3912 hsa:3913 hsa:3914 hsa:3915 hsa:3918" type="gene"
        link="http://www.genome.jp/dbget-bin/www_bget?hsa+10319+22798+284217+3908+3909+3910+3911+3912+3913+3914+3915+3918">
        <graphics name="LAMC3..." fgcolor="#000000" bgcolor="#BFFFBF"
             type="rectangle" x="293" y="333" width="45" height="17"/>
    </entry>
    <entry id="7" name="hsa:10319 hsa:22798 hsa:284217 hsa:3908 hsa:3909 hsa:3910 hsa:3911 hsa:3912 hsa:3913 hsa:3914 hsa:3915 hsa:3918" type="gene"
        link="http://www.genome.jp/dbget-bin/www_bget?hsa+10319+22798+284217+3908+3909+3910+3911+3912+3913+3914+3915+3918">
        <graphics name="LAMC3..." fgcolor="#000000" bgcolor="#BFFFBF"
             type="rectangle" x="101" y="729" width="46" height="17"/>
    </entry>
    <entry id="8" name="hsa:10319 hsa:22798 hsa:284217 hsa:3908 hsa:3909 hsa:3910 hsa:3911 hsa:3912 hsa:3913 hsa:3914 hsa:3915 hsa:3918" type="gene"
        link="http://www.genome.jp/dbget-bin/www_bget?hsa+10319+22798+284217+3908+3909+3910+3911+3912+3913+3914+3915+3918">
        <graphics name="LAMC3..." fgcolor="#000000" bgcolor="#BFFFBF"
             type="rectangle" x="101" y="649" width="46" height="17"/>
    </entry>
    <entry id="9" name="hsa:10319 hsa:22798 hsa:284217 hsa:3908 hsa:3909 hsa:3910 hsa:3911 hsa:3912 hsa:3913 hsa:3914 hsa:3915 hsa:3918" type="gene"
        link="http://www.genome.jp/dbget-bin/www_bget?hsa+10319+22798+284217+3908+3909+3910+3911+3912+3913+3914+3915+3918">
        <graphics name="LAMC3..." fgcolor="#000000" bgcolor="#BFFFBF"
             type="rectangle" x="101" y="322" width="46" height="17"/>
    </entry>
    <entry id="10" name="hsa:10319 hsa:22798 hsa:284217 hsa:3908 hsa:3909 hsa:3910 hsa:3911 hsa:3912 hsa:3913 hsa:3914 hsa:3915 hsa:3918" type="gene"
        link="http://www.genome.jp/dbget-bin/www_bget?hsa+10319+22798+284217+3908+3909+3910+3911+3912+3913+3914+3915+3918">
        <graphics name="LAMC3..." fgcolor="#000000" bgcolor="#BFFFBF"
             type="rectangle" x="101" y="243" width="46" height="17"/>
    </entry>
    <entry id="11" name="hsa:1277 hsa:1278 hsa:1280 hsa:1281 hsa:1282 hsa:1284 hsa:1286 hsa:1288 hsa:1289 hsa:1290 hsa:1291 hsa:1292 hsa:1293 hsa:1301 hsa:1302 hsa:131873 hsa:50509" type="gene"
        link="http://www.genome.jp/dbget-bin/www_bget?hsa+1277+1278+1280+1281+1282+1284+1286+1288+1289+1290+1291+1292+1293+1301+1302+131873+50509">
        <graphics name="COL1A1..." fgcolor="#000000" bgcolor="#BFFFBF"
             type="rectangle" x="758" y="531" width="46" height="17"/>
    </entry>
    <entry id="12" name="hsa:1277 hsa:1278 hsa:1280 hsa:1281 hsa:1282 hsa:1284 hsa:1286 hsa:1288 hsa:1289 hsa:1290 hsa:1291 hsa:1292 hsa:1293 hsa:1301 hsa:1302 hsa:131873 hsa:50509" type="gene"
        link="http://www.genome.jp/dbget-bin/www_bget?hsa+1277+1278+1280+1281+1282+1284+1286+1288+1289+1290+1291+1292+1293+1301+1302+131873+50509">
        <graphics name="COL1A1..." fgcolor="#000000" bgcolor="#BFFFBF"
             type="rectangle" x="757" y="243" width="46" height="17"/>
    </entry>
    <entry id="13" name="hsa:1277 hsa:1278 hsa:1280 hsa:1281 hsa:1282 hsa:1284 hsa:1286 hsa:1288 hsa:1289 hsa:1290 hsa:1291 hsa:1292 hsa:1293 hsa:1301 hsa:1302 hsa:131873 hsa:50509" type="gene"
        link="http://www.genome.jp/dbget-bin/www_bget?hsa+1277+1278+1280+1281+1282+1284+1286+1288+1289+1290+1291+1292+1293+1301+1302+131873+50509">
        <graphics name="COL1A1..." fgcolor="#000000" bgcolor="#BFFFBF"
             type="rectangle" x="757" y="162" width="46" height="17"/>
    </entry>
    <entry id="14" name="hsa:1277 hsa:1278 hsa:1280 hsa:1281 hsa:1282 hsa:1284 hsa:1286 hsa:1288 hsa:1289 hsa:1290 hsa:1291 hsa:1292 hsa:1293 hsa:1301 hsa:1302 hsa:131873 hsa:50509" type="gene"
        link="http://www.genome.jp/dbget-bin/www_bget?hsa+1277+1278+1280+1281+1282+1284+1286+1288+1289+1290+1291+1292+1293+1301+1302+131873+50509">
        <graphics name="COL1A1..." fgcolor="#000000" bgcolor="#BFFFBF"
             type="rectangle" x="483" y="614" width="45" height="17"/>
    </entry>
    <entry id="15" name="hsa:1277 hsa:1278 hsa:1280 hsa:1281 hsa:1282 hsa:1284 hsa:1286 hsa:1288 hsa:1289 hsa:1290 hsa:1291 hsa:1292 hsa:1293 hsa:1301 hsa:1302 hsa:131873 hsa:50509" type="gene"
        link="http://www.genome.jp/dbget-bin/www_bget?hsa+1277+1278+1280+1281+1282+1284+1286+1288+1289+1290+1291+1292+1293+1301+1302+131873+50509">
        <graphics name="COL1A1..." fgcolor="#000000" bgcolor="#BFFFBF"
             type="rectangle" x="293" y="491" width="45" height="17"/>
    </entry>
    <entry id="16" name="hsa:1277 hsa:1278 hsa:1280 hsa:1281 hsa:1282 hsa:1284 hsa:1286 hsa:1288 hsa:1289 hsa:1290 hsa:1291 hsa:1292 hsa:1293 hsa:1301 hsa:1302 hsa:131873 hsa:50509" type="gene"
        link="http://www.genome.jp/dbget-bin/www_bget?hsa+1277+1278+1280+1281+1282+1284+1286+1288+1289+1290+1291+1292+1293+1301+1302+131873+50509">
        <graphics name="COL1A1..." fgcolor="#000000" bgcolor="#BFFFBF"
             type="rectangle" x="293" y="394" width="45" height="17"/>
    </entry>
    <entry id="17" name="hsa:1277 hsa:1278 hsa:1280 hsa:1281 hsa:1282 hsa:1284 hsa:1286 hsa:1288 hsa:1289 hsa:1290 hsa:1291 hsa:1292 hsa:1293 hsa:1301 hsa:1302 hsa:131873 hsa:50509" type="gene"
        link="http://www.genome.jp/dbget-bin/www_bget?hsa+1277+1278+1280+1281+1282+1284+1286+1288+1289+1290+1291+1292+1293+1301+1302+131873+50509">
        <graphics name="COL1A1..." fgcolor="#000000" bgcolor="#BFFFBF"
             type="rectangle" x="101" y="394" width="46" height="17"/>
    </entry>
    <entry id="18" name="hsa:1277 hsa:1278 hsa:1280 hsa:1281 hsa:1282 hsa:1284 hsa:1286 hsa:1288 hsa:1289 hsa:1290 hsa:1291 hsa:1292 hsa:1293 hsa:1301 hsa:1302 hsa:131873 hsa:50509" type="gene"
        link="http://www.genome.jp/dbget-bin/www_bget?hsa+1277+1278+1280+1281+1282+1284+1286+1288+1289+1290+1291+1292+1293+1301+1302+131873+50509">
        <graphics name="COL1A1..." fgcolor="#000000" bgcolor="#BFFFBF"
             type="rectangle" x="101" y="219" width="46" height="17"/>
    </entry>
    <entry id="19" name="hsa:1605" type="gene"
        link="http://www.genome.jp/dbget-bin/www_bget?hsa+1605">
        <graphics name="DAG1" fgcolor="#000000" bgcolor="#BFFFBF"
             type="rectangle" x="841" y="606" width="46" height="17"/>
    </entry>
    <entry id="20" name="hsa:3371 hsa:63923 hsa:7143 hsa:7148" type="gene"
        link="http://www.genome.jp/dbget-bin/www_bget?hsa+3371+63923+7143+7148">
        <graphics name="TNC, HXB..." fgcolor="#000000" bgcolor="#BFFFBF"
             type="rectangle" x="757" y="316" width="46" height="17"/>
    </entry>
    <entry id="21" name="hsa:51206" type="gene"
        link="http://www.genome.jp/dbget-bin/www_bget?hsa+51206">
        <graphics name="GP6" fgcolor="#000000" bgcolor="#BFFFBF"
             type="rectangle" x="841" y="531" width="46" height="17"/>
    </entry>
    <entry id="22" name="hsa:2815" type="gene"
        link="http://www.genome.jp/dbget-bin/www_bget?hsa+2815">
        <graphics name="GP9" fgcolor="#000000" bgcolor="#BFFFBF"
             type="rectangle" x="841" y="499" width="46" height="17"/>
    </entry>
    <entry id="23" name="hsa:2812" type="gene"
        link="http://www.genome.jp/dbget-bin/www_bget?hsa+2812">
        <graphics name="GP1BB" fgcolor="#000000" bgcolor="#BFFFBF"
             type="rectangle" x="841" y="482" width="46" height="17"/>
    </entry>
    <entry id="24" name="hsa:2811" type="gene"
        link="http://www.genome.jp/dbget-bin/www_bget?hsa+2811">
        <graphics name="GP1BA" fgcolor="#000000" bgcolor="#BFFFBF"
             type="rectangle" x="841" y="465" width="46" height="17"/>
    </entry>
    <entry id="25" name="hsa:2814" type="gene"
        link="http://www.genome.jp/dbget-bin/www_bget?hsa+2814">
        <graphics name="GP5" fgcolor="#000000" bgcolor="#BFFFBF"
             type="rectangle" x="841" y="448" width="46" height="17"/>
    </entry>
    <entry id="26" name="hsa:7450" type="gene"
        link="http://www.genome.jp/dbget-bin/www_bget?hsa+7450">
        <graphics name="VWF, F8VWF" fgcolor="#000000" bgcolor="#BFFFBF"
             type="rectangle" x="758" y="474" width="46" height="17"/>
    </entry>
    <entry id="27" name="glycan:G02170" type="compound"
        link="http://www.genome.jp/dbget-bin/www_bget?glycan+G02170">
        <graphics name="G02170" fgcolor="#000000" bgcolor="#FFFFFF"
             type="circle" x="763" y="736" width="8" height="8"/>
    </entry>
    <entry id="28" name="hsa:3381" type="gene"
        link="http://www.genome.jp/dbget-bin/www_bget?hsa+3381">
        <graphics name="IBSP" fgcolor="#000000" bgcolor="#BFFFBF"
             type="rectangle" x="483" y="482" width="45" height="17"/>
    </entry>
    <entry id="29" name="hsa:7450" type="gene"
        link="http://www.genome.jp/dbget-bin/www_bget?hsa+7450">
        <graphics name="VWF, F8VWF" fgcolor="#000000" bgcolor="#BFFFBF"
             type="rectangle" x="483" y="364" width="45" height="17"/>
    </entry>
    <entry id="30" name="hsa:3371 hsa:63923 hsa:7143 hsa:7148" type="gene"
        link="http://www.genome.jp/dbget-bin/www_bget?hsa+3371+63923+7143+7148">
        <graphics name="TNC, HXB..." fgcolor="#000000" bgcolor="#BFFFBF"
             type="rectangle" x="483" y="572" width="45" height="17"/>
    </entry>
    <entry id="31" name="hsa:3371 hsa:63923 hsa:7143 hsa:7148" type="gene"
        link="http://www.genome.jp/dbget-bin/www_bget?hsa+3371+63923+7143+7148">
        <graphics name="TNC, HXB..." fgcolor="#000000" bgcolor="#BFFFBF"
             type="rectangle" x="483" y="231" width="45" height="17"/>
    </entry>
    <entry id="32" name="hsa:3371 hsa:63923 hsa:7143 hsa:7148" type="gene"
        link="http://www.genome.jp/dbget-bin/www_bget?hsa+3371+63923+7143+7148">
        <graphics name="TNC, HXB..." fgcolor="#000000" bgcolor="#BFFFBF"
             type="rectangle" x="293" y="262" width="45" height="17"/>
    </entry>
    <entry id="33" name="hsa:7448" type="gene"
        link="http://www.genome.jp/dbget-bin/www_bget?hsa+7448">
        <graphics name="VTN" fgcolor="#000000" bgcolor="#BFFFBF"
             type="rectangle" x="483" y="686" width="45" height="17"/>
    </entry>
    <entry id="34" name="hsa:7448" type="gene"
        link="http://www.genome.jp/dbget-bin/www_bget?hsa+7448">
        <graphics name="VTN" fgcolor="#000000" bgcolor="#BFFFBF"
             type="rectangle" x="483" y="457" width="45" height="17"/>
    </entry>
    <entry id="35" name="hsa:7448" type="gene"
        link="http://www.genome.jp/dbget-bin/www_bget?hsa+7448">
        <graphics name="VTN" fgcolor="#000000" bgcolor="#BFFFBF"
             type="rectangle" x="483" y="316" width="45" height="17"/>
    </entry>
    <entry id="36" name="hsa:7448" type="gene"
        link="http://www.genome.jp/dbget-bin/www_bget?hsa+7448">
        <graphics name="VTN" fgcolor="#000000" bgcolor="#BFFFBF"
             type="rectangle" x="483" y="137" width="45" height="17"/>
    </entry>
    <entry id="37" name="hsa:7448" type="gene"
        link="http://www.genome.jp/dbget-bin/www_bget?hsa+7448">
        <graphics name="VTN" fgcolor="#000000" bgcolor="#BFFFBF"
             type="rectangle" x="293" y="610" width="45" height="17"/>
    </entry>
    <entry id="38" name="hsa:6696" type="gene"
        link="http://www.genome.jp/dbget-bin/www_bget?hsa+6696">
        <graphics name="SPP1" fgcolor="#000000" bgcolor="#BFFFBF"
             type="rectangle" x="483" y="506" width="45" height="17"/>
    </entry>
    <entry id="39" name="hsa:6696" type="gene"
        link="http://www.genome.jp/dbget-bin/www_bget?hsa+6696">
        <graphics name="SPP1" fgcolor="#000000" bgcolor="#BFFFBF"
             type="rectangle" x="483" y="207" width="45" height="17"/>
    </entry>
    <entry id="40" name="hsa:6696" type="gene"
        link="http://www.genome.jp/dbget-bin/www_bget?hsa+6696">
        <graphics name="SPP1" fgcolor="#000000" bgcolor="#BFFFBF"
             type="rectangle" x="293" y="586" width="45" height="17"/>
    </entry>
    <entry id="41" name="hsa:6696" type="gene"
        link="http://www.genome.jp/dbget-bin/www_bget?hsa+6696">
        <graphics name="SPP1" fgcolor="#000000" bgcolor="#BFFFBF"
             type="rectangle" x="293" y="286" width="45" height="17"/>
    </entry>
    <entry id="42" name="hsa:22862 hsa:2335 hsa:252995 hsa:64838 hsa:84624" type="gene"
        link="http://www.genome.jp/dbget-bin/www_bget?hsa+22862+2335+252995+64838+84624">
        <graphics name="FNDC3A, FNDC3..." fgcolor="#000000" bgcolor="#BFFFBF"
             type="rectangle" x="757" y="267" width="45" height="17"/>
    </entry>
    <entry id="43" name="hsa:22862 hsa:2335 hsa:252995 hsa:64838 hsa:84624" type="gene"
        link="http://www.genome.jp/dbget-bin/www_bget?hsa+22862+2335+252995+64838+84624">
        <graphics name="FNDC3A, FNDC3..." fgcolor="#000000" bgcolor="#BFFFBF"
             type="rectangle" x="757" y="187" width="45" height="17"/>
    </entry>
    <entry id="44" name="hsa:22862 hsa:2335 hsa:252995 hsa:64838 hsa:84624" type="gene"
        link="http://www.genome.jp/dbget-bin/www_bget?hsa+22862+2335+252995+64838+84624">
        <graphics name="FNDC3A, FNDC3..." fgcolor="#000000" bgcolor="#BFFFBF"
             type="rectangle" x="483" y="638" width="45" height="17"/>
    </entry>
    <entry id="45" name="hsa:22862 hsa:2335 hsa:252995 hsa:64838 hsa:84624" type="gene"
        link="http://www.genome.jp/dbget-bin/www_bget?hsa+22862+2335+252995+64838+84624">
        <graphics name="FNDC3A, FNDC3..." fgcolor="#000000" bgcolor="#BFFFBF"
             type="rectangle" x="483" y="547" width="45" height="17"/>
    </entry>
    <entry id="46" name="hsa:22862 hsa:2335 hsa:252995 hsa:64838 hsa:84624" type="gene"
        link="http://www.genome.jp/dbget-bin/www_bget?hsa+22862+2335+252995+64838+84624">
        <graphics name="FNDC3A, FNDC3..." fgcolor="#000000" bgcolor="#BFFFBF"
             type="rectangle" x="483" y="340" width="45" height="17"/>
    </entry>
    <entry id="47" name="hsa:22862 hsa:2335 hsa:252995 hsa:64838 hsa:84624" type="gene"
        link="http://www.genome.jp/dbget-bin/www_bget?hsa+22862+2335+252995+64838+84624">
        <graphics name="FNDC3A, FNDC3..." fgcolor="#000000" bgcolor="#BFFFBF"
             type="rectangle" x="483" y="160" width="45" height="17"/>
    </entry>
    <entry id="48" name="hsa:22862 hsa:2335 hsa:252995 hsa:64838 hsa:84624" type="gene"
        link="http://www.genome.jp/dbget-bin/www_bget?hsa+22862+2335+252995+64838+84624">
        <graphics name="FNDC3A, FNDC3..." fgcolor="#000000" bgcolor="#BFFFBF"
             type="rectangle" x="293" y="726" width="45" height="17"/>
    </entry>
    <entry id="49" name="hsa:22862 hsa:2335 hsa:252995 hsa:64838 hsa:84624" type="gene"
        link="http://www.genome.jp/dbget-bin/www_bget?hsa+22862+2335+252995+64838+84624">
        <graphics name="FNDC3A, FNDC3..." fgcolor="#000000" bgcolor="#BFFFBF"
             type="rectangle" x="293" y="562" width="45" height="17"/>
    </entry>
    <entry id="50" name="hsa:22862 hsa:2335 hsa:252995 hsa:64838 hsa:84624" type="gene"
        link="http://www.genome.jp/dbget-bin/www_bget?hsa+22862+2335+252995+64838+84624">
        <graphics name="FNDC3A, FNDC3..." fgcolor="#000000" bgcolor="#BFFFBF"
             type="rectangle" x="293" y="137" width="45" height="17"/>
    </entry>
    <entry id="51" name="hsa:22862 hsa:2335 hsa:252995 hsa:64838 hsa:84624" type="gene"
        link="http://www.genome.jp/dbget-bin/www_bget?hsa+22862+2335+252995+64838+84624">
        <graphics name="FNDC3A, FNDC3..." fgcolor="#000000" bgcolor="#BFFFBF"
             type="rectangle" x="101" y="567" width="45" height="17"/>
    </entry>
    <entry id="52" name="hsa:22862 hsa:2335 hsa:252995 hsa:64838 hsa:84624" type="gene"
        link="http://www.genome.jp/dbget-bin/www_bget?hsa+22862+2335+252995+64838+84624">
        <graphics name="FNDC3A, FNDC3..." fgcolor="#000000" bgcolor="#BFFFBF"
             type="rectangle" x="101" y="472" width="45" height="17"/>
    </entry>
    <entry id="53" name="hsa:7057 hsa:7058 hsa:7059 hsa:7060" type="gene"
        link="http://www.genome.jp/dbget-bin/www_bget?hsa+7057+7058+7059+7060">
        <graphics name="THBS1..." fgcolor="#000000" bgcolor="#BFFFBF"
             type="rectangle" x="101" y="370" width="46" height="17"/>
    </entry>
    <entry id="54" name="hsa:7057 hsa:7058 hsa:7059 hsa:7060" type="gene"
        link="http://www.genome.jp/dbget-bin/www_bget?hsa+7057+7058+7059+7060">
        <graphics name="THBS1..." fgcolor="#000000" bgcolor="#BFFFBF"
             type="rectangle" x="483" y="388" width="45" height="17"/>
    </entry>
    <entry id="55" name="hsa:7057 hsa:7058 hsa:7059 hsa:7060" type="gene"
        link="http://www.genome.jp/dbget-bin/www_bget?hsa+7057+7058+7059+7060">
        <graphics name="THBS1..." fgcolor="#000000" bgcolor="#BFFFBF"
             type="rectangle" x="483" y="278" width="45" height="17"/>
    </entry>
    <entry id="56" name="hsa:7057 hsa:7058 hsa:7059 hsa:7060" type="gene"
        link="http://www.genome.jp/dbget-bin/www_bget?hsa+7057+7058+7059+7060">
        <graphics name="THBS1..." fgcolor="#000000" bgcolor="#BFFFBF"
             type="rectangle" x="757" y="684" width="46" height="17"/>
    </entry>
    <entry id="57" name="hsa:7057 hsa:7058 hsa:7059 hsa:7060" type="gene"
        link="http://www.genome.jp/dbget-bin/www_bget?hsa+7057+7058+7059+7060">
        <graphics name="THBS1..." fgcolor="#000000" bgcolor="#BFFFBF"
             type="rectangle" x="758" y="415" width="46" height="17"/>
    </entry>
    <entry id="58" name="hsa:7057 hsa:7058 hsa:7059 hsa:7060" type="gene"
        link="http://www.genome.jp/dbget-bin/www_bget?hsa+7057+7058+7059+7060">
        <graphics name="THBS1..." fgcolor="#000000" bgcolor="#BFFFBF"
             type="rectangle" x="757" y="291" width="46" height="17"/>
    </entry>
    <entry id="59" name="hsa:1277 hsa:1278 hsa:1280 hsa:1281 hsa:1282 hsa:1284 hsa:1286 hsa:1288 hsa:1289 hsa:1290 hsa:1291 hsa:1292 hsa:1293 hsa:1301 hsa:1302 hsa:131873 hsa:50509" type="gene"
        link="http://www.genome.jp/dbget-bin/www_bget?hsa+1277+1278+1280+1281+1282+1284+1286+1288+1289+1290+1291+1292+1293+1301+1302+131873+50509">
        <graphics name="COL1A1..." fgcolor="#000000" bgcolor="#BFFFBF"
             type="rectangle" x="293" y="310" width="45" height="17"/>
    </entry>
    <entry id="60" name="hsa:3690" type="gene"
        link="http://www.genome.jp/dbget-bin/www_bget?hsa+3690">
        <graphics name="ITGB3, GP3A" fgcolor="#000000" bgcolor="#BFFFBF"
             type="rectangle" x="565" y="360" width="45" height="17"/>
    </entry>
    <entry id="61" name="hsa:3688" type="gene"
        link="http://www.genome.jp/dbget-bin/www_bget?hsa+3688">
        <graphics name="ITGB1, FNRB, MSK12, MDF2" fgcolor="#000000" bgcolor="#BFFFBF"
             type="rectangle" x="376" y="595" width="46" height="17"/>
    </entry>
    <entry id="62" name="hsa:3688" type="gene"
        link="http://www.genome.jp/dbget-bin/www_bget?hsa+3688">
        <graphics name="ITGB1, FNRB, MSK12, MDF2" fgcolor="#000000" bgcolor="#BFFFBF"
             type="rectangle" x="376" y="500" width="46" height="17"/>
    </entry>
    <entry id="63" name="hsa:3688" type="gene"
        link="http://www.genome.jp/dbget-bin/www_bget?hsa+3688">
        <graphics name="ITGB1, FNRB, MSK12, MDF2" fgcolor="#000000" bgcolor="#BFFFBF"
             type="rectangle" x="376" y="403" width="46" height="17"/>
    </entry>
    <entry id="64" name="hsa:3688" type="gene"
        link="http://www.genome.jp/dbget-bin/www_bget?hsa+3688">
        <graphics name="ITGB1, FNRB, MSK12, MDF2" fgcolor="#000000" bgcolor="#BFFFBF"
             type="rectangle" x="376" y="306" width="46" height="17"/>
    </entry>
    <entry id="65" name="hsa:3688" type="gene"
        link="http://www.genome.jp/dbget-bin/www_bget?hsa+3688">
        <graphics name="ITGB1, FNRB, MSK12, MDF2" fgcolor="#000000" bgcolor="#BFFFBF"
             type="rectangle" x="376" y="180" width="46" height="17"/>
    </entry>
    <entry id="66" name="hsa:3688" type="gene"
        link="http://www.genome.jp/dbget-bin/www_bget?hsa+3688">
        <graphics name="ITGB1, FNRB, MSK12, MDF2" fgcolor="#000000" bgcolor="#BFFFBF"
             type="rectangle" x="184" y="737" width="46" height="17"/>
    </entry>
    <entry id="67" name="hsa:3688" type="gene"
        link="http://www.genome.jp/dbget-bin/www_bget?hsa+3688">
        <graphics name="ITGB1, FNRB, MSK12, MDF2" fgcolor="#000000" bgcolor="#BFFFBF"
             type="rectangle" x="184" y="656" width="46" height="17"/>
    </entry>
    <entry id="68" name="hsa:3688" type="gene"
        link="http://www.genome.jp/dbget-bin/www_bget?hsa+3688">
        <graphics name="ITGB1, FNRB, MSK12, MDF2" fgcolor="#000000" bgcolor="#BFFFBF"
             type="rectangle" x="184" y="575" width="46" height="17"/>
    </entry>
    <entry id="69" name="hsa:3688" type="gene"
        link="http://www.genome.jp/dbget-bin/www_bget?hsa+3688">
        <graphics name="ITGB1, FNRB, MSK12, MDF2" fgcolor="#000000" bgcolor="#BFFFBF"
             type="rectangle" x="184" y="494" width="46" height="17"/>
    </entry>
    <entry id="70" name="hsa:3688" type="gene"
        link="http://www.genome.jp/dbget-bin/www_bget?hsa+3688">
        <graphics name="ITGB1, FNRB, MSK12, MDF2" fgcolor="#000000" bgcolor="#BFFFBF"
             type="rectangle" x="184" y="378" width="46" height="17"/>
    </entry>
    <entry id="71" name="hsa:3688" type="gene"
        link="http://www.genome.jp/dbget-bin/www_bget?hsa+3688">
        <graphics name="ITGB1, FNRB, MSK12, MDF2" fgcolor="#000000" bgcolor="#BFFFBF"
             type="rectangle" x="184" y="252" width="46" height="17"/>
    </entry>
    <entry id="72" name="hsa:3655" type="gene"
        link="http://www.genome.jp/dbget-bin/www_bget?hsa+3655">
        <graphics name="ITGA6" fgcolor="#000000" bgcolor="#BFFFBF"
             type="rectangle" x="566" y="719" width="45" height="17"/>
    </entry>
    <entry id="73" name="hsa:3685" type="gene"
        link="http://www.genome.jp/dbget-bin/www_bget?hsa+3685">
        <graphics name="ITGAV, VNRA, MSK8" fgcolor="#000000" bgcolor="#BFFFBF"
             type="rectangle" x="566" y="642" width="45" height="17"/>
    </entry>
    <entry id="74" name="hsa:3685" type="gene"
        link="http://www.genome.jp/dbget-bin/www_bget?hsa+3685">
        <graphics name="ITGAV, VNRA, MSK8" fgcolor="#000000" bgcolor="#BFFFBF"
             type="rectangle" x="566" y="551" width="45" height="17"/>
    </entry>
    <entry id="75" name="hsa:3685" type="gene"
        link="http://www.genome.jp/dbget-bin/www_bget?hsa+3685">
        <graphics name="ITGAV, VNRA, MSK8" fgcolor="#000000" bgcolor="#BFFFBF"
             type="rectangle" x="566" y="472" width="45" height="17"/>
    </entry>
    <entry id="76" name="hsa:3685" type="gene"
        link="http://www.genome.jp/dbget-bin/www_bget?hsa+3685">
        <graphics name="ITGAV, VNRA, MSK8" fgcolor="#000000" bgcolor="#BFFFBF"
             type="rectangle" x="565" y="198" width="45" height="17"/>
    </entry>
    <entry id="77" name="hsa:3676" type="gene"
        link="http://www.genome.jp/dbget-bin/www_bget?hsa+3676">
        <graphics name="ITGA4" fgcolor="#000000" bgcolor="#BFFFBF"
             type="rectangle" x="376" y="719" width="46" height="17"/>
    </entry>
    <entry id="78" name="hsa:3161" type="gene"
        link="http://www.genome.jp/dbget-bin/www_bget?hsa+3161">
        <graphics name="HMMR" fgcolor="#000000" bgcolor="#BFFFBF"
             type="rectangle" x="840" y="736" width="46" height="17"/>
    </entry>
    <entry id="79" name="hsa:961" type="gene"
        link="http://www.genome.jp/dbget-bin/www_bget?hsa+961">
        <graphics name="CD47, MER6" fgcolor="#000000" bgcolor="#BFFFBF"
             type="rectangle" x="840" y="684" width="46" height="17"/>
    </entry>
    <entry id="80" name="hsa:1605" type="gene"
        link="http://www.genome.jp/dbget-bin/www_bget?hsa+1605">
        <graphics name="DAG1" fgcolor="#000000" bgcolor="#BFFFBF"
             type="rectangle" x="795" y="606" width="45" height="17"/>
    </entry>
    <entry id="81" name="hsa:948" type="gene"
        link="http://www.genome.jp/dbget-bin/www_bget?hsa+948">
        <graphics name="CD36" fgcolor="#000000" bgcolor="#BFFFBF"
             type="rectangle" x="840" y="415" width="46" height="17"/>
    </entry>
    <entry id="82" name="hsa:22987 hsa:9899 hsa:9900" type="gene"
        link="http://www.genome.jp/dbget-bin/www_bget?hsa+22987+9899+9900">
        <graphics name="SV2C..." fgcolor="#000000" bgcolor="#BFFFBF"
             type="rectangle" x="840" y="346" width="46" height="17"/>
    </entry>
    <entry id="83" name="hsa:6382 hsa:6383 hsa:6385 hsa:9672" type="gene"
        link="http://www.genome.jp/dbget-bin/www_bget?hsa+6382+6383+6385+9672">
        <graphics name="SDC1, SDC..." fgcolor="#000000" bgcolor="#BFFFBF"
             type="rectangle" x="840" y="279" width="46" height="17"/>
    </entry>
    <entry id="84" name="hsa:3339" type="gene"
        link="http://www.genome.jp/dbget-bin/www_bget?hsa+3339">
        <graphics name="HSPG2, SJS1" fgcolor="#000000" bgcolor="#BFFFBF"
             type="rectangle" x="713" y="631" width="45" height="17"/>
    </entry>
    <entry id="85" name="hsa:3691" type="gene"
        link="http://www.genome.jp/dbget-bin/www_bget?hsa+3691">
        <graphics name="ITGB4" fgcolor="#000000" bgcolor="#BFFFBF"
             type="rectangle" x="566" y="736" width="45" height="17"/>
    </entry>
    <entry id="86" name="hsa:3696" type="gene"
        link="http://www.genome.jp/dbget-bin/www_bget?hsa+3696">
        <graphics name="ITGB8" fgcolor="#000000" bgcolor="#BFFFBF"
             type="rectangle" x="566" y="659" width="45" height="17"/>
    </entry>
    <entry id="87" name="hsa:3694" type="gene"
        link="http://www.genome.jp/dbget-bin/www_bget?hsa+3694">
        <graphics name="ITGB6" fgcolor="#000000" bgcolor="#BFFFBF"
             type="rectangle" x="566" y="568" width="45" height="17"/>
    </entry>
    <entry id="88" name="hsa:3693" type="gene"
        link="http://www.genome.jp/dbget-bin/www_bget?hsa+3693">
        <graphics name="ITGB5" fgcolor="#000000" bgcolor="#BFFFBF"
             type="rectangle" x="566" y="489" width="45" height="17"/>
    </entry>
    <entry id="89" name="hsa:3674" type="gene"
        link="http://www.genome.jp/dbget-bin/www_bget?hsa+3674">
        <graphics name="ITGA2B" fgcolor="#000000" bgcolor="#BFFFBF"
             type="rectangle" x="565" y="343" width="45" height="17"/>
    </entry>
    <entry id="90" name="hsa:3690" type="gene"
        link="http://www.genome.jp/dbget-bin/www_bget?hsa+3690">
        <graphics name="ITGB3, GP3A" fgcolor="#000000" bgcolor="#BFFFBF"
             type="rectangle" x="565" y="215" width="45" height="17"/>
    </entry>
    <entry id="91" name="hsa:3695" type="gene"
        link="http://www.genome.jp/dbget-bin/www_bget?hsa+3695">
        <graphics name="ITGB7" fgcolor="#000000" bgcolor="#BFFFBF"
             type="rectangle" x="376" y="736" width="46" height="17"/>
    </entry>
    <entry id="92" name="hsa:3685" type="gene"
        link="http://www.genome.jp/dbget-bin/www_bget?hsa+3685">
        <graphics name="ITGAV, VNRA, MSK8" fgcolor="#000000" bgcolor="#BFFFBF"
             type="rectangle" x="376" y="578" width="46" height="17"/>
    </entry>
    <entry id="93" name="hsa:22801" type="gene"
        link="http://www.genome.jp/dbget-bin/www_bget?hsa+22801">
        <graphics name="ITGA11" fgcolor="#000000" bgcolor="#BFFFBF"
             type="rectangle" x="376" y="483" width="46" height="17"/>
    </entry>
    <entry id="94" name="hsa:8515" type="gene"
        link="http://www.genome.jp/dbget-bin/www_bget?hsa+8515">
        <graphics name="ITGA10" fgcolor="#000000" bgcolor="#BFFFBF"
             type="rectangle" x="376" y="386" width="46" height="17"/>
    </entry>
    <entry id="95" name="hsa:3680" type="gene"
        link="http://www.genome.jp/dbget-bin/www_bget?hsa+3680">
        <graphics name="ITGA9" fgcolor="#000000" bgcolor="#BFFFBF"
             type="rectangle" x="376" y="289" width="46" height="17"/>
    </entry>
    <entry id="96" name="hsa:8516" type="gene"
        link="http://www.genome.jp/dbget-bin/www_bget?hsa+8516">
        <graphics name="ITGA8" fgcolor="#000000" bgcolor="#BFFFBF"
             type="rectangle" x="376" y="163" width="46" height="17"/>
    </entry>
    <entry id="97" name="hsa:3679" type="gene"
        link="http://www.genome.jp/dbget-bin/www_bget?hsa+3679">
        <graphics name="ITGA7" fgcolor="#000000" bgcolor="#BFFFBF"
             type="rectangle" x="184" y="720" width="46" height="17"/>
    </entry>
    <entry id="98" name="hsa:3655" type="gene"
        link="http://www.genome.jp/dbget-bin/www_bget?hsa+3655">
        <graphics name="ITGA6" fgcolor="#000000" bgcolor="#BFFFBF"
             type="rectangle" x="184" y="639" width="46" height="17"/>
    </entry>
    <entry id="99" name="hsa:3678" type="gene"
        link="http://www.genome.jp/dbget-bin/www_bget?hsa+3678">
        <graphics name="ITGA5" fgcolor="#000000" bgcolor="#BFFFBF"
             type="rectangle" x="184" y="558" width="46" height="17"/>
    </entry>
    <entry id="100" name="hsa:3676" type="gene"
        link="http://www.genome.jp/dbget-bin/www_bget?hsa+3676">
        <graphics name="ITGA4" fgcolor="#000000" bgcolor="#BFFFBF"
             type="rectangle" x="184" y="477" width="46" height="17"/>
    </entry>
    <entry id="101" name="hsa:3675" type="gene"
        link="http://www.genome.jp/dbget-bin/www_bget?hsa+3675">
        <graphics name="ITGA3, MSK18" fgcolor="#000000" bgcolor="#BFFFBF"
             type="rectangle" x="184" y="361" width="46" height="17"/>
    </entry>
    <entry id="102" name="path:hsa04510" type="map"
        link="http://www.genome.jp/kegg/pathway/hsa/hsa04510.html">
        <graphics name="Focal adhesion" fgcolor="#000000" bgcolor="#FFFFFF"
             type="roundrectangle" x="661" y="353" width="104" height="39"/>
    </entry>
    <entry id="103" name="hsa:3688" type="gene"
        link="http://www.genome.jp/dbget-bin/www_bget?hsa+3688">
        <graphics name="ITGB1, FNRB, MSK12, MDF2" fgcolor="#000000" bgcolor="#BFFFBF"
             type="rectangle" x="184" y="159" width="46" height="17"/>
    </entry>
    <entry id="104" name="hsa:3672" type="gene"
        link="http://www.genome.jp/dbget-bin/www_bget?hsa+3672">
        <graphics name="ITGA1" fgcolor="#000000" bgcolor="#BFFFBF"
             type="rectangle" x="184" y="142" width="46" height="17"/>
    </entry>
    <entry id="105" name="hsa:3371 hsa:63923 hsa:7143 hsa:7148" type="gene"
        link="http://www.genome.jp/dbget-bin/www_bget?hsa+3371+63923+7143+7148">
        <graphics name="TNC, HXB..." fgcolor="#000000" bgcolor="#BFFFBF"
             type="rectangle" x="293" y="185" width="45" height="17"/>
    </entry>
    <entry id="106" name="glycan:G02170" type="compound"
        link="http://www.genome.jp/dbget-bin/www_bget?glycan+G02170">
        <graphics name="G02170" fgcolor="#000000" bgcolor="#FFFFFF"
             type="circle" x="764" y="134" width="8" height="8"/>
    </entry>
    <entry id="107" name="hsa:7450" type="gene"
        link="http://www.genome.jp/dbget-bin/www_bget?hsa+7450">
        <graphics name="VWF, F8VWF" fgcolor="#000000" bgcolor="#BFFFBF"
             type="rectangle" x="483" y="184" width="45" height="17"/>
    </entry>
    <entry id="108" name="hsa:7448" type="gene"
        link="http://www.genome.jp/dbget-bin/www_bget?hsa+7448">
        <graphics name="VTN" fgcolor="#000000" bgcolor="#BFFFBF"
             type="rectangle" x="293" y="161" width="45" height="17"/>
    </entry>
    <entry id="110" name="hsa:22862 hsa:2335 hsa:252995 hsa:64838 hsa:84624" type="gene"
        link="http://www.genome.jp/dbget-bin/www_bget?hsa+22862+2335+252995+64838+84624">
        <graphics name="FNDC3A, FNDC3..." fgcolor="#000000" bgcolor="#BFFFBF"
             type="rectangle" x="101" y="418" width="45" height="17"/>
    </entry>
    <entry id="111" name="hsa:3381" type="gene"
        link="http://www.genome.jp/dbget-bin/www_bget?hsa+3381">
        <graphics name="IBSP" fgcolor="#000000" bgcolor="#BFFFBF"
             type="rectangle" x="483" y="255" width="45" height="17"/>
    </entry>
    <entry id="112" name="hsa:10319 hsa:22798 hsa:284217 hsa:3908 hsa:3909 hsa:3910 hsa:3911 hsa:3912 hsa:3913 hsa:3914 hsa:3915 hsa:3918" type="gene"
        link="http://www.genome.jp/dbget-bin/www_bget?hsa+10319+22798+284217+3908+3909+3910+3911+3912+3913+3914+3915+3918">
        <graphics name="LAMC3..." fgcolor="#000000" bgcolor="#BFFFBF"
             type="rectangle" x="101" y="164" width="46" height="17"/>
    </entry>
    <entry id="113" name="hsa:6696" type="gene"
        link="http://www.genome.jp/dbget-bin/www_bget?hsa+6696">
        <graphics name="SPP1" fgcolor="#000000" bgcolor="#BFFFBF"
             type="rectangle" x="101" y="500" width="46" height="17"/>
    </entry>
    <entry id="114" name="hsa:1101" type="gene"
        link="http://www.genome.jp/dbget-bin/www_bget?hsa+1101">
        <graphics name="CHAD" fgcolor="#000000" bgcolor="#BFFFBF"
             type="rectangle" x="101" y="267" width="46" height="17"/>
    </entry>
    <entry id="115" name="hsa:1277 hsa:1278 hsa:1280 hsa:1281 hsa:1282 hsa:1284 hsa:1286 hsa:1288 hsa:1289 hsa:1290 hsa:1291 hsa:1292 hsa:1293 hsa:1301 hsa:1302 hsa:131873 hsa:50509" type="gene"
        link="http://www.genome.jp/dbget-bin/www_bget?hsa+1277+1278+1280+1281+1282+1284+1286+1288+1289+1290+1291+1292+1293+1301+1302+131873+50509">
        <graphics name="COL1A1..." fgcolor="#000000" bgcolor="#BFFFBF"
             type="rectangle" x="101" y="138" width="46" height="17"/>
    </entry>
    <entry id="116" name="hsa:5649" type="gene"
        link="http://www.genome.jp/dbget-bin/www_bget?hsa+5649">
        <graphics name="RELN" fgcolor="#000000" bgcolor="#BFFFBF"
             type="rectangle" x="101" y="346" width="46" height="17"/>
    </entry>
    <entry id="117" name="path:hsa04512" type="map"
        link="http://www.genome.jp/dbget-bin/get_linkdb?pathway+hsa04512">
        <graphics name="TITLE:ECM-receptor interaction" fgcolor="#000000" bgcolor="#FFFFFF"
             type="roundrectangle" x="182" y="41" width="246" height="25"/>
    </entry>
    <entry id="118" name="hsa:960" type="gene"
        link="http://www.genome.jp/dbget-bin/www_bget?hsa+960">
        <graphics name="CD44, MIC4, MDU2, MDU3" fgcolor="#000000" bgcolor="#BFFFBF"
             type="rectangle" x="839" y="172" width="45" height="17"/>
    </entry>
    <entry id="119" name="hsa:3673" type="gene"
        link="http://www.genome.jp/dbget-bin/www_bget?hsa+3673">
        <graphics name="ITGA2, CD49B" fgcolor="#000000" bgcolor="#BFFFBF"
             type="rectangle" x="184" y="235" width="46" height="17"/>
    </entry>
    <entry id="120" name="hsa:375790" type="gene"
        link="http://www.genome.jp/dbget-bin/www_bget?hsa+375790">
        <graphics name="AGRN" fgcolor="#000000" bgcolor="#BFFFBF"
             type="rectangle" x="713" y="606" width="45" height="17"/>
    </entry>
    <entry id="121" name="undefined" type="group">
        <graphics fgcolor="#000000" bgcolor="#FFFFFF"
             type="rectangle" x="184" y="151" width="66" height="54"/>
        <component id="103"/>
        <component id="104"/>
    </entry>
    <entry id="122" name="undefined" type="group">
        <graphics fgcolor="#000000" bgcolor="#FFFFFF"
             type="rectangle" x="184" y="244" width="66" height="54"/>
        <component id="71"/>
        <component id="119"/>
    </entry>
    <entry id="123" name="undefined" type="group">
        <graphics fgcolor="#000000" bgcolor="#FFFFFF"
             type="rectangle" x="184" y="370" width="66" height="54"/>
        <component id="70"/>
        <component id="101"/>
    </entry>
    <entry id="124" name="undefined" type="group">
        <graphics fgcolor="#000000" bgcolor="#FFFFFF"
             type="rectangle" x="184" y="486" width="66" height="54"/>
        <component id="69"/>
        <component id="100"/>
    </entry>
    <entry id="125" name="undefined" type="group">
        <graphics fgcolor="#000000" bgcolor="#FFFFFF"
             type="rectangle" x="184" y="567" width="66" height="54"/>
        <component id="68"/>
        <component id="99"/>
    </entry>
    <entry id="126" name="undefined" type="group">
        <graphics fgcolor="#000000" bgcolor="#FFFFFF"
             type="rectangle" x="184" y="648" width="66" height="54"/>
        <component id="67"/>
        <component id="98"/>
    </entry>
    <entry id="127" name="undefined" type="group">
        <graphics fgcolor="#000000" bgcolor="#FFFFFF"
             type="rectangle" x="184" y="729" width="66" height="54"/>
        <component id="66"/>
        <component id="97"/>
    </entry>
    <entry id="128" name="undefined" type="group">
        <graphics fgcolor="#000000" bgcolor="#FFFFFF"
             type="rectangle" x="376" y="172" width="66" height="54"/>
        <component id="65"/>
        <component id="96"/>
    </entry>
    <entry id="129" name="undefined" type="group">
        <graphics fgcolor="#000000" bgcolor="#FFFFFF"
             type="rectangle" x="376" y="298" width="66" height="54"/>
        <component id="64"/>
        <component id="95"/>
    </entry>
    <entry id="130" name="undefined" type="group">
        <graphics fgcolor="#000000" bgcolor="#FFFFFF"
             type="rectangle" x="376" y="395" width="66" height="54"/>
        <component id="63"/>
        <component id="94"/>
    </entry>
    <entry id="131" name="undefined" type="group">
        <graphics fgcolor="#000000" bgcolor="#FFFFFF"
             type="rectangle" x="376" y="492" width="66" height="54"/>
        <component id="62"/>
        <component id="93"/>
    </entry>
    <entry id="132" name="undefined" type="group">
        <graphics fgcolor="#000000" bgcolor="#FFFFFF"
             type="rectangle" x="376" y="587" width="66" height="54"/>
        <component id="61"/>
        <component id="92"/>
    </entry>
    <entry id="133" name="undefined" type="group">
        <graphics fgcolor="#000000" bgcolor="#FFFFFF"
             type="rectangle" x="376" y="728" width="66" height="54"/>
        <component id="77"/>
        <component id="91"/>
    </entry>
    <entry id="134" name="undefined" type="group">
        <graphics fgcolor="#000000" bgcolor="#FFFFFF"
             type="rectangle" x="565" y="207" width="65" height="54"/>
        <component id="76"/>
        <component id="90"/>
    </entry>
    <entry id="135" name="undefined" type="group">
        <graphics fgcolor="#000000" bgcolor="#FFFFFF"
             type="rectangle" x="565" y="352" width="65" height="54"/>
        <component id="60"/>
        <component id="89"/>
    </entry>
    <entry id="136" name="undefined" type="group">
        <graphics fgcolor="#000000" bgcolor="#FFFFFF"
             type="rectangle" x="566" y="481" width="65" height="54"/>
        <component id="75"/>
        <component id="88"/>
    </entry>
    <entry id="137" name="undefined" type="group">
        <graphics fgcolor="#000000" bgcolor="#FFFFFF"
             type="rectangle" x="566" y="560" width="65" height="54"/>
        <component id="74"/>
        <component id="87"/>
    </entry>
    <entry id="138" name="undefined" type="group">
        <graphics fgcolor="#000000" bgcolor="#FFFFFF"
             type="rectangle" x="566" y="651" width="65" height="54"/>
        <component id="73"/>
        <component id="86"/>
    </entry>
    <entry id="139" name="undefined" type="group">
        <graphics fgcolor="#000000" bgcolor="#FFFFFF"
             type="rectangle" x="566" y="728" width="65" height="54"/>
        <component id="72"/>
        <component id="85"/>
    </entry>
    <entry id="140" name="undefined" type="group">
        <graphics fgcolor="#000000" bgcolor="#FFFFFF"
             type="rectangle" x="841" y="474" width="66" height="88"/>
        <component id="22"/>
        <component id="23"/>
        <component id="24"/>
        <component id="25"/>
    </entry>
    <entry id="141" name="undefined" type="group">
        <graphics fgcolor="#000000" bgcolor="#FFFFFF"
             type="rectangle" x="818" y="606" width="111" height="37"/>
        <component id="19"/>
        <component id="80"/>
    </entry>
    <relation entry1="115" entry2="121" type="PPrel">
        <subtype name="activation" value="-->"/>
    </relation>
    <relation entry1="112" entry2="121" type="PPrel">
        <subtype name="activation" value="-->"/>
    </relation>
    <relation entry1="18" entry2="122" type="PPrel">
        <subtype name="activation" value="-->"/>
    </relation>
    <relation entry1="10" entry2="122" type="PPrel">
        <subtype name="activation" value="-->"/>
    </relation>
    <relation entry1="114" entry2="122" type="PPrel">
        <subtype name="activation" value="-->"/>
    </relation>
    <relation entry1="9" entry2="123" type="PPrel">
        <subtype name="activation" value="-->"/>
    </relation>
    <relation entry1="116" entry2="123" type="PPrel">
        <subtype name="activation" value="-->"/>
    </relation>
    <relation entry1="53" entry2="123" type="PPrel">
        <subtype name="activation" value="-->"/>
    </relation>
    <relation entry1="17" entry2="123" type="PPrel">
        <subtype name="activation" value="-->"/>
    </relation>
    <relation entry1="110" entry2="123" type="PPrel">
        <subtype name="activation" value="-->"/>
    </relation>
    <relation entry1="52" entry2="124" type="PPrel">
        <subtype name="activation" value="-->"/>
    </relation>
    <relation entry1="113" entry2="124" type="PPrel">
        <subtype name="activation" value="-->"/>
    </relation>
    <relation entry1="51" entry2="125" type="PPrel">
        <subtype name="activation" value="-->"/>
    </relation>
    <relation entry1="8" entry2="126" type="PPrel">
        <subtype name="activation" value="-->"/>
    </relation>
    <relation entry1="7" entry2="127" type="PPrel">
        <subtype name="activation" value="-->"/>
    </relation>
    <relation entry1="50" entry2="128" type="PPrel">
        <subtype name="activation" value="-->"/>
    </relation>
    <relation entry1="108" entry2="128" type="PPrel">
        <subtype name="activation" value="-->"/>
    </relation>
    <relation entry1="105" entry2="128" type="PPrel">
        <subtype name="activation" value="-->"/>
    </relation>
    <relation entry1="32" entry2="129" type="PPrel">
        <subtype name="activation" value="-->"/>
    </relation>
    <relation entry1="41" entry2="129" type="PPrel">
        <subtype name="activation" value="-->"/>
    </relation>
    <relation entry1="59" entry2="129" type="PPrel">
        <subtype name="activation" value="-->"/>
    </relation>
    <relation entry1="6" entry2="129" type="PPrel">
        <subtype name="activation" value="-->"/>
    </relation>
    <relation entry1="16" entry2="130" type="PPrel">
        <subtype name="activation" value="-->"/>
    </relation>
    <relation entry1="15" entry2="131" type="PPrel">
        <subtype name="activation" value="-->"/>
    </relation>
    <relation entry1="49" entry2="132" type="PPrel">
        <subtype name="activation" value="-->"/>
    </relation>
    <relation entry1="40" entry2="132" type="PPrel">
        <subtype name="activation" value="-->"/>
    </relation>
    <relation entry1="37" entry2="132" type="PPrel">
        <subtype name="activation" value="-->"/>
    </relation>
    <relation entry1="48" entry2="133" type="PPrel">
        <subtype name="activation" value="-->"/>
    </relation>
    <relation entry1="36" entry2="134" type="PPrel">
        <subtype name="activation" value="-->"/>
    </relation>
    <relation entry1="47" entry2="134" type="PPrel">
        <subtype name="activation" value="-->"/>
    </relation>
    <relation entry1="107" entry2="134" type="PPrel">
        <subtype name="activation" value="-->"/>
    </relation>
    <relation entry1="39" entry2="134" type="PPrel">
        <subtype name="activation" value="-->"/>
    </relation>
    <relation entry1="31" entry2="134" type="PPrel">
        <subtype name="activation" value="-->"/>
    </relation>
    <relation entry1="111" entry2="134" type="PPrel">
        <subtype name="activation" value="-->"/>
    </relation>
    <relation entry1="55" entry2="134" type="PPrel">
        <subtype name="activation" value="-->"/>
    </relation>
    <relation entry1="35" entry2="135" type="PPrel">
        <subtype name="activation" value="-->"/>
    </relation>
    <relation entry1="46" entry2="135" type="PPrel">
        <subtype name="activation" value="-->"/>
    </relation>
    <relation entry1="29" entry2="135" type="PPrel">
        <subtype name="activation" value="-->"/>
    </relation>
    <relation entry1="54" entry2="135" type="PPrel">
        <subtype name="activation" value="-->"/>
    </relation>
    <relation entry1="34" entry2="136" type="PPrel">
        <subtype name="activation" value="-->"/>
    </relation>
    <relation entry1="28" entry2="136" type="PPrel">
        <subtype name="activation" value="-->"/>
    </relation>
    <relation entry1="38" entry2="136" type="PPrel">
        <subtype name="activation" value="-->"/>
    </relation>
    <relation entry1="45" entry2="137" type="PPrel">
        <subtype name="activation" value="-->"/>
    </relation>
    <relation entry1="30" entry2="137" type="PPrel">
        <subtype name="activation" value="-->"/>
    </relation>
    <relation entry1="14" entry2="138" type="PPrel">
        <subtype name="activation" value="-->"/>
    </relation>
    <relation entry1="44" entry2="138" type="PPrel">
        <subtype name="activation" value="-->"/>
    </relation>
    <relation entry1="5" entry2="138" type="PPrel">
        <subtype name="activation" value="-->"/>
    </relation>
    <relation entry1="33" entry2="138" type="PPrel">
        <subtype name="activation" value="-->"/>
    </relation>
    <relation entry1="4" entry2="139" type="PPrel">
        <subtype name="activation" value="-->"/>
    </relation>
    <relation entry1="13" entry2="118" type="PPrel">
        <subtype name="activation" value="-->"/>
    </relation>
    <relation entry1="43" entry2="118" type="PPrel">
        <subtype name="activation" value="-->"/>
    </relation>
    <relation entry1="3" entry2="118" type="PPrel">
        <subtype name="activation" value="-->"/>
    </relation>
    <relation entry1="12" entry2="83" type="PPrel">
        <subtype name="activation" value="-->"/>
    </relation>
    <relation entry1="42" entry2="83" type="PPrel">
        <subtype name="activation" value="-->"/>
    </relation>
    <relation entry1="58" entry2="83" type="PPrel">
        <subtype name="activation" value="-->"/>
    </relation>
    <relation entry1="20" entry2="83" type="PPrel">
        <subtype name="activation" value="-->"/>
    </relation>
    <relation entry1="2" entry2="82" type="PPrel">
        <subtype name="activation" value="-->"/>
    </relation>
    <relation entry1="57" entry2="81" type="PPrel">
        <subtype name="activation" value="-->"/>
    </relation>
    <relation entry1="26" entry2="140" type="PPrel">
        <subtype name="activation" value="-->"/>
    </relation>
    <relation entry1="11" entry2="21" type="PPrel">
        <subtype name="activation" value="-->"/>
    </relation>
    <relation entry1="1" entry2="141" type="PPrel">
        <subtype name="activation" value="-->"/>
    </relation>
    <relation entry1="120" entry2="141" type="PPrel">
        <subtype name="activation" value="-->"/>
    </relation>
    <relation entry1="84" entry2="141" type="PPrel">
        <subtype name="activation" value="-->"/>
    </relation>
    <relation entry1="56" entry2="79" type="PPrel">
        <subtype name="activation" value="-->"/>
    </relation>
    <relation entry1="118" entry2="106" type="PCrel">
        <subtype name="compound" value="106"/>
    </relation>
    <relation entry1="78" entry2="27" type="PCrel">
        <subtype name="compound" value="27"/>
    </relation>
</pathway>
